MaskID,Area(mm^2),Length(mm),Width(mm)
mask_0,162.25,12.5,3.26
mask_1,130.93,11.94,2.75
mask_2,238.67,14.09,4.25
mask_3,176.74,11.17,3.97
mask_4,286.25,13.31,5.4
mask_5,218.24,11.74,4.66
mask_6,194.78,11.6,4.21
mask_7,204.3,12.32,4.16
mask_8,325.41,14.21,5.75
mask_9,246.37,12.41,4.99
mask_10,248.35,13.48,4.63
mask_11,230.53,12.94,4.47
mask_12,241.04,13.28,4.56
mask_13,205.18,11.1,4.64
mask_14,175.64,10.34,4.27
mask_15,247.42,13.76,4.51
MaskID,Area(mm^2),Length(mm),Width(mm)
mask_0,105.68,8.2,3.24
mask_1,190.25,12.11,3.94
mask_2,208.2,11.83,4.42
MaskID,Area(mm^2),Length(mm),Width(mm)
mask_0,285.7,13.77,5.21
mask_1,266.01,14.05,4.75
mask_2,150.84,11.15,3.4
mask_3,219.37,12.66,4.35
mask_4,182.96,11.5,3.99
mask_5,279.89,13.1,5.37
mask_6,245.16,13.92,4.42
mask_7,294.03,13.73,5.38
mask_8,247.75,12.05,5.16
mask_9,273.82,13.17,5.22
mask_10,202.87,12.39,4.11
mask_11,224.46,11.2,5.03
mask_12,266.67,12.93,5.18
mask_13,255.01,12.1,5.29
mask_14,241.5,13.95,4.35
mask_15,311.44,14.11,5.54
mask_16,242.74,12.66,4.81
mask_17,161.84,12.43,3.27
mask_18,348.67,14.32,6.11
mask_19,281.11,14.28,4.94
mask_20,162.17,10.38,3.92
mask_21,239.22,11.08,5.42
mask_22,259.41,12.91,5.04
mask_23,221.29,11.95,4.65
mask_24,195.55,11.25,4.36
mask_25,245.55,11.75,5.25
mask_26,255.83,12.53,5.13
mask_27,258.53,14.69,4.42
mask_28,310.01,12.81,6.07
mask_29,257.4,11.64,5.55
mask_30,217.0,11.82,4.61
mask_31,237.77,14.56,4.1
mask_32,214.06,10.69,5.02
mask_33,248.79,17.17,3.64
mask_34,173.41,10.59,4.11
mask_35,153.7,13.17,2.93
mask_36,266.17,11.95,5.59
mask_37,157.96,11.87,3.34
mask_38,312.18,15.59,5.03
mask_39,207.21,12.07,4.31
mask_40,231.91,10.57,5.5
mask_41,148.2,8.79,4.23
mask_42,230.7,11.77,4.92
mask_43,159.42,10.85,3.69
mask_44,206.94,9.62,5.4
mask_45,216.09,10.8,5.02
mask_46,139.51,8.81,3.97
mask_47,254.35,11.98,5.33
mask_48,213.04,12.51,4.27
mask_49,290.37,12.89,5.65
mask_50,159.09,12.71,3.14
mask_51,278.85,13.24,5.29
mask_52,133.49,11.04,3.03
mask_53,245.27,15.93,3.86
mask_54,289.13,14.14,5.13
mask_55,267.88,12.65,5.32
mask_56,247.86,13.81,4.51
mask_57,210.04,11.84,4.45
mask_58,247.58,11.8,5.26
mask_59,246.1,11.83,5.22
mask_60,261.5,12.36,5.31
mask_61,213.76,12.27,4.37
mask_62,218.71,12.1,4.54
mask_63,251.76,11.96,5.29
mask_64,170.14,11.71,3.65
mask_65,185.49,12.0,3.88
mask_66,292.52,15.33,4.79
mask_67,179.44,9.69,4.65
mask_68,139.04,8.73,4.0
mask_69,129.41,7.93,4.1
mask_70,328.82,15.19,5.43
mask_71,163.21,10.42,3.93
mask_72,241.62,11.45,5.3
mask_73,150.23,10.12,3.73
mask_74,155.79,10.19,3.84
mask_75,298.62,13.35,5.62
mask_76,277.28,14.82,4.7
mask_77,226.38,11.88,4.78
mask_78,227.45,13.51,4.23
mask_79,273.76,13.8,4.98
mask_80,306.46,12.44,6.18
mask_81,139.26,8.56,4.09
mask_82,158.21,12.45,3.19
mask_83,230.31,13.11,4.41
mask_84,178.78,10.7,4.19
mask_85,180.76,10.54,4.31
mask_86,246.56,12.38,5.0
mask_87,267.99,13.91,4.84
mask_88,260.01,12.88,5.07
mask_89,297.0,14.44,5.16
mask_90,133.68,8.63,3.89
mask_91,189.06,12.14,3.91
mask_92,112.61,6.6,3.6
mask_93,202.65,14.66,3.47
mask_94,184.55,13.1,3.54
mask_95,105.79,10.84,2.45
mask_96,176.85,11.06,4.01
mask_97,278.71,13.51,5.18
mask_98,221.29,12.94,4.29
mask_99,146.16,10.97,3.34
mask_100,223.05,13.35,4.2
mask_101,199.35,14.73,3.4
mask_102,106.7,9.99,2.68
mask_103,242.52,12.33,4.94
mask_104,157.25,8.22,4.8
mask_105,289.13,15.23,4.77
mask_106,186.92,11.49,4.08
mask_107,177.84,12.12,3.68
mask_108,216.23,12.92,4.2
mask_109,213.92,10.92,4.92
mask_110,169.26,10.91,3.9
mask_111,180.43,10.63,4.26
mask_112,172.62,11.03,3.93
mask_113,259.35,13.8,4.72
mask_114,272.17,11.96,5.71
mask_115,155.73,10.84,3.61
mask_116,172.23,10.97,3.94
mask_117,232.46,13.51,4.32
mask_118,188.18,12.24,3.86
mask_119,93.53,6.95,3.38
mask_120,137.25,8.98,3.84
mask_121,107.03,9.76,2.75
mask_122,188.62,10.64,4.45
mask_123,160.35,9.56,4.21
mask_124,219.48,13.09,4.21
mask_125,224.18,11.96,4.71
mask_126,260.34,15.13,4.32
mask_127,232.76,11.77,4.96
mask_128,112.03,8.79,3.2
MaskID,Area(mm^2),Length(mm),Width(mm)
mask_0,210.57,12.7,4.16
mask_1,253.03,12.69,5.0
mask_2,192.42,11.22,4.3
mask_3,136.43,11.69,2.93
mask_4,290.26,11.69,6.23
mask_5,267.74,12.93,5.2
mask_6,140.09,9.41,3.74
mask_7,288.78,13.1,5.53
mask_8,314.13,13.5,5.84
mask_9,255.83,13.07,4.91
mask_10,230.04,13.7,4.22
mask_11,285.31,14.11,5.08
mask_12,326.37,13.6,6.03
mask_13,256.44,11.76,5.47
mask_14,335.5,14.54,5.79
mask_15,176.03,11.93,3.7
mask_16,192.25,11.32,4.26
mask_17,138.9,11.79,2.96
mask_18,237.22,12.59,4.73
mask_19,159.14,11.01,3.63
mask_20,294.22,14.06,5.25
mask_21,218.38,14.22,3.86
mask_22,254.57,12.92,4.95
mask_23,223.05,14.29,3.92
mask_24,235.1,12.4,4.76
mask_25,203.14,13.0,3.92
mask_26,263.97,11.69,5.67
mask_27,342.4,15.25,5.64
mask_28,323.95,15.46,5.26
mask_29,296.59,15.2,4.9
mask_30,185.54,10.37,4.49
mask_31,206.5,11.3,4.59
mask_32,140.17,11.54,3.05
mask_33,209.25,13.37,3.93
mask_34,257.37,13.13,4.92
mask_35,318.92,15.65,5.12
mask_36,320.35,14.32,5.61
mask_37,347.85,18.82,4.64
mask_38,263.26,13.64,4.84
mask_39,406.26,16.28,6.26
mask_40,262.54,10.16,6.49
mask_41,166.4,10.05,4.16
mask_42,231.52,12.53,4.64
mask_43,414.23,15.69,6.63
mask_44,226.13,12.13,4.68
mask_45,397.73,17.2,5.81
mask_46,115.25,10.26,2.82
mask_47,231.03,12.3,4.72
mask_48,270.57,12.07,5.63
mask_49,235.04,12.85,4.59
mask_50,221.1,11.91,4.66
mask_51,204.41,10.62,4.83
mask_52,182.63,9.55,4.8
mask_53,212.88,11.06,4.83
mask_54,170.58,12.44,3.44
mask_55,329.78,13.11,6.31
mask_56,148.09,11.81,3.15
mask_57,173.83,9.41,4.64
mask_58,268.92,12.34,5.47
mask_59,227.07,11.67,4.88
mask_60,259.3,12.29,5.3
mask_61,173.63,11.07,3.94
mask_62,252.92,13.05,4.86
mask_63,214.53,13.32,4.04
mask_64,310.56,12.77,6.1
mask_65,207.65,10.94,4.76
mask_66,366.49,15.84,5.81
mask_67,244.12,13.61,4.5
mask_68,224.21,12.51,4.5
mask_69,169.92,10.18,4.19
mask_70,176.0,10.17,4.34
mask_71,294.94,15.82,4.68
mask_72,151.28,12.3,3.09
mask_73,130.27,8.91,3.67
mask_74,239.22,11.97,5.02
mask_75,233.72,13.53,4.34
mask_76,211.83,10.0,5.32
mask_77,218.62,14.41,3.81
mask_78,255.03,11.61,5.52
mask_79,223.11,10.88,5.15
mask_80,254.95,13.08,4.89
mask_81,314.85,12.46,6.34
mask_82,144.9,7.37,4.94
mask_83,207.21,10.3,5.05
mask_84,285.31,12.76,5.61
mask_85,252.31,11.87,5.33
mask_86,272.55,12.8,5.34
mask_87,287.24,13.47,5.35
mask_88,209.08,12.63,4.15
mask_89,214.75,12.09,4.46
mask_90,291.17,12.05,6.07
mask_91,210.02,11.24,4.69
mask_92,267.0,11.19,5.99
mask_93,140.53,9.1,3.87
mask_94,239.28,13.59,4.42
mask_95,304.51,15.21,5.03
mask_96,191.37,12.28,3.91
mask_97,154.85,9.36,4.15
mask_98,250.11,14.54,4.32
mask_99,168.22,11.46,3.68
mask_100,294.52,11.56,6.39
mask_101,193.52,11.16,4.35
mask_102,193.68,12.16,4.0
mask_103,273.1,14.18,4.83
mask_104,229.6,13.0,4.43
mask_105,160.41,9.79,4.11
mask_106,258.64,13.0,4.99
mask_107,162.83,10.99,3.72
mask_108,257.48,12.65,5.11
mask_109,192.61,9.48,5.1
mask_110,219.26,12.28,4.48
mask_111,160.41,10.01,4.02
mask_112,294.39,13.88,5.32
mask_113,192.91,11.05,4.38
mask_114,185.49,11.0,4.23
mask_115,135.05,10.25,3.31
mask_116,106.86,10.51,2.55
mask_117,251.35,11.6,5.44
mask_118,75.62,9.66,1.96
mask_119,241.15,11.22,5.39
mask_120,232.46,10.52,5.55
mask_121,161.09,11.23,3.6
mask_122,200.5,11.69,4.3
mask_123,195.61,9.94,4.94
mask_124,232.27,12.78,4.56
mask_125,224.15,12.37,4.55
mask_126,169.95,11.96,3.57
mask_127,236.36,13.14,4.52
mask_128,190.55,10.78,4.44
mask_129,267.0,12.3,5.45
mask_130,163.21,8.58,4.77
mask_131,134.28,9.76,3.45
mask_132,136.37,10.51,3.26
mask_133,301.07,13.48,5.61
MaskID,Area(mm^2),Length(mm),Width(mm)
mask_0,172.73,10.72,4.04
mask_1,204.24,11.64,4.41
mask_2,139.4,10.86,3.22
mask_3,110.69,11.76,2.36
mask_4,123.01,8.89,3.47
MaskID,Area(mm^2),Length(mm),Width(mm)
mask_0,293.98,13.23,5.58
mask_1,376.94,14.03,6.74
mask_2,330.08,13.72,6.04
mask_3,303.66,13.79,5.53
mask_4,347.74,15.3,5.71
mask_5,260.92,16.07,4.07
mask_6,238.56,12.41,4.82
mask_7,192.64,11.8,4.1
mask_8,314.63,13.6,5.81
mask_9,203.88,14.62,3.5
mask_10,198.52,10.64,4.68
mask_11,250.72,12.89,4.88
mask_12,269.17,14.04,4.81
mask_13,182.96,11.73,3.92
mask_14,282.07,13.34,5.31
mask_15,200.39,12.97,3.88
mask_16,267.6,12.99,5.17
mask_17,161.84,10.19,3.99
mask_18,196.93,12.9,3.83
mask_19,246.76,14.14,4.38
mask_20,281.08,12.99,5.43
mask_21,233.34,13.5,4.34
mask_22,304.92,14.25,5.37
mask_23,290.59,14.08,5.18
mask_24,169.7,10.27,4.15
mask_25,282.62,11.23,6.32
mask_26,264.38,13.54,4.9
mask_27,216.78,12.93,4.21
mask_28,208.59,11.55,4.53
mask_29,188.68,10.94,4.33
mask_30,187.16,10.02,4.69
mask_31,188.38,11.53,4.1
mask_32,181.5,13.49,3.38
mask_33,239.88,13.62,4.42
mask_34,178.34,9.98,4.49
mask_35,233.34,11.8,4.96
mask_36,211.94,11.33,4.7
mask_37,349.83,17.02,5.16
mask_38,317.76,14.42,5.53
mask_39,256.38,13.64,4.72
mask_40,318.31,13.95,5.73
mask_41,249.31,12.58,4.98
mask_42,120.04,8.88,3.39
mask_43,220.5,11.04,5.02
mask_44,272.63,14.19,4.82
mask_45,274.2,10.95,6.28
mask_46,255.67,12.22,5.25
mask_47,243.62,16.5,3.71
mask_48,138.41,11.7,2.97
mask_49,190.11,11.38,4.19
mask_50,189.45,13.06,3.64
mask_51,190.11,9.22,5.18
mask_52,202.46,10.86,4.68
mask_53,172.67,10.15,4.27
mask_54,217.75,11.88,4.6
mask_55,170.69,10.6,4.04
mask_56,219.81,10.75,5.13
mask_57,268.32,13.88,4.85
mask_58,240.05,11.86,5.08
mask_59,134.5,8.22,4.11
mask_60,227.67,12.17,4.7
mask_61,201.66,12.8,3.95
mask_62,125.02,9.9,3.17
mask_63,280.8,12.55,5.62
mask_64,190.27,10.83,4.41
mask_65,256.93,12.45,5.18
mask_66,263.26,14.83,4.46
mask_67,260.89,15.62,4.19
mask_68,284.65,14.52,4.92
mask_69,240.65,13.56,4.45
mask_70,215.13,11.26,4.79
mask_71,207.27,12.13,4.29
mask_72,212.93,11.19,4.78
mask_73,164.89,11.31,3.66
mask_74,168.49,8.75,4.83
mask_75,303.19,14.56,5.23
mask_76,258.12,10.91,5.94
mask_77,188.24,10.11,4.67
mask_78,296.31,13.34,5.58
mask_79,250.0,12.63,4.97
mask_80,126.36,10.68,2.97
mask_81,198.5,9.36,5.32
mask_82,209.58,12.6,4.17
mask_83,185.27,10.62,4.38
mask_84,236.8,11.39,5.22
mask_85,211.45,13.23,4.01
mask_86,209.63,11.83,4.45
mask_87,222.34,13.24,4.22
mask_88,178.83,10.42,4.31
mask_89,160.24,9.46,4.25
mask_90,241.15,11.27,5.37
mask_91,206.83,14.28,3.64
mask_92,131.92,11.3,2.93
mask_93,270.46,11.55,5.88
mask_94,203.47,9.36,5.45
mask_95,133.02,8.65,3.86
mask_96,123.06,8.02,3.85
mask_97,215.57,11.48,4.71
mask_98,310.06,12.93,6.02
mask_99,165.41,11.63,3.57
mask_100,230.23,11.38,5.08
mask_101,200.39,13.6,3.7
mask_102,205.67,13.2,3.91
mask_103,214.25,10.9,4.93
mask_104,211.28,11.55,4.59
mask_105,132.41,6.82,4.47
mask_106,172.73,10.54,4.11
mask_107,49.58,5.91,2.11
mask_108,175.09,13.4,3.28
mask_109,214.86,12.26,4.4
mask_110,211.2,13.09,4.05
MaskID,Area(mm^2),Length(mm),Width(mm)
mask_0,308.52,17.74,4.37
mask_1,297.41,14.02,5.32
mask_2,316.44,15.09,5.27
mask_3,262.19,12.08,5.45
mask_4,261.28,13.81,4.75
mask_5,235.15,12.28,4.81
mask_6,159.09,9.17,4.35
mask_7,277.56,13.85,5.03
mask_8,252.48,12.41,5.11
mask_9,197.15,10.48,4.72
mask_10,223.22,12.72,4.41
mask_11,221.32,12.83,4.33
mask_12,273.27,13.64,5.03
mask_13,199.62,10.58,4.74
mask_14,229.1,11.22,5.13
mask_15,235.81,13.4,4.42
mask_16,180.43,11.82,3.83
mask_17,223.88,11.65,4.82
mask_18,199.07,10.6,4.71
mask_19,156.94,9.54,4.13
mask_20,205.67,12.97,3.98
mask_21,293.78,12.24,6.03
mask_22,233.17,11.96,4.9
mask_23,325.38,16.46,4.96
mask_24,203.0,11.43,4.46
mask_25,310.12,13.99,5.56
mask_26,160.46,9.14,4.41
mask_27,234.33,11.87,4.96
mask_28,199.73,11.42,4.39
mask_29,229.43,11.98,4.81
mask_30,249.01,13.15,4.75
mask_31,248.19,12.39,5.03
mask_32,233.83,11.87,4.95
mask_33,225.86,10.8,5.25
mask_34,219.31,11.2,4.91
mask_35,133.87,10.87,3.09
mask_36,199.57,12.56,3.99
mask_37,262.27,12.11,5.43
mask_38,212.49,13.28,4.02
mask_39,189.83,11.02,4.32
mask_40,258.42,12.84,5.05
mask_41,255.83,13.4,4.79
mask_42,191.37,11.72,4.1
mask_43,197.15,13.02,3.8
mask_44,296.15,14.82,5.02
mask_45,201.88,10.81,4.69
mask_46,124.38,11.25,2.78
mask_47,198.3,9.91,5.02
mask_48,221.62,11.34,4.9
mask_49,212.03,10.1,5.27
mask_50,129.61,10.24,3.18
mask_51,228.66,12.63,4.54
mask_52,210.84,10.31,5.13
mask_53,225.53,12.14,4.66
mask_54,150.07,10.73,3.51
mask_55,188.68,10.94,4.33
mask_56,185.82,10.81,4.32
mask_57,213.37,11.11,4.82
mask_58,112.17,8.14,3.46
mask_59,165.25,11.02,3.76
mask_60,246.21,12.87,4.8
mask_61,244.81,11.29,5.44
mask_62,172.23,10.61,4.08
mask_63,230.64,12.13,4.77
mask_64,173.66,9.82,4.44
mask_65,225.36,11.64,4.86
mask_66,189.83,11.34,4.2
mask_67,236.42,11.16,5.32
mask_68,258.25,14.52,4.47
mask_69,237.41,11.6,5.14
mask_70,212.93,11.94,4.48
mask_71,188.07,11.02,4.28
mask_72,219.48,12.98,4.25
mask_73,197.37,10.56,4.69
mask_74,233.94,12.11,4.85
mask_75,135.38,9.0,3.77
mask_76,248.19,13.82,4.51
mask_77,277.92,11.99,5.82
mask_78,99.52,7.94,3.15
mask_79,150.07,9.53,3.95
mask_80,153.15,9.64,3.99
mask_81,263.56,13.89,4.76
mask_82,175.45,13.18,3.34
mask_83,294.83,14.16,5.23
mask_84,209.96,10.02,5.26
mask_85,231.85,11.52,5.05
mask_86,141.21,9.36,3.79
mask_87,283.28,14.84,4.79
mask_88,257.76,13.88,4.66
mask_89,175.81,10.28,4.29
mask_90,252.5,14.6,4.34
mask_91,139.23,7.7,4.54
mask_92,114.15,9.05,3.17
mask_93,184.5,9.03,5.13
mask_94,285.48,13.45,5.33
mask_95,226.08,12.01,4.73
mask_96,123.34,9.02,3.43
mask_97,226.35,12.76,4.45
mask_98,174.87,12.59,3.49
mask_99,172.07,10.27,4.2
mask_100,163.98,9.99,4.12
mask_101,217.5,10.61,5.15
mask_102,200.83,11.86,4.25
mask_103,169.43,10.21,4.16
mask_104,212.22,12.93,4.12
mask_105,197.01,11.57,4.27
mask_106,281.24,13.2,5.35
mask_107,138.74,8.85,3.93
mask_108,184.97,10.7,4.34
mask_109,163.76,10.88,3.78
mask_110,180.92,10.43,4.35
mask_111,217.44,12.19,4.48
mask_112,260.73,12.55,5.22
mask_113,204.0,10.92,4.69
mask_114,211.01,12.47,4.25
mask_115,138.9,9.19,3.79
mask_116,140.39,9.87,3.57
mask_117,171.3,12.27,3.5
mask_118,143.74,8.45,4.27
mask_119,198.58,10.39,4.8
mask_120,225.36,11.17,5.06
mask_121,186.92,13.0,3.61
mask_122,243.9,11.87,5.16
mask_123,174.93,10.52,4.17
mask_124,227.62,11.35,5.03
mask_125,157.11,8.85,4.46
mask_126,192.12,11.4,4.23
mask_127,213.65,10.58,5.07
mask_128,230.04,10.83,5.33
mask_129,212.66,11.24,4.75
mask_130,161.95,8.79,4.63
mask_131,118.44,8.54,3.48
mask_132,236.91,13.68,4.35
mask_133,155.57,10.58,3.69
mask_134,280.39,13.1,5.37
mask_135,246.04,11.93,5.18
mask_136,185.96,15.6,2.99
mask_137,146.6,10.13,3.63
mask_138,196.71,11.4,4.33
mask_139,236.78,11.83,5.02
mask_140,140.5,9.07,3.89
mask_141,99.63,6.35,3.94
mask_142,266.28,13.31,5.02
mask_143,266.61,13.4,4.99
mask_144,253.3,13.6,4.68
mask_145,194.29,14.53,3.36
mask_146,197.86,10.35,4.8
mask_147,212.16,10.9,4.89
mask_148,220.03,12.12,4.56
mask_149,221.57,12.52,4.44
mask_150,203.75,11.17,4.58
mask_151,216.51,12.99,4.18
mask_152,155.79,10.41,3.75
mask_153,258.31,13.2,4.91
mask_154,226.0,13.06,4.34
mask_155,109.15,8.43,3.25
mask_156,190.93,11.37,4.22
mask_157,209.03,10.54,4.98
mask_158,234.27,12.59,4.67
mask_159,183.67,9.16,5.03
mask_160,142.48,7.93,4.51
mask_161,213.76,11.52,4.66
mask_162,161.73,10.4,3.9
mask_163,223.27,13.36,4.2
mask_164,203.58,9.78,5.23
mask_165,188.84,10.42,4.55
mask_166,234.38,13.43,4.38
mask_167,224.87,11.23,5.03
mask_168,95.59,8.5,2.82
mask_169,183.92,10.27,4.5
mask_170,211.12,12.37,4.28
mask_171,269.36,17.17,3.94
mask_172,149.02,10.03,3.73
mask_173,176.14,10.77,4.1
mask_174,188.68,10.02,4.73
mask_175,160.57,12.56,3.21
mask_176,312.62,13.45,5.84
mask_177,184.66,9.75,4.76
mask_178,103.7,6.95,3.75
mask_179,207.76,10.23,5.1
mask_180,252.7,14.63,4.34
mask_181,209.91,13.24,3.98
mask_182,191.62,12.18,3.95
mask_183,165.8,10.11,4.12
mask_184,204.85,11.42,4.5
mask_185,176.3,9.2,4.81
mask_186,309.35,14.86,5.23
mask_187,246.18,14.6,4.23
mask_188,208.2,11.58,4.51
mask_189,174.05,9.54,4.58
mask_190,336.24,14.91,5.66
mask_191,121.47,9.7,3.14
mask_192,146.35,11.76,3.12
mask_193,151.22,8.77,4.33
mask_194,212.57,12.2,4.37
mask_195,226.13,15.1,3.76
mask_196,251.98,13.63,4.64
mask_197,282.95,14.34,4.95
mask_198,190.16,12.5,3.82
mask_199,213.98,11.12,4.83
mask_200,218.43,13.26,4.13
mask_201,205.73,10.77,4.79
mask_202,102.05,8.45,3.03
mask_203,219.62,10.47,5.26
mask_204,127.74,8.04,3.99
mask_205,102.25,7.79,3.29
mask_206,288.28,13.5,5.36
mask_207,144.68,8.87,4.1
mask_208,212.82,10.37,5.15
mask_209,166.29,10.5,3.98
mask_210,207.76,10.96,4.76
mask_211,219.59,11.04,4.99
mask_212,222.45,12.29,4.54
mask_213,195.61,11.22,4.38
mask_214,146.16,9.41,3.9
mask_215,229.82,11.52,5.01
mask_216,184.39,12.57,3.68
mask_217,204.57,12.76,4.02
mask_218,206.06,10.66,4.85
mask_219,141.68,9.1,3.91
mask_220,300.6,16.41,4.6
mask_221,142.59,8.61,4.16
mask_222,169.76,12.05,3.54
mask_223,221.68,12.31,4.52
mask_224,157.93,9.04,4.39
mask_225,160.24,10.93,3.68
mask_226,160.68,11.1,3.63
mask_227,176.96,11.21,3.96
mask_228,200.67,11.77,4.28
mask_229,234.35,11.28,5.22
mask_230,207.71,11.49,4.54
mask_231,155.13,12.29,3.17
mask_232,216.73,11.7,4.65
mask_233,202.59,11.18,4.55
mask_234,211.56,11.01,4.82
mask_235,163.27,11.09,3.69
mask_236,137.2,11.35,3.03
mask_237,198.52,11.26,4.43
mask_238,191.92,11.04,4.36
mask_239,205.4,11.09,4.65
mask_240,244.34,12.94,4.74
mask_241,168.11,8.93,4.73
mask_242,292.19,13.87,5.29
mask_243,161.51,10.49,3.86
mask_244,195.0,13.62,3.59
mask_245,158.92,10.1,3.95
mask_246,157.44,8.72,4.53
mask_247,175.4,12.68,3.47
mask_248,257.48,12.02,5.38
mask_249,131.15,9.02,3.65
mask_250,159.64,9.9,4.05
mask_251,106.78,7.51,3.57
mask_252,243.95,12.47,4.91
mask_253,112.23,8.37,3.37
mask_254,152.82,13.12,2.92
mask_255,193.24,12.61,3.85
mask_256,251.65,13.51,4.68
MaskID,Area(mm^2),Length(mm),Width(mm)
mask_0,382.33,14.76,6.5
mask_1,314.52,14.32,5.51
mask_2,345.84,14.26,6.09
mask_3,388.44,16.75,5.82
mask_4,341.63,15.11,5.68
mask_5,372.6,15.42,6.07
mask_6,371.72,15.09,6.18
mask_7,402.13,15.69,6.44
mask_8,361.1,14.35,6.32
mask_9,392.98,15.25,6.47
mask_10,295.82,14.73,5.04
mask_11,349.83,15.25,5.76
mask_12,320.18,13.89,5.79
mask_13,362.09,15.0,6.06
mask_14,364.84,14.21,6.44
mask_15,416.32,15.74,6.64
mask_16,384.86,17.25,5.6
mask_17,426.69,16.11,6.65
mask_18,383.21,16.33,5.89
mask_19,388.91,16.28,6.0
mask_20,339.82,13.99,6.1
mask_21,295.54,15.37,4.83
mask_22,353.57,16.14,5.5
mask_23,358.57,13.92,6.47
mask_24,351.73,15.18,5.82
mask_25,310.06,13.67,5.7
mask_26,345.48,14.8,5.86
mask_27,353.95,16.17,5.5
mask_28,354.56,15.69,5.67
mask_29,318.09,13.55,5.89
mask_30,449.98,17.69,6.39
mask_31,348.48,15.84,5.52
mask_32,368.09,15.59,5.93
mask_33,361.87,14.48,6.27
mask_34,308.99,15.79,4.91
mask_35,395.64,16.43,6.05
mask_36,357.83,14.3,6.28
mask_37,324.31,14.4,5.65
mask_38,406.26,17.03,5.99
mask_39,354.14,14.63,6.08
mask_40,382.17,15.85,6.05
mask_41,331.98,14.21,5.86
mask_42,322.99,13.96,5.81
mask_43,415.63,17.54,5.95
mask_44,436.73,17.68,6.2
mask_45,356.7,15.85,5.65
mask_46,472.81,16.04,7.4
mask_47,290.7,15.69,4.65
mask_48,321.67,16.37,4.93
mask_49,357.36,15.22,5.89
mask_50,305.61,15.47,4.96
mask_51,380.9,16.83,5.68
mask_52,325.46,16.99,4.81
mask_53,342.68,16.8,5.12
mask_54,330.14,13.73,6.04
mask_55,392.4,15.74,6.26
mask_56,350.3,15.91,5.53
mask_57,369.93,16.69,5.56
mask_58,323.35,15.1,5.38
mask_59,334.98,16.24,5.18
mask_60,325.35,14.73,5.54
mask_61,338.94,15.2,5.6
mask_62,335.39,13.82,6.09
mask_63,339.16,15.03,5.66
mask_64,345.54,14.63,5.93
mask_65,303.63,13.45,5.67
mask_66,329.09,14.37,5.75
mask_67,370.92,15.13,6.15
mask_68,389.54,15.63,6.26
mask_69,407.19,16.6,6.16
mask_70,343.42,15.33,5.62
mask_71,359.75,14.64,6.17
mask_72,384.7,16.05,6.02
mask_73,350.71,13.82,6.37
mask_74,386.76,16.05,6.05
mask_75,373.37,15.33,6.11
mask_76,326.1,15.25,5.37
mask_77,379.64,16.37,5.82
mask_78,319.25,13.24,6.05
mask_79,378.15,16.84,5.64
mask_80,375.02,15.48,6.08
mask_81,359.15,15.54,5.8
mask_82,342.13,14.37,5.98
mask_83,400.92,17.54,5.74
mask_84,349.88,13.18,6.67
mask_85,354.72,15.71,5.67
mask_86,326.18,14.21,5.76
mask_87,358.11,14.55,6.18
mask_88,320.84,15.7,5.13
mask_89,347.9,15.87,5.5
mask_90,337.84,15.19,5.58
mask_91,418.36,15.87,6.62
mask_92,363.63,13.81,6.61
mask_93,407.69,16.24,6.3
mask_94,342.46,14.23,6.04
mask_95,392.26,15.8,6.23
mask_96,324.97,12.84,6.35
mask_97,342.46,13.99,6.14
mask_98,375.7,18.09,5.21
mask_99,396.14,16.51,6.02
mask_100,372.74,15.92,5.88
mask_101,320.13,13.99,5.74
mask_102,300.02,14.96,5.03
mask_103,360.88,14.68,6.17
mask_104,357.64,15.79,5.69
mask_105,392.89,18.43,5.35
mask_106,365.5,16.01,5.73
mask_107,410.33,16.7,6.17
mask_108,323.01,14.79,5.48
mask_109,259.35,14.43,4.51
mask_110,317.05,11.36,7.0
mask_111,351.86,18.11,4.88
mask_112,312.4,14.4,5.45
mask_113,308.22,14.23,5.44
mask_114,266.89,12.47,5.37
mask_115,340.67,14.45,5.92
mask_116,380.11,15.78,6.04
mask_117,294.72,15.7,4.71
mask_118,370.45,15.74,5.91
mask_119,312.81,13.36,5.88
mask_120,309.79,14.99,5.19
mask_121,393.63,15.55,6.36
mask_122,368.23,15.72,5.88
mask_123,323.32,13.56,5.99
mask_124,373.31,15.41,6.08
mask_125,378.04,16.02,5.92
mask_126,388.49,15.43,6.32
mask_127,286.08,14.0,5.13
mask_128,359.01,14.91,6.04
mask_129,364.65,15.8,5.79
mask_130,343.45,14.69,5.87
mask_131,342.62,14.42,5.97
mask_132,304.59,12.53,6.1
mask_133,394.27,16.89,5.86
mask_134,351.59,13.88,6.36
mask_135,309.73,14.8,5.25
mask_136,387.31,16.14,6.02
mask_137,399.05,15.69,6.38
mask_138,371.52,15.66,5.96
mask_139,357.64,16.06,5.59
mask_140,320.29,15.27,5.27
mask_141,357.25,15.5,5.79
mask_142,388.27,15.95,6.11
mask_143,325.79,16.21,5.05
mask_144,332.12,14.74,5.66
mask_145,291.2,12.09,6.05
mask_146,351.01,13.31,6.62
mask_147,331.4,13.8,6.03
mask_148,387.5,16.96,5.73
mask_149,321.75,12.64,6.39
mask_150,297.63,14.39,5.19
mask_151,380.13,15.62,6.11
mask_152,350.85,16.93,5.2
mask_153,303.63,14.42,5.28
mask_154,278.93,16.63,4.21
mask_155,332.23,15.8,5.28
mask_156,359.4,15.44,5.84
mask_157,352.77,14.73,6.01
mask_158,353.35,17.15,5.17
mask_159,345.98,14.08,6.17
mask_160,310.39,15.39,5.06
mask_161,327.91,14.78,5.57
mask_162,393.5,16.17,6.11
mask_163,356.15,15.89,5.63
mask_164,375.51,15.89,5.93
mask_165,397.62,15.05,6.63
mask_166,428.42,15.85,6.79
mask_167,292.08,13.24,5.54
mask_168,343.23,16.04,5.37
mask_169,392.01,15.7,6.27
mask_170,322.46,18.27,4.43
mask_171,313.53,13.56,5.81
mask_172,339.27,17.36,4.91
mask_173,265.13,14.92,4.46
mask_174,246.87,15.03,4.12
mask_175,406.2,15.29,6.67
mask_176,341.19,14.04,6.1
mask_177,375.9,16.21,5.82
mask_178,317.43,13.91,5.73
mask_179,359.62,15.52,5.82
mask_180,335.2,15.71,5.36
mask_181,449.87,19.55,5.78
mask_182,285.15,14.34,4.99
mask_183,359.26,14.98,6.02
mask_184,316.25,16.5,4.81
mask_185,268.98,12.38,5.45
mask_186,265.13,12.24,5.44
mask_187,238.18,14.34,4.17
mask_188,280.53,15.08,4.67
mask_189,343.69,13.79,6.26
mask_190,214.14,11.72,4.59
mask_191,178.75,10.34,4.34
mask_192,302.42,13.37,5.68
mask_193,263.06,12.46,5.3
MaskID,Area(mm^2),Length(mm),Width(mm)
mask_0,231.58,14.4,4.04
mask_1,204.02,11.94,4.29
mask_2,166.24,11.0,3.79
mask_3,183.95,10.24,4.51
mask_4,193.08,11.35,4.27
mask_5,168.49,9.75,4.34
mask_6,142.31,9.7,3.68
mask_7,185.07,10.26,4.53
mask_8,140.63,9.23,3.83
mask_9,281.32,12.76,5.54
MaskID,Area(mm^2),Length(mm),Width(mm)
mask_0,256.88,11.01,5.86
mask_1,242.52,12.5,4.87
mask_2,266.39,12.41,5.39
mask_3,136.48,8.4,4.08
mask_4,251.9,11.6,5.45
mask_5,221.02,11.53,4.81
mask_6,175.48,10.7,4.12
mask_7,248.68,12.13,5.15
mask_8,254.07,13.49,4.73
mask_9,255.61,11.9,5.39
mask_10,270.19,13.18,5.15
mask_11,220.14,13.03,4.24
mask_12,238.23,11.04,5.42
mask_13,242.69,11.68,5.21
mask_14,223.6,12.09,4.64
mask_15,163.32,9.7,4.23
mask_16,213.32,10.43,5.13
mask_17,168.88,11.93,3.55
mask_18,236.69,12.67,4.69
mask_19,284.82,12.68,5.64
mask_20,227.78,13.08,4.37
mask_21,313.03,14.26,5.51
mask_22,213.81,11.81,4.54
mask_23,344.33,16.09,5.37
mask_24,163.54,9.57,4.29
mask_25,222.61,12.36,4.52
mask_26,306.43,15.3,5.03
mask_27,239.39,11.84,5.07
mask_28,180.59,10.81,4.19
mask_29,260.78,14.05,4.66
mask_30,270.24,12.93,5.25
mask_31,265.32,12.77,5.22
mask_32,296.59,15.51,4.8
mask_33,229.05,11.47,5.01
mask_34,185.43,11.08,4.2
mask_35,157.82,9.23,4.29
mask_36,262.1,14.79,4.45
mask_37,181.47,12.94,3.52
mask_38,238.37,13.03,4.59
mask_39,262.19,13.73,4.79
mask_40,338.17,17.27,4.92
mask_41,167.23,9.73,4.31
mask_42,161.51,10.57,3.83
mask_43,201.22,10.46,4.83
mask_44,224.15,11.18,5.03
mask_45,236.8,11.98,4.96
mask_46,128.84,7.9,4.09
mask_47,190.6,11.0,4.35
mask_48,238.45,13.08,4.58
mask_49,199.68,10.49,4.78
mask_50,187.52,10.65,4.42
mask_51,171.24,9.9,4.34
mask_52,262.87,12.27,5.38
mask_53,258.83,10.97,5.92
mask_54,249.23,12.52,5.0
mask_55,248.16,12.13,5.13
mask_56,226.57,11.78,4.83
mask_57,194.45,11.94,4.09
mask_58,283.88,13.47,5.29
mask_59,246.32,12.52,4.94
mask_60,133.4,9.52,3.52
mask_61,245.22,12.51,4.92
mask_62,202.07,14.86,3.41
mask_63,313.8,14.6,5.4
mask_64,192.78,10.23,4.73
mask_65,305.22,15.51,4.94
mask_66,263.97,11.54,5.74
mask_67,259.35,13.45,4.84
mask_68,249.84,11.83,5.3
mask_69,165.58,12.01,3.46
mask_70,223.93,11.62,4.84
mask_71,309.79,12.81,6.07
mask_72,287.51,13.37,5.4
mask_73,217.28,11.14,4.9
mask_74,180.48,10.99,4.12
mask_75,187.8,11.26,4.19
mask_76,272.17,15.84,4.31
mask_77,203.69,9.69,5.28
mask_78,230.59,11.07,5.23
mask_79,206.41,12.92,4.01
mask_80,200.61,10.35,4.87
mask_81,150.95,12.13,3.12
mask_82,277.72,12.82,5.44
mask_83,140.58,9.87,3.57
mask_84,302.61,14.31,5.31
mask_85,234.0,12.77,4.6
mask_86,210.29,11.54,4.57
mask_87,198.85,10.13,4.93
mask_88,260.73,13.16,4.97
mask_89,204.35,10.84,4.73
mask_90,210.51,12.28,4.3
mask_91,256.55,12.92,4.98
mask_92,108.71,8.16,3.35
mask_93,288.83,14.23,5.1
mask_94,176.14,9.95,4.44
mask_95,229.98,12.13,4.76
mask_96,165.3,9.98,4.16
mask_97,222.34,13.18,4.24
mask_98,219.84,12.39,4.45
mask_99,175.5,10.74,4.1
mask_100,211.78,11.83,4.49
mask_101,228.33,12.83,4.47
mask_102,164.53,10.31,4.01
mask_103,149.52,8.65,4.34
mask_104,122.9,8.56,3.6
mask_105,182.85,10.83,4.24
mask_106,240.6,12.47,4.84
mask_107,234.49,13.64,4.31
mask_108,167.61,11.41,3.69
mask_109,177.02,10.92,4.07
mask_110,107.88,9.99,2.71
mask_111,211.72,11.48,4.63
mask_112,186.15,9.13,5.12
mask_113,262.95,13.0,5.08
mask_114,215.85,12.14,4.46
mask_115,113.11,8.96,3.17
mask_116,192.25,11.44,4.22
mask_117,228.72,11.76,4.88
mask_118,179.0,9.64,4.66
mask_119,322.33,14.49,5.58
mask_120,194.34,10.84,4.5
mask_121,278.8,13.81,5.07
mask_122,183.67,11.62,3.97
mask_123,232.9,13.51,4.33
mask_124,245.38,12.63,4.88
mask_125,294.99,14.66,5.05
mask_126,256.22,13.47,4.78
mask_127,236.06,9.4,6.3
mask_128,169.43,11.03,3.86
mask_129,175.64,11.15,3.96
mask_130,166.07,9.89,4.21
mask_131,288.83,13.42,5.4
mask_132,309.13,14.46,5.37
mask_133,211.67,15.32,3.47
mask_134,204.63,9.7,5.3
mask_135,128.56,9.87,3.27
mask_136,98.48,7.81,3.16
mask_137,258.8,11.59,5.6
mask_138,325.08,15.26,5.35
mask_139,199.46,13.11,3.82
mask_140,239.06,13.22,4.54
mask_141,239.44,12.42,4.84
mask_142,178.23,8.66,5.17
mask_143,128.56,9.58,3.37
mask_144,262.76,15.6,4.23
mask_145,182.46,9.91,4.62
mask_146,136.56,10.48,3.27
mask_147,227.01,12.51,4.55
mask_148,191.26,9.5,5.05
mask_149,203.25,11.66,4.38
mask_150,209.72,11.78,4.47
mask_151,134.01,9.44,3.56
mask_152,200.06,12.0,4.19
mask_153,165.63,9.54,4.36
mask_154,182.9,12.46,3.69
mask_155,150.29,9.47,3.98
mask_156,167.45,10.62,3.96
mask_157,247.75,11.24,5.53
mask_158,179.22,8.77,5.13
mask_159,231.14,12.57,4.62
mask_160,180.43,10.55,4.29
mask_161,231.8,11.45,5.08
mask_162,153.53,11.31,3.41
mask_163,251.98,13.64,4.64
mask_164,235.98,16.16,3.67
mask_165,120.86,8.83,3.44
mask_166,221.18,13.08,4.25
mask_167,218.46,11.33,4.84
mask_168,200.06,11.7,4.29
mask_169,321.28,14.74,5.47
mask_170,186.04,13.32,3.51
mask_171,194.56,11.3,4.32
mask_172,175.48,11.76,3.74
mask_173,156.28,9.44,4.16
mask_174,163.62,10.04,4.09
mask_175,146.44,10.73,3.43
mask_176,192.25,10.53,4.58
mask_177,200.01,10.83,4.64
mask_178,258.83,11.16,5.82
mask_179,160.19,10.35,3.89
mask_180,182.68,11.65,3.94
mask_181,155.13,11.75,3.31
mask_182,165.96,11.21,3.72
mask_183,89.57,8.06,2.79
mask_184,183.45,10.04,4.59
mask_185,100.68,7.46,3.39
mask_186,223.82,11.59,4.85
mask_187,111.13,8.92,3.13
mask_188,172.4,9.29,4.66
mask_189,176.8,10.86,4.09
mask_190,290.29,14.14,5.15
mask_191,231.72,12.2,4.77
mask_192,254.18,12.94,4.93
mask_193,134.34,8.48,3.98
mask_194,216.01,11.32,4.79
mask_195,186.75,11.79,3.98
mask_196,167.75,11.27,3.74
mask_197,229.29,14.96,3.85
mask_198,197.7,11.02,4.5
mask_199,204.19,14.01,3.66
mask_200,235.37,11.24,5.25
mask_201,108.16,7.49,3.62
mask_202,143.47,8.98,4.01
mask_203,159.64,10.53,3.81
mask_204,183.01,10.52,4.37
mask_205,228.58,12.54,4.57
mask_206,173.11,10.7,4.06
mask_207,244.17,14.48,4.23
mask_208,120.92,9.62,3.16
mask_209,248.32,13.57,4.59
mask_210,161.51,12.88,3.15
mask_211,179.77,10.18,4.43
mask_212,142.7,8.78,4.08
mask_213,196.43,10.05,4.91
mask_214,177.84,12.07,3.7
mask_215,198.3,13.69,3.64
mask_216,203.64,12.89,3.96
mask_217,226.3,11.59,4.9
mask_218,193.52,11.1,4.38
mask_219,114.92,10.5,2.75
mask_220,169.76,10.05,4.24
mask_221,155.73,10.52,3.71
mask_222,195.55,9.18,5.35
mask_223,157.44,9.14,4.33
mask_224,125.92,9.87,3.2
mask_225,142.2,10.8,3.31
mask_226,252.04,12.69,4.99
mask_227,172.84,12.15,3.57
mask_228,282.84,14.14,5.02
mask_229,193.63,11.38,4.27
mask_230,183.34,10.65,4.32
mask_231,264.58,13.08,5.08
mask_232,144.68,9.0,4.04
mask_233,127.3,8.25,3.87
mask_234,216.23,15.52,3.5
mask_235,102.22,8.87,2.89
mask_236,207.27,11.78,4.42
mask_237,144.62,9.18,3.96
mask_238,206.28,12.08,4.29
mask_239,173.22,10.23,4.25
mask_240,219.2,13.66,4.03
mask_241,253.14,13.88,4.58
mask_242,225.47,12.16,4.65
mask_243,151.39,10.49,3.62
mask_244,146.88,9.83,3.75
mask_245,120.26,7.72,3.91
mask_246,186.78,9.2,5.1
mask_247,177.46,11.63,3.83
mask_248,286.11,15.09,4.76
mask_249,183.78,11.08,4.16
mask_250,120.37,9.46,3.2
mask_251,118.83,9.51,3.14
mask_252,229.65,13.73,4.2
mask_253,233.67,10.95,5.36
mask_254,123.72,9.63,3.23
mask_255,147.1,10.41,3.55
mask_256,191.87,12.25,3.93
mask_257,195.28,12.01,4.08
mask_258,235.87,12.89,4.59
mask_259,205.89,11.38,4.54
mask_260,83.19,7.43,2.81
mask_261,145.61,10.42,3.51
mask_262,153.2,11.2,3.44
mask_263,276.93,13.58,5.12
mask_264,235.26,12.48,4.73
mask_265,109.75,8.63,3.19
mask_266,214.31,12.8,4.2
mask_267,167.75,9.83,4.28
mask_268,179.33,12.2,3.69
mask_269,255.06,12.26,5.22
mask_270,92.1,5.28,4.38
mask_271,241.53,14.21,4.27
mask_272,259.52,12.67,5.14
mask_273,225.5,11.46,4.94
mask_274,178.01,11.28,3.96
mask_275,176.6,11.03,4.02
mask_276,107.88,6.92,3.92
mask_277,98.75,9.13,2.72
mask_278,203.97,11.05,4.63
mask_279,206.61,12.48,4.16
mask_280,165.58,9.2,4.52
mask_281,204.85,10.97,4.69
mask_282,191.51,12.81,3.75
mask_283,314.49,15.52,5.09
mask_284,200.23,9.76,5.15
mask_285,192.47,10.15,4.76
mask_286,168.6,8.65,4.89
mask_287,132.47,8.85,3.76
mask_288,175.84,11.81,3.74
mask_289,254.35,13.68,4.67
mask_290,245.49,12.99,4.74
mask_291,146.05,10.56,3.47
mask_292,96.55,7.75,3.13
mask_293,139.51,9.47,3.7
MaskID,Area(mm^2),Length(mm),Width(mm)
mask_0,219.64,12.11,4.55
mask_1,257.1,12.94,4.99
mask_2,154.69,10.26,3.78
mask_3,293.95,14.38,5.13
mask_4,237.3,12.07,4.93
mask_5,271.4,13.75,4.95
mask_6,225.8,11.45,4.95
mask_7,312.1,16.59,4.72
mask_8,167.25,10.24,4.1
mask_9,241.2,11.31,5.35
mask_10,192.42,11.61,4.16
mask_11,202.1,12.03,4.22
mask_12,252.48,12.95,4.89
mask_13,227.34,12.0,4.76
mask_14,223.77,12.05,4.66
mask_15,224.26,11.34,4.96
mask_16,230.75,13.24,4.38
mask_17,231.03,11.09,5.23
mask_18,192.47,10.53,4.59
mask_19,252.15,13.05,4.85
mask_20,247.25,13.07,4.75
mask_21,110.14,7.16,3.86
mask_22,251.71,12.99,4.87
mask_23,200.17,11.17,4.5
mask_24,221.87,12.54,4.44
mask_25,201.49,9.67,5.23
mask_26,207.38,11.47,4.54
mask_27,201.66,11.63,4.35
mask_28,185.32,10.08,4.62
mask_29,229.62,11.23,5.13
mask_30,302.47,14.7,5.17
mask_31,243.9,11.26,5.44
mask_32,233.17,11.4,5.14
mask_33,255.56,12.3,5.22
mask_34,142.84,9.4,3.82
mask_35,187.36,11.94,3.94
mask_36,341.19,17.19,4.98
mask_37,226.57,11.04,5.15
mask_38,133.57,9.72,3.45
mask_39,206.55,12.69,4.09
mask_40,200.28,11.9,4.22
mask_41,206.77,9.8,5.3
mask_42,178.61,9.59,4.67
mask_43,136.29,8.88,3.85
mask_44,197.15,11.3,4.38
mask_45,253.14,13.99,4.54
mask_46,146.22,8.93,4.11
mask_47,192.42,11.7,4.13
mask_48,239.55,12.0,5.01
mask_49,278.52,13.19,5.3
mask_50,280.86,14.12,4.99
mask_51,236.75,12.62,4.71
mask_52,284.68,14.19,5.04
mask_53,167.17,9.54,4.4
mask_54,244.67,13.64,4.5
mask_55,233.47,13.83,4.24
mask_56,124.71,9.03,3.47
mask_57,258.03,11.47,5.64
mask_58,180.15,10.61,4.26
mask_59,124.77,8.82,3.55
mask_60,150.07,10.44,3.61
mask_61,205.15,10.92,4.72
mask_62,307.2,13.84,5.57
mask_63,174.21,10.88,4.02
mask_64,137.31,9.19,3.75
mask_65,255.06,14.07,4.55
mask_66,229.21,12.52,4.6
mask_67,230.53,13.06,4.43
mask_68,150.45,8.23,4.59
mask_69,203.78,11.28,4.53
mask_70,222.17,11.67,4.78
mask_71,229.43,12.24,4.7
mask_72,214.31,12.3,4.37
mask_73,166.35,11.51,3.63
mask_74,195.11,12.04,4.07
mask_75,217.39,11.81,4.62
mask_76,151.75,10.71,3.56
mask_77,186.92,10.91,4.3
mask_78,166.95,10.86,3.86
mask_79,232.18,9.29,6.27
mask_80,295.57,16.62,4.46
mask_81,172.23,13.54,3.19
mask_82,156.34,10.2,3.85
mask_83,137.97,9.45,3.66
mask_84,222.78,12.1,4.62
mask_85,235.92,11.55,5.13
mask_86,264.8,13.48,4.93
mask_87,256.77,13.74,4.69
mask_88,160.74,9.3,4.34
mask_89,223.13,9.52,5.88
mask_90,248.02,14.64,4.25
mask_91,189.94,11.16,4.27
mask_92,147.81,9.5,3.91
mask_93,221.02,12.92,4.29
mask_94,210.24,12.57,4.2
mask_95,239.28,12.39,4.85
mask_96,217.28,11.12,4.91
mask_97,182.52,9.73,4.71
mask_98,147.04,9.17,4.03
mask_99,243.95,12.37,4.95
mask_100,138.35,8.36,4.15
mask_101,102.55,8.63,2.98
mask_102,178.5,11.05,4.06
mask_103,187.08,9.81,4.79
mask_104,214.64,12.48,4.32
mask_105,206.83,11.02,4.71
mask_106,256.38,12.54,5.13
mask_107,155.1,8.5,4.58
mask_108,221.79,12.39,4.49
mask_109,174.76,10.8,4.06
mask_110,153.04,9.3,4.13
mask_111,148.42,10.06,3.7
mask_112,256.38,12.29,5.23
mask_113,250.99,13.02,4.84
mask_114,287.13,14.0,5.15
mask_115,189.94,11.13,4.28
mask_116,177.07,11.91,3.73
mask_117,252.75,14.21,4.47
mask_118,155.46,8.4,4.65
mask_119,201.0,11.33,4.45
mask_120,141.76,10.33,3.45
mask_121,204.52,10.31,4.98
mask_122,216.84,10.86,5.01
mask_123,194.73,11.99,4.08
mask_124,175.42,8.77,5.02
mask_125,212.88,11.32,4.72
mask_126,184.77,10.91,4.25
mask_127,222.91,11.18,5.0
mask_128,219.7,11.99,4.6
mask_129,233.39,11.75,4.99
mask_130,228.0,14.07,4.07
mask_131,212.93,10.8,4.95
mask_132,235.54,11.8,5.01
mask_133,145.39,8.71,4.19
mask_134,160.63,10.92,3.69
mask_135,231.03,12.73,4.56
mask_136,131.75,7.95,4.16
mask_137,141.38,10.44,3.4
mask_138,234.66,11.67,5.05
mask_139,145.12,9.58,3.8
mask_140,246.43,13.66,4.53
mask_141,218.98,14.94,3.68
mask_142,114.21,9.09,3.15
mask_143,185.87,8.75,5.33
mask_144,158.04,10.9,3.64
mask_145,221.32,13.79,4.03
mask_146,231.19,12.13,4.78
mask_147,266.39,15.12,4.42
mask_148,282.34,13.68,5.18
mask_149,124.82,8.47,3.7
mask_150,217.55,12.49,4.37
mask_151,196.29,10.52,4.68
mask_152,157.52,11.39,3.47
mask_153,269.8,14.4,4.7
mask_154,254.32,10.99,5.81
mask_155,191.02,10.58,4.53
mask_156,155.68,10.04,3.89
mask_157,130.82,9.24,3.55
mask_158,269.06,13.35,5.06
mask_159,184.72,11.68,3.97
mask_160,241.86,13.35,4.55
mask_161,279.15,13.41,5.23
mask_162,189.89,9.82,4.85
mask_163,222.17,11.15,5.0
mask_164,235.65,12.49,4.74
mask_165,155.73,11.48,3.4
mask_166,149.13,9.09,4.12
mask_167,186.81,10.79,4.35
mask_168,259.57,10.4,6.26
mask_169,315.45,14.17,5.59
mask_170,116.9,8.39,3.5
mask_171,139.29,8.3,4.21
mask_172,246.76,12.79,4.84
mask_173,235.56,10.67,5.54
mask_174,122.4,9.94,3.09
mask_175,264.25,15.5,4.28
mask_176,232.07,12.1,4.81
mask_177,254.81,11.37,5.63
mask_178,243.9,13.19,4.64
mask_179,185.93,12.62,3.7
mask_180,119.1,8.5,3.52
mask_181,231.58,11.89,4.89
mask_182,227.23,11.18,5.1
mask_183,257.4,13.27,4.87
mask_184,182.08,10.32,4.43
mask_185,213.98,12.58,4.27
mask_186,139.23,9.86,3.55
mask_187,169.37,11.06,3.84
mask_188,144.46,9.21,3.94
mask_189,205.45,11.21,4.6
mask_190,154.85,9.58,4.06
MaskID,Area(mm^2),Length(mm),Width(mm)
mask_0,283.44,13.12,5.42
mask_1,233.09,12.56,4.66
mask_2,256.49,11.94,5.39
mask_3,241.92,11.49,5.29
mask_4,224.04,11.63,4.84
mask_5,253.36,11.34,5.61
mask_6,178.17,10.02,4.46
mask_7,273.43,12.5,5.49
mask_8,143.03,9.07,3.96
mask_9,296.04,14.26,5.21
mask_10,225.86,12.2,4.65
mask_11,258.8,12.65,5.13
mask_12,289.85,14.51,5.01
mask_13,319.77,15.06,5.33
mask_14,238.45,12.4,4.83
mask_15,219.42,10.22,5.39
mask_16,211.78,11.67,4.55
mask_17,263.45,14.13,4.68
mask_18,239.33,12.02,5.0
mask_19,277.45,13.75,5.07
mask_20,153.04,10.7,3.59
mask_21,198.91,11.25,4.44
mask_22,284.9,12.37,5.78
mask_23,229.27,11.45,5.03
mask_24,215.63,13.36,4.05
mask_25,193.9,9.3,5.23
mask_26,183.45,9.42,4.89
mask_27,245.82,12.22,5.05
mask_28,267.55,13.45,4.99
mask_29,182.41,10.47,4.37
mask_30,150.18,8.52,4.43
mask_31,249.78,13.53,4.63
mask_32,255.28,12.77,5.02
mask_33,223.44,12.91,4.34
mask_34,225.42,12.29,4.6
mask_35,322.99,16.56,4.89
mask_36,192.69,11.49,4.21
mask_37,197.26,10.22,4.85
mask_38,257.32,11.63,5.56
mask_39,145.78,9.45,3.87
mask_40,193.05,10.41,4.66
mask_41,192.64,9.54,5.07
mask_42,253.33,13.61,4.67
mask_43,232.35,13.86,4.21
mask_44,278.22,14.3,4.88
mask_45,120.31,7.91,3.82
mask_46,128.45,9.34,3.45
mask_47,317.65,13.95,5.71
mask_48,188.46,11.78,4.01
mask_49,225.09,13.56,4.17
mask_50,175.92,10.63,4.15
mask_51,247.75,12.52,4.97
mask_52,182.02,10.91,4.19
mask_53,166.79,10.35,4.04
mask_54,235.51,13.27,4.45
mask_55,264.74,12.28,5.41
mask_56,223.82,11.24,5.0
mask_57,256.49,12.2,5.28
mask_58,271.4,14.94,4.56
mask_59,180.81,11.02,4.12
mask_60,237.35,11.87,5.02
mask_61,224.81,12.27,4.6
mask_62,225.8,11.82,4.8
mask_63,199.73,10.94,4.58
mask_64,187.08,9.46,4.96
mask_65,223.82,12.49,4.5
mask_66,186.59,10.06,4.66
mask_67,236.88,11.06,5.38
mask_68,209.91,12.98,4.06
mask_69,201.22,11.37,4.44
mask_70,182.08,10.43,4.38
mask_71,119.43,8.51,3.52
mask_72,182.35,10.6,4.32
mask_73,219.81,10.72,5.15
mask_74,256.38,12.92,4.98
mask_75,244.34,10.71,5.73
mask_76,233.72,10.93,5.37
mask_77,151.99,9.29,4.11
mask_78,221.59,12.05,4.62
mask_79,116.52,8.69,3.37
mask_80,159.31,11.33,3.53
mask_81,281.41,14.71,4.8
mask_82,223.33,13.17,4.26
mask_83,242.63,11.86,5.14
mask_84,137.91,9.13,3.79
mask_85,167.61,10.95,3.84
mask_86,200.17,13.45,3.74
mask_87,237.46,12.99,4.59
mask_88,194.73,11.07,4.41
mask_89,272.0,12.45,5.49
mask_90,152.21,10.94,3.49
mask_91,244.56,14.25,4.31
mask_92,231.5,15.43,3.77
mask_93,216.4,12.8,4.24
mask_94,216.18,11.26,4.82
mask_95,154.19,8.93,4.33
mask_96,243.57,10.44,5.86
mask_97,160.13,10.16,3.96
mask_98,181.97,12.57,3.63
mask_99,221.43,13.42,4.14
mask_100,220.25,12.61,4.38
mask_101,179.22,11.84,3.8
mask_102,226.57,12.09,4.7
mask_103,238.07,13.71,4.36
mask_104,198.58,14.09,3.54
mask_105,165.58,10.94,3.8
mask_106,237.08,11.07,5.38
mask_107,234.71,12.62,4.67
mask_108,246.65,11.76,5.27
mask_109,259.02,13.34,4.88
mask_110,183.34,12.28,3.75
mask_111,260.15,14.73,4.43
mask_112,226.74,10.76,5.29
mask_113,194.45,10.93,4.47
mask_114,272.5,14.13,4.84
mask_115,131.2,8.15,4.04
mask_116,169.26,13.5,3.15
mask_117,133.35,9.37,3.57
mask_118,135.33,9.43,3.6
mask_119,189.06,10.82,4.39
mask_120,222.89,12.96,4.32
mask_121,236.31,10.98,5.4
mask_122,290.98,13.67,5.34
mask_123,115.64,7.83,3.7
mask_124,178.89,9.95,4.51
mask_125,119.87,8.56,3.52
mask_126,201.05,12.67,3.98
mask_127,201.93,12.25,4.14
mask_128,192.42,10.97,4.4
mask_129,193.96,8.58,5.68
mask_130,217.33,12.49,4.37
mask_131,278.0,15.41,4.53
mask_132,287.73,16.68,4.33
mask_133,178.89,9.78,4.59
mask_134,166.9,11.53,3.63
mask_135,224.4,12.89,4.37
mask_136,159.69,10.47,3.83
mask_137,175.15,9.82,4.48
mask_138,164.81,10.07,4.11
mask_139,194.78,10.89,4.49
mask_140,196.6,10.76,4.59
mask_141,204.46,12.3,4.17
mask_142,222.56,11.46,4.87
mask_143,173.0,9.37,4.63
mask_144,209.82,14.71,3.58
mask_145,267.55,13.59,4.94
mask_146,214.14,12.06,4.46
mask_147,145.45,9.36,3.9
mask_148,273.1,12.31,5.57
mask_149,221.02,12.13,4.57
mask_150,162.55,9.71,4.2
mask_151,233.56,11.98,4.89
mask_152,180.04,9.14,4.94
mask_153,169.32,9.25,4.59
mask_154,138.57,9.04,3.85
mask_155,186.26,11.05,4.23
mask_156,188.4,10.59,4.47
mask_157,205.51,11.96,4.31
mask_158,137.58,9.4,3.67
mask_159,99.8,8.78,2.85
mask_160,103.76,7.92,3.29
mask_161,169.04,10.74,3.95
mask_162,186.75,10.6,4.42
mask_163,135.13,8.24,4.12
mask_164,205.89,10.26,5.04
mask_165,200.5,11.46,4.39
mask_166,193.52,10.74,4.52
mask_167,127.57,9.42,3.4
mask_168,170.86,9.61,4.46
mask_169,149.63,7.41,5.07
mask_170,201.71,10.73,4.72
mask_171,147.15,8.95,4.13
mask_172,214.34,11.44,4.7
mask_173,137.86,10.03,3.45
mask_174,172.89,11.61,3.74
mask_175,181.44,10.33,4.41
mask_176,233.17,13.21,4.43
mask_177,244.23,12.23,5.01
mask_178,218.79,10.72,5.12
mask_179,188.29,10.09,4.69
mask_180,157.13,11.48,3.44
mask_181,186.92,11.49,4.08
mask_182,169.04,9.94,4.27
mask_183,98.53,8.1,3.05
mask_184,212.38,12.42,4.29
mask_185,218.98,10.78,5.1
mask_186,162.61,12.16,3.36
mask_187,171.08,12.31,3.49
mask_188,168.49,10.48,4.04
mask_189,194.7,13.55,3.61
mask_190,183.34,10.2,4.51
mask_191,201.05,12.0,4.21
mask_192,158.43,10.8,3.68
mask_193,197.72,12.67,3.92
mask_194,155.35,7.93,4.92
mask_195,136.65,8.92,3.85
mask_196,189.12,12.31,3.86
mask_197,133.68,8.71,3.85
mask_198,169.32,12.8,3.32
mask_199,229.38,12.36,4.66
mask_200,232.13,12.97,4.49
mask_201,135.55,10.27,3.31
mask_202,101.39,7.29,3.49
mask_203,181.42,9.95,4.58
mask_204,120.26,7.78,3.88
mask_205,239.31,11.28,5.33
mask_206,197.2,11.76,4.21
mask_207,196.98,12.34,4.01
mask_208,219.45,12.73,4.33
mask_209,256.82,14.11,4.57
mask_210,128.67,10.42,3.1
mask_211,169.87,11.09,3.85
mask_212,130.1,9.18,3.56
mask_213,284.49,13.79,5.18
mask_214,262.82,14.88,4.43
mask_215,118.5,8.19,3.63
mask_216,212.71,10.2,5.23
mask_217,210.07,13.61,3.88
mask_218,156.06,9.3,4.21
mask_219,199.46,11.9,4.21
mask_220,186.81,11.1,4.22
mask_221,116.79,9.27,3.16
mask_222,162.22,11.05,3.69
mask_223,129.5,10.29,3.16
mask_224,107.83,8.27,3.27
mask_225,145.06,11.13,3.27
mask_226,188.68,10.07,4.7
mask_227,195.39,13.52,3.63
mask_228,94.3,8.58,2.76
mask_229,224.18,11.36,4.95
mask_230,188.46,10.48,4.51
mask_231,227.84,11.09,5.15
mask_232,260.18,12.99,5.03
mask_233,176.85,11.05,4.02
mask_234,140.61,9.73,3.63
mask_235,166.02,10.09,4.13
mask_236,213.54,13.31,4.03
MaskID,Area(mm^2),Length(mm),Width(mm)
mask_0,240.32,13.32,4.53
mask_1,216.51,11.84,4.59
mask_2,253.74,12.52,5.09
mask_3,237.41,10.68,5.58
mask_4,206.06,12.01,4.31
mask_5,271.07,11.55,5.89
mask_6,294.61,14.5,5.1
mask_7,218.84,12.13,4.53
mask_8,249.21,13.58,4.61
mask_9,210.35,10.31,5.12
mask_10,261.83,12.78,5.14
mask_11,157.05,9.33,4.22
mask_12,268.87,14.51,4.65
mask_13,215.68,10.74,5.04
mask_14,165.74,9.76,4.26
mask_15,240.71,12.26,4.93
mask_16,167.39,9.49,4.43
mask_17,140.77,9.09,3.89
mask_18,178.03,11.68,3.83
mask_19,251.49,12.12,5.21
mask_20,223.44,12.71,4.41
mask_21,287.84,13.22,5.46
mask_22,172.45,11.46,3.78
mask_23,243.13,13.85,4.41
mask_24,216.56,11.73,4.63
mask_25,233.67,12.73,4.61
mask_26,161.29,12.45,3.25
mask_27,228.72,14.43,3.98
mask_28,182.35,11.2,4.09
mask_29,207.16,12.39,4.2
mask_30,227.95,12.48,4.59
mask_31,278.44,11.93,5.86
mask_32,158.76,9.01,4.42
mask_33,142.15,9.69,3.68
mask_34,136.76,12.0,2.86
mask_35,120.97,8.77,3.46
mask_36,212.99,11.2,4.77
mask_37,279.15,14.07,4.98
mask_38,274.64,13.58,5.08
mask_39,258.2,13.52,4.8
mask_40,154.14,9.31,4.15
mask_41,172.23,9.55,4.53
mask_42,156.34,9.86,3.98
mask_43,233.09,12.59,4.65
mask_44,208.75,11.3,4.64
mask_45,199.62,11.2,4.48
mask_46,243.95,12.37,4.95
mask_47,224.9,11.84,4.77
mask_48,182.46,12.17,3.76
mask_49,255.39,12.14,5.28
mask_50,296.53,15.33,4.85
mask_51,202.18,12.35,4.11
mask_52,133.95,10.16,3.31
mask_53,115.03,7.89,3.66
mask_54,195.75,12.56,3.91
mask_55,233.5,11.17,5.25
mask_56,173.28,11.16,3.9
mask_57,111.79,8.33,3.37
mask_58,185.98,11.38,4.1
mask_59,208.37,10.88,4.81
mask_60,206.0,13.24,3.91
mask_61,200.31,12.75,3.95
mask_62,144.35,8.83,4.1
mask_63,178.78,11.07,4.05
mask_64,200.06,12.09,4.16
mask_65,187.8,10.58,4.45
mask_66,234.55,12.55,4.69
mask_67,216.15,11.11,4.88
mask_68,202.81,11.78,4.32
mask_69,250.66,12.13,5.19
mask_70,145.39,9.62,3.79
mask_71,243.79,12.94,4.73
mask_72,271.29,13.19,5.16
mask_73,95.45,8.28,2.9
mask_74,251.43,11.39,5.54
mask_75,289.71,13.95,5.21
mask_76,171.27,9.81,4.38
mask_77,201.77,11.02,4.6
mask_78,215.68,12.58,4.3
mask_79,220.08,10.3,5.36
mask_80,144.18,8.95,4.04
mask_81,297.69,11.86,6.3
mask_82,210.57,10.9,4.85
mask_83,199.35,12.34,4.05
mask_84,217.28,10.66,5.12
mask_85,168.44,9.83,4.3
mask_86,221.84,12.02,4.63
mask_87,165.96,11.15,3.74
mask_88,224.65,11.79,4.78
mask_89,189.56,10.31,4.62
mask_90,160.08,11.02,3.65
mask_91,113.82,7.24,3.95
mask_92,212.82,11.95,4.47
mask_93,264.36,12.87,5.16
mask_94,175.04,10.18,4.31
mask_95,217.11,10.96,4.97
mask_96,255.94,13.38,4.8
mask_97,181.03,11.99,3.79
mask_98,233.39,11.23,5.22
mask_99,176.58,11.49,3.86
mask_100,318.31,15.15,5.28
mask_101,182.41,11.28,4.06
mask_102,258.0,14.08,4.6
mask_103,223.99,11.57,4.86
mask_104,285.64,17.95,4.0
mask_105,204.02,13.42,3.82
mask_106,180.32,11.62,3.89
mask_107,195.94,9.63,5.11
mask_108,225.14,10.62,5.32
mask_109,218.32,12.42,4.41
mask_110,210.02,11.61,4.54
mask_111,204.79,10.88,4.73
mask_112,211.28,11.98,4.43
mask_113,124.71,9.22,3.39
mask_114,261.61,12.94,5.08
mask_115,255.45,12.2,5.26
mask_116,165.52,11.02,3.77
mask_117,228.0,11.25,5.09
mask_118,186.86,9.15,5.12
mask_119,188.79,10.47,4.53
mask_120,234.0,13.34,4.4
mask_121,178.01,12.3,3.63
mask_122,160.35,12.14,3.32
mask_123,247.69,12.39,5.02
mask_124,154.58,10.1,3.84
mask_125,276.9,14.15,4.91
mask_126,165.91,9.39,4.43
mask_127,124.93,9.37,3.35
mask_128,167.83,10.17,4.14
mask_129,174.1,8.51,5.14
mask_130,175.09,11.8,3.73
mask_131,163.05,9.48,4.32
mask_132,235.26,11.37,5.19
mask_133,248.57,12.94,4.82
mask_134,133.02,8.07,4.14
mask_135,172.29,12.35,3.5
mask_136,278.22,14.4,4.85
mask_137,186.31,10.36,4.51
mask_138,151.22,8.77,4.33
mask_139,215.35,11.09,4.88
mask_140,309.87,15.61,4.98
mask_141,126.22,9.29,3.41
mask_142,215.41,11.16,4.84
mask_143,188.02,12.06,3.91
mask_144,177.24,11.41,3.9
mask_145,192.91,11.14,4.35
mask_146,269.36,11.94,5.66
mask_147,215.63,11.82,4.58
mask_148,150.95,9.23,4.11
mask_149,241.81,12.55,4.84
mask_150,154.91,8.22,4.73
mask_151,203.69,10.82,4.72
mask_152,182.6,11.0,4.17
mask_153,231.25,14.97,3.88
mask_154,160.52,10.17,3.96
mask_155,216.29,12.07,4.5
mask_156,230.59,11.0,5.26
mask_157,130.43,11.43,2.86
mask_158,122.62,9.9,3.11
mask_159,139.84,11.3,3.11
mask_160,162.72,10.46,3.9
mask_161,263.97,12.97,5.11
mask_162,262.76,13.26,4.98
mask_163,254.02,15.89,4.01
mask_164,217.22,10.86,5.02
mask_165,180.37,12.78,3.54
mask_166,90.17,7.46,3.03
mask_167,218.54,9.94,5.52
mask_168,197.4,11.66,4.25
mask_169,133.95,10.88,3.09
mask_170,151.28,9.68,3.92
mask_171,165.47,10.03,4.14
mask_172,140.72,9.67,3.65
mask_173,211.72,11.8,4.5
mask_174,198.74,12.49,3.99
mask_175,138.63,8.6,4.05
mask_176,255.45,13.03,4.92
mask_177,171.74,10.38,4.15
mask_178,205.04,11.5,4.48
mask_179,166.68,9.84,4.25
mask_180,235.18,12.91,4.57
mask_181,195.99,11.12,4.42
mask_182,262.43,13.01,5.06
mask_183,145.67,9.96,3.67
mask_184,159.2,9.87,4.05
mask_185,196.65,12.1,4.08
mask_186,213.37,10.47,5.11
mask_187,170.56,11.33,3.78
mask_188,212.66,12.71,4.2
mask_189,199.51,11.9,4.21
mask_190,236.14,11.93,4.97
mask_191,191.9,10.89,4.42
mask_192,216.95,12.58,4.33
mask_193,200.78,11.03,4.57
mask_194,174.41,11.5,3.81
mask_195,235.81,12.88,4.6
mask_196,123.06,8.0,3.86
mask_197,124.88,8.18,3.83
mask_198,177.07,10.04,4.43
mask_199,127.24,6.97,4.59
mask_200,191.98,11.27,4.27
mask_201,147.15,11.27,3.28
mask_202,136.12,10.41,3.28
mask_203,131.26,10.62,3.1
mask_204,107.06,7.63,3.52
mask_205,185.82,11.11,4.2
mask_206,191.21,9.91,4.84
mask_207,219.48,11.02,5.0
mask_208,179.0,12.29,3.66
mask_209,144.95,8.65,4.21
mask_210,134.78,9.13,3.7
mask_211,140.11,10.09,3.49
mask_212,121.74,8.34,3.66
mask_213,145.01,9.38,3.88
mask_214,213.1,11.72,4.56
mask_215,262.49,13.8,4.77
mask_216,176.14,11.5,3.85
mask_217,136.76,10.06,3.41
mask_218,245.33,12.5,4.93
mask_219,174.65,9.84,4.46
mask_220,100.24,7.98,3.15
mask_221,126.58,10.0,3.18
mask_222,187.08,10.53,4.46
mask_223,153.37,10.55,3.65
mask_224,178.17,9.15,4.89
mask_225,271.78,16.61,4.11
mask_226,148.42,11.56,3.22
mask_227,206.88,12.26,4.23
mask_228,163.32,9.99,4.1
mask_229,107.5,8.51,3.17
mask_230,233.28,13.39,4.37
mask_231,169.54,10.34,4.11
mask_232,205.34,11.42,4.51
mask_233,270.57,16.08,4.22
mask_234,162.11,11.8,3.45
mask_235,180.59,11.03,4.11
mask_236,91.44,8.76,2.62
mask_237,156.56,9.79,4.01
mask_238,187.91,12.92,3.65
mask_239,87.75,7.44,2.96
mask_240,165.47,9.34,4.44
mask_241,128.56,9.78,3.3
mask_242,164.86,10.05,4.12
mask_243,204.68,12.21,4.21
mask_244,203.78,11.75,4.35
mask_245,186.04,11.79,3.96
mask_246,160.57,11.62,3.47
MaskID,Area(mm^2),Length(mm),Width(mm)
mask_0,332.61,16.8,4.97
mask_1,426.55,16.67,6.42
mask_2,440.8,16.6,6.66
mask_3,433.01,16.54,6.57
mask_4,386.51,15.69,6.19
mask_5,305.88,13.53,5.67
mask_6,372.3,14.14,6.61
mask_7,446.13,17.59,6.37
mask_8,353.68,13.86,6.4
mask_9,382.88,17.14,5.61
mask_10,372.16,14.61,6.39
mask_11,370.73,14.64,6.36
mask_12,374.91,16.12,5.84
mask_13,426.44,16.67,6.42
mask_14,369.08,14.0,6.62
mask_15,409.61,16.89,6.09
mask_16,428.86,18.32,5.88
mask_17,370.89,14.92,6.24
mask_18,370.67,15.57,5.98
mask_19,429.69,17.4,6.2
mask_20,377.57,16.1,5.89
mask_21,326.84,14.13,5.81
mask_22,398.72,16.37,6.11
mask_23,450.7,16.8,6.73
mask_24,361.49,15.14,5.99
mask_25,367.76,15.64,5.9
mask_26,372.71,16.59,5.64
mask_27,356.26,15.9,5.62
mask_28,273.57,13.1,5.24
mask_29,391.68,16.43,5.98
mask_30,270.21,12.23,5.55
mask_31,348.18,16.12,5.42
mask_32,348.92,14.46,6.06
mask_33,348.04,14.86,5.88
mask_34,401.8,15.75,6.4
mask_35,385.08,16.28,5.94
mask_36,353.43,16.54,5.36
mask_37,371.66,14.95,6.24
mask_38,340.48,15.56,5.49
mask_39,394.79,16.56,5.99
mask_40,453.58,16.53,6.89
mask_41,407.14,16.79,6.09
mask_42,447.07,17.21,6.52
mask_43,388.36,16.88,5.77
mask_44,386.79,15.53,6.25
mask_45,404.17,16.84,6.03
mask_46,337.62,15.5,5.47
mask_47,321.94,14.52,5.56
mask_48,388.38,14.36,6.79
mask_49,303.21,15.45,4.93
mask_50,397.84,15.42,6.47
mask_51,416.16,16.7,6.26
mask_52,340.56,14.65,5.83
mask_53,424.46,15.93,6.69
mask_54,393.61,15.4,6.42
mask_55,309.9,14.48,5.37
mask_56,320.02,14.29,5.62
mask_57,409.83,16.49,6.24
mask_58,402.46,15.64,6.46
mask_59,346.09,15.13,5.74
mask_60,363.85,15.7,5.82
mask_61,433.54,17.31,6.29
mask_62,351.2,14.51,6.08
mask_63,287.07,14.94,4.82
mask_64,302.64,18.3,4.15
mask_65,374.3,15.53,6.05
mask_66,417.97,16.75,6.26
mask_67,413.74,16.61,6.25
mask_68,363.08,14.54,6.27
mask_69,351.26,15.8,5.58
mask_70,354.69,14.37,6.2
mask_71,322.74,15.56,5.21
mask_72,444.54,16.93,6.59
mask_73,305.99,12.68,6.06
mask_74,306.87,18.26,4.22
MaskID,Area(mm^2),Length(mm),Width(mm)
mask_0,130.65,9.67,3.39
mask_1,130.93,9.4,3.5
mask_2,169.65,10.57,4.03
mask_3,124.05,9.57,3.25
MaskID,Area(mm^2),Length(mm),Width(mm)
mask_0,321.61,13.94,5.79
mask_1,241.01,13.87,4.36
mask_2,306.82,13.91,5.54
mask_3,209.69,9.55,5.51
mask_4,158.7,10.57,3.77
mask_5,331.73,14.62,5.69
mask_6,371.22,16.07,5.8
mask_7,208.92,9.86,5.32
mask_8,266.89,13.23,5.06
mask_9,226.68,11.99,4.75
mask_10,288.89,12.85,5.64
mask_11,217.8,12.92,4.23
mask_12,218.05,11.55,4.74
mask_13,213.32,13.15,4.07
mask_14,229.6,12.41,4.64
mask_15,215.13,10.84,4.98
mask_16,258.47,11.54,5.62
mask_17,167.06,10.99,3.81
mask_18,286.88,11.95,6.03
mask_19,219.53,14.25,3.87
mask_20,214.58,11.95,4.51
mask_21,184.99,11.56,4.02
mask_22,219.26,14.28,3.85
mask_23,176.08,9.88,4.47
mask_24,275.61,15.63,4.43
mask_25,159.14,12.11,3.3
mask_26,253.96,11.94,5.34
mask_27,204.49,10.92,4.7
mask_28,205.12,10.9,4.72
mask_29,315.73,14.13,5.61
mask_30,181.53,10.5,4.34
mask_31,270.99,15.03,4.53
mask_32,288.34,15.06,4.81
mask_33,152.6,9.61,3.99
mask_34,291.72,13.27,5.52
mask_35,226.32,13.19,4.31
mask_36,279.7,12.04,5.83
mask_37,231.74,11.92,4.88
mask_38,225.09,14.59,3.87
mask_39,216.34,10.68,5.08
mask_40,221.29,12.35,4.5
mask_41,257.1,11.67,5.53
mask_42,150.78,9.1,4.16
mask_43,107.72,7.28,3.72
mask_44,248.96,13.29,4.7
mask_45,177.35,10.15,4.39
mask_46,145.31,9.78,3.73
mask_47,251.05,13.07,4.82
mask_48,282.67,13.91,5.1
mask_49,257.15,12.98,4.97
mask_50,171.74,11.06,3.9
mask_51,239.5,10.36,5.8
mask_52,256.66,12.77,5.04
mask_53,156.89,9.62,4.09
mask_54,298.29,14.01,5.34
mask_55,234.0,12.9,4.55
mask_56,149.24,10.86,3.45
mask_57,237.0,10.51,5.66
mask_58,118.28,8.92,3.33
mask_59,295.76,14.04,5.29
mask_60,203.75,11.73,4.36
mask_61,266.39,14.41,4.64
mask_62,203.58,11.93,4.28
mask_63,207.16,11.78,4.42
mask_64,211.39,11.04,4.81
mask_65,197.15,11.42,4.33
mask_66,238.78,12.24,4.9
mask_67,213.21,11.43,4.68
mask_68,184.69,11.09,4.18
mask_69,149.41,8.31,4.52
mask_70,280.8,16.29,4.33
mask_71,208.53,10.96,4.78
mask_72,156.17,10.05,3.9
mask_73,165.36,11.15,3.72
mask_74,254.98,13.72,4.66
mask_75,189.28,9.75,4.87
mask_76,230.15,11.31,5.11
mask_77,243.07,13.6,4.49
mask_78,291.25,14.2,5.15
mask_79,114.59,8.54,3.37
mask_80,257.4,12.93,5.0
mask_81,221.9,12.58,4.43
mask_82,219.86,10.54,5.24
mask_83,194.23,11.93,4.09
mask_84,240.38,13.44,4.49
mask_85,245.08,12.51,4.92
mask_86,252.2,11.09,5.71
mask_87,170.97,10.39,4.13
mask_88,249.95,11.79,5.32
mask_89,257.48,13.46,4.8
mask_90,146.88,8.83,4.18
mask_91,304.62,14.53,5.26
mask_92,252.26,14.54,4.36
mask_93,261.22,13.17,4.98
mask_94,221.13,11.58,4.79
mask_95,180.65,11.64,3.9
mask_96,258.53,11.96,5.43
mask_97,266.94,13.53,4.95
mask_98,279.92,14.07,4.99
mask_99,186.12,10.47,4.46
mask_100,250.25,10.67,5.89
mask_101,226.02,11.25,5.04
mask_102,181.42,9.87,4.62
mask_103,158.92,8.74,4.56
mask_104,144.24,8.38,4.32
mask_105,235.48,10.88,5.43
mask_106,228.03,14.37,3.98
mask_107,261.52,13.52,4.86
mask_108,253.41,14.1,4.51
mask_109,298.84,15.15,4.95
mask_110,269.91,12.01,5.64
mask_111,156.47,10.53,3.73
mask_112,201.49,14.09,3.59
mask_113,232.51,13.75,4.25
mask_114,133.57,9.74,3.44
mask_115,218.98,10.75,5.11
mask_116,115.97,9.31,3.13
mask_117,178.97,11.81,3.8
mask_118,221.18,11.51,4.83
mask_119,226.68,13.33,4.27
mask_120,238.84,12.04,4.98
mask_121,218.49,10.86,5.05
mask_122,96.0,8.2,2.94
mask_123,163.93,10.54,3.9
mask_124,242.25,13.18,4.61
mask_125,102.16,7.63,3.36
mask_126,264.74,12.66,5.25
mask_127,223.0,10.32,5.43
mask_128,271.1,14.78,4.6
mask_129,145.47,10.91,3.35
mask_130,224.81,10.73,5.26
mask_131,210.81,11.74,4.51
mask_132,200.39,11.13,4.52
mask_133,311.11,14.31,5.46
mask_134,129.77,9.09,3.58
mask_135,222.89,12.45,4.49
mask_136,213.87,11.76,4.57
mask_137,185.93,11.49,4.06
mask_138,185.93,10.8,4.32
mask_139,223.66,13.31,4.22
mask_140,249.84,11.84,5.3
mask_141,236.97,11.59,5.13
mask_142,241.31,12.63,4.8
mask_143,143.14,8.67,4.15
mask_144,281.52,14.4,4.91
mask_145,153.7,10.94,3.53
mask_146,179.55,10.09,4.47
mask_147,158.21,10.31,3.85
mask_148,228.22,12.61,4.54
mask_149,239.91,12.18,4.94
mask_150,218.43,11.82,4.64
mask_151,169.98,11.16,3.82
mask_152,165.91,11.19,3.72
mask_153,212.16,12.51,4.26
mask_154,145.56,10.82,3.38
mask_155,249.12,10.45,5.98
mask_156,207.54,14.02,3.72
mask_157,181.8,11.58,3.94
mask_158,215.08,12.84,4.2
mask_159,221.4,9.66,5.75
mask_160,127.57,9.82,3.26
mask_161,131.78,9.23,3.58
mask_162,214.78,9.71,5.55
mask_163,140.61,8.46,4.17
mask_164,235.76,13.72,4.31
mask_165,246.26,13.08,4.73
mask_166,273.46,12.56,5.46
mask_167,220.88,11.92,4.65
mask_168,181.25,12.13,3.75
mask_169,178.5,10.71,4.18
mask_170,223.27,13.03,4.3
mask_171,84.56,6.34,3.35
mask_172,161.29,9.11,4.44
mask_173,137.28,10.11,3.41
mask_174,277.61,16.01,4.35
mask_175,168.49,10.59,3.99
mask_176,248.3,12.34,5.05
mask_177,133.62,8.92,3.76
mask_178,181.75,10.1,4.52
mask_179,190.22,11.17,4.27
mask_180,242.44,14.32,4.25
mask_181,224.15,11.68,4.82
mask_182,199.38,10.28,4.87
mask_183,196.1,10.11,4.87
mask_184,131.2,9.94,3.31
mask_185,248.13,13.15,4.74
mask_186,134.06,10.46,3.22
mask_187,158.21,11.79,3.37
mask_188,187.25,11.01,4.27
mask_189,162.44,9.58,4.26
mask_190,287.79,14.59,4.95
mask_191,158.54,11.09,3.59
mask_192,212.77,10.89,4.9
mask_193,275.17,13.59,5.08
mask_194,174.98,11.86,3.7
mask_195,203.36,11.97,4.27
mask_196,231.19,11.83,4.9
mask_197,228.28,11.14,5.14
mask_198,130.16,9.29,3.52
mask_199,111.57,7.48,3.75
mask_200,227.29,12.15,4.7
mask_201,208.81,10.94,4.79
mask_202,146.6,10.02,3.67
mask_203,110.91,8.07,3.45
mask_204,233.94,13.09,4.48
mask_205,182.82,9.77,4.7
mask_206,134.45,9.11,3.7
mask_207,212.13,12.07,4.41
mask_208,235.26,12.39,4.77
mask_209,233.78,11.4,5.15
mask_210,132.58,9.08,3.67
mask_211,277.78,14.23,4.9
mask_212,269.75,12.63,5.36
mask_213,257.59,13.25,4.88
mask_214,209.25,11.57,4.54
mask_215,252.15,11.77,5.38
mask_216,250.77,13.43,4.69
mask_217,183.84,12.65,3.65
mask_218,212.91,10.26,5.21
mask_219,229.29,13.03,4.42
mask_220,125.34,9.25,3.4
mask_221,147.98,12.06,3.08
mask_222,220.14,11.18,4.94
mask_223,222.42,10.1,5.53
mask_224,113.11,7.25,3.92
mask_225,204.41,13.85,3.71
mask_226,220.69,12.29,4.51
mask_227,222.83,10.78,5.19
mask_228,183.89,11.02,4.19
mask_229,229.38,13.14,4.38
mask_230,248.79,10.94,5.71
mask_231,184.61,8.83,5.25
mask_232,249.09,11.93,5.24
mask_233,122.73,9.17,3.36
mask_234,233.83,13.69,4.29
mask_235,136.43,8.47,4.04
mask_236,226.63,12.15,4.68
mask_237,176.91,11.16,3.98
mask_238,71.06,6.32,2.82
mask_239,208.86,13.14,3.99
mask_240,137.64,9.46,3.65
mask_241,132.03,9.48,3.5
mask_242,196.87,13.74,3.6
mask_243,151.39,9.45,4.02
mask_244,175.81,9.89,4.46
mask_245,213.32,13.5,3.97
mask_246,167.23,13.06,3.22
mask_247,239.0,11.46,5.23
mask_248,86.54,7.5,2.9
mask_249,58.05,5.9,2.47
mask_250,250.83,11.61,5.42
mask_251,215.85,12.74,4.25
mask_252,104.2,8.73,3.0
mask_253,206.77,11.35,4.57
mask_254,107.2,8.49,3.17
mask_255,107.0,8.4,3.2
mask_256,234.33,12.44,4.73
mask_257,199.35,14.92,3.35
mask_258,193.3,12.24,3.96
mask_259,145.5,9.72,3.76
mask_260,152.68,10.93,3.51
mask_261,178.72,10.72,4.18
mask_262,198.69,11.47,4.35
mask_263,154.47,9.44,4.11
mask_264,254.84,12.55,5.1
MaskID,Area(mm^2),Length(mm),Width(mm)
mask_0,270.79,13.19,5.15
mask_1,233.45,10.95,5.35
mask_2,225.53,12.44,4.55
mask_3,114.98,9.99,2.89
mask_4,209.58,10.99,4.79
mask_5,234.6,12.99,4.53
mask_6,254.9,12.69,5.04
mask_7,164.42,9.77,4.22
mask_8,121.52,9.76,3.12
mask_9,207.32,11.7,4.45
mask_10,236.25,11.67,5.08
mask_11,306.93,13.57,5.68
mask_12,212.27,11.55,4.61
mask_13,264.19,12.27,5.4
mask_14,212.16,10.89,4.89
mask_15,252.04,12.95,4.89
mask_16,234.49,11.49,5.12
mask_17,266.61,11.61,5.76
mask_18,217.72,11.71,4.67
mask_19,276.84,12.36,5.62
mask_20,99.91,8.75,2.87
mask_21,315.67,14.29,5.54
mask_22,178.17,10.09,4.43
mask_23,248.85,12.83,4.87
mask_24,241.81,12.47,4.87
mask_25,210.29,11.53,4.58
mask_26,201.77,11.17,4.54
mask_27,130.24,9.45,3.46
mask_28,181.36,10.38,4.38
mask_29,241.92,13.09,4.64
mask_30,212.44,11.17,4.77
mask_31,269.86,13.28,5.1
mask_32,277.61,14.77,4.72
mask_33,182.63,9.45,4.85
mask_34,208.59,11.15,4.7
mask_35,259.13,15.23,4.27
mask_36,156.34,9.74,4.03
mask_37,229.71,11.59,4.97
mask_38,100.79,7.47,3.39
mask_39,189.39,10.67,4.46
mask_40,285.45,14.05,5.1
mask_41,189.5,10.2,4.66
mask_42,215.79,11.48,4.72
mask_43,199.24,10.31,4.85
mask_44,178.67,10.53,4.26
mask_45,275.08,14.24,4.85
mask_46,256.44,11.68,5.51
mask_47,151.44,10.03,3.79
mask_48,237.57,11.31,5.27
mask_49,231.96,11.81,4.93
mask_50,184.33,10.51,4.4
mask_51,176.3,9.52,4.65
mask_52,265.16,13.76,4.84
mask_53,116.63,8.79,3.33
mask_54,238.23,11.95,5.0
mask_55,218.16,10.92,5.02
mask_56,325.24,12.82,6.37
mask_57,145.01,10.46,3.48
mask_58,263.2,14.24,4.64
mask_59,253.58,12.01,5.3
mask_60,181.58,11.96,3.81
mask_61,258.47,11.13,5.83
mask_62,242.08,13.2,4.6
mask_63,232.9,12.24,4.77
mask_64,134.78,8.76,3.86
mask_65,262.38,11.86,5.55
mask_66,219.26,12.27,4.49
mask_67,224.26,11.64,4.84
mask_68,222.45,10.42,5.36
mask_69,206.66,12.09,4.29
mask_70,199.68,10.74,4.67
mask_71,192.91,11.59,4.18
mask_72,234.77,14.08,4.19
mask_73,259.63,13.41,4.86
mask_74,218.98,13.91,3.95
mask_75,233.83,12.65,4.64
mask_76,269.36,12.95,5.22
mask_77,216.56,11.67,4.66
mask_78,190.05,11.75,4.06
mask_79,246.65,13.54,4.57
mask_80,275.41,13.65,5.07
mask_81,283.91,14.59,4.88
mask_82,277.78,12.58,5.54
mask_83,175.64,12.63,3.49
mask_84,213.81,12.37,4.34
mask_85,202.26,11.16,4.55
mask_86,227.18,11.93,4.78
mask_87,228.91,11.72,4.9
mask_88,206.5,11.59,4.47
mask_89,208.06,12.04,4.34
mask_90,250.0,13.19,4.76
mask_91,161.12,10.02,4.04
mask_92,246.7,13.58,4.56
mask_93,173.06,10.96,3.96
mask_94,231.3,13.23,4.39
mask_95,208.48,11.06,4.73
mask_96,233.17,10.13,5.78
mask_97,247.03,14.01,4.43
mask_98,253.41,13.89,4.58
mask_99,199.84,11.42,4.39
mask_100,207.05,13.75,3.78
mask_101,206.44,12.63,4.1
mask_102,193.9,11.6,4.2
mask_103,241.18,13.34,4.54
mask_104,167.83,10.35,4.07
mask_105,250.0,12.34,5.09
mask_106,200.45,10.93,4.6
mask_107,195.83,11.23,4.38
mask_108,178.67,10.77,4.16
mask_109,183.92,9.87,4.68
mask_110,196.41,11.02,4.47
mask_111,164.37,14.93,2.76
mask_112,236.64,11.14,5.33
mask_113,216.84,15.11,3.6
mask_114,176.25,11.87,3.73
mask_115,182.66,11.08,4.14
mask_116,178.23,10.33,4.33
mask_117,204.46,10.91,4.71
mask_118,161.45,10.17,3.98
mask_119,236.86,12.87,4.62
mask_120,122.68,11.65,2.64
mask_121,202.48,11.46,4.43
mask_122,185.82,11.3,4.13
mask_123,114.43,8.25,3.48
mask_124,231.14,12.96,4.48
mask_125,170.42,12.18,3.51
mask_126,118.5,9.21,3.23
mask_127,226.79,12.49,4.56
mask_128,148.14,7.32,5.08
mask_129,89.18,7.19,3.11
mask_130,164.92,10.05,4.12
mask_131,167.28,9.21,4.56
mask_132,182.57,9.88,4.64
mask_133,203.25,10.48,4.87
mask_134,229.93,12.59,4.58
mask_135,200.89,12.67,3.98
mask_136,219.59,11.41,4.83
mask_137,158.32,10.94,3.63
mask_138,272.61,14.0,4.89
mask_139,196.1,13.3,3.7
mask_140,222.23,12.81,4.35
mask_141,162.99,11.28,3.63
mask_142,178.67,8.4,5.34
mask_143,241.42,13.58,4.46
mask_144,315.29,15.92,4.97
mask_145,145.67,10.36,3.53
mask_146,129.28,9.07,3.58
mask_147,150.04,9.33,4.04
mask_148,152.82,10.79,3.56
mask_149,135.05,10.32,3.29
mask_150,245.22,12.48,4.93
mask_151,129.0,8.76,3.7
mask_152,139.18,9.12,3.83
mask_153,253.36,13.46,4.72
mask_154,273.16,11.93,5.75
mask_155,132.36,8.67,3.83
mask_156,141.1,8.99,3.94
mask_157,170.91,10.56,4.06
mask_158,184.17,10.31,4.48
mask_159,227.18,14.08,4.05
mask_160,138.85,8.63,4.04
MaskID,Area(mm^2),Length(mm),Width(mm)
mask_0,330.63,15.87,5.23
mask_1,285.73,13.32,5.38
mask_2,259.13,12.43,5.23
mask_3,207.65,10.78,4.84
mask_4,255.72,11.03,5.82
mask_5,281.24,11.48,6.15
mask_6,265.29,11.84,5.62
mask_7,350.32,17.81,4.94
mask_8,283.22,13.53,5.26
mask_9,264.77,13.15,5.05
mask_10,151.5,10.33,3.68
mask_11,200.23,12.96,3.88
mask_12,286.41,13.54,5.31
mask_13,182.68,11.02,4.16
mask_14,280.14,12.72,5.53
mask_15,348.78,16.61,5.27
mask_16,281.3,12.99,5.44
mask_17,230.26,13.27,4.36
mask_18,139.45,9.15,3.82
mask_19,259.05,13.2,4.93
mask_20,225.58,12.27,4.62
mask_21,219.06,12.74,4.32
mask_22,181.42,12.15,3.75
mask_23,218.93,10.93,5.03
mask_24,249.73,13.48,4.65
mask_25,173.17,11.33,3.84
mask_26,207.16,9.79,5.31
mask_27,226.85,13.72,4.15
mask_28,271.07,14.56,4.67
mask_29,305.94,13.96,5.5
mask_30,258.23,11.74,5.52
mask_31,241.04,12.75,4.75
mask_32,208.97,12.19,4.3
mask_33,236.97,14.13,4.21
mask_34,243.71,12.53,4.88
mask_35,220.3,11.9,4.65
mask_36,225.97,12.25,4.63
mask_37,253.52,13.13,4.85
mask_38,250.99,13.27,4.75
mask_39,231.8,12.34,4.71
mask_40,220.03,11.5,4.8
mask_41,277.61,13.21,5.28
mask_42,250.88,13.24,4.76
mask_43,217.25,13.09,4.17
mask_44,253.22,12.14,5.24
mask_45,206.06,12.05,4.29
mask_46,206.72,11.45,4.53
mask_47,211.81,11.73,4.53
mask_48,241.64,11.93,5.08
mask_49,219.75,10.56,5.22
mask_50,275.47,12.91,5.36
mask_51,236.03,11.48,5.16
mask_52,269.91,12.89,5.26
mask_53,233.61,12.42,4.72
mask_54,220.58,10.73,5.16
mask_55,163.05,10.36,3.95
mask_56,279.98,17.18,4.09
mask_57,256.22,13.62,4.72
mask_58,266.94,12.48,5.37
mask_59,149.19,10.54,3.55
mask_60,256.22,14.66,4.39
mask_61,228.61,13.21,4.35
mask_62,282.98,14.36,4.95
mask_63,254.13,12.67,5.03
mask_64,268.04,12.5,5.38
mask_65,234.22,12.58,4.67
mask_66,248.05,12.2,5.11
mask_67,185.93,10.82,4.31
mask_68,276.65,13.4,5.18
mask_69,245.6,12.12,5.09
mask_70,253.74,12.62,5.05
mask_71,300.93,14.26,5.3
mask_72,191.76,10.87,4.43
mask_73,339.93,15.29,5.58
mask_74,116.35,9.01,3.24
mask_75,198.38,10.85,4.59
mask_76,182.74,13.56,3.38
mask_77,187.6,9.83,4.79
mask_78,194.43,13.21,3.69
mask_79,220.99,12.02,4.62
mask_80,196.16,11.58,4.25
mask_81,154.3,9.16,4.23
mask_82,292.9,13.76,5.34
mask_83,145.25,7.74,4.71
mask_84,239.63,13.12,4.59
mask_85,239.06,12.24,4.9
mask_86,223.44,10.28,5.46
mask_87,205.62,11.17,4.62
mask_88,235.26,12.12,4.87
mask_89,123.56,9.09,3.41
mask_90,255.15,13.66,4.69
mask_91,166.02,9.77,4.27
mask_92,147.32,9.33,3.97
mask_93,260.23,13.91,4.7
mask_94,183.84,11.6,3.98
mask_95,133.4,9.2,3.64
mask_96,201.0,10.42,4.84
mask_97,153.26,10.01,3.84
mask_98,248.79,13.26,4.71
mask_99,207.43,11.05,4.71
mask_100,114.7,7.76,3.71
mask_101,236.14,11.27,5.26
mask_102,233.39,12.0,4.88
mask_103,230.15,12.75,4.53
mask_104,342.79,14.66,5.87
mask_105,328.93,17.57,4.7
mask_106,223.82,11.23,5.0
mask_107,288.58,14.8,4.89
mask_108,126.36,9.13,3.47
mask_109,111.84,8.23,3.41
mask_110,190.66,12.86,3.72
mask_111,237.46,12.46,4.78
mask_112,279.04,14.07,4.98
mask_113,293.98,14.16,5.21
mask_114,274.75,10.78,6.4
mask_115,308.82,14.91,5.2
mask_116,243.68,13.85,4.42
mask_117,211.78,11.93,4.46
mask_118,237.46,12.87,4.63
mask_119,231.74,11.41,5.1
mask_120,201.44,11.05,4.58
mask_121,247.09,13.84,4.48
mask_122,244.39,10.83,5.67
mask_123,228.66,12.51,4.59
mask_124,166.68,9.88,4.24
mask_125,169.98,10.96,3.89
mask_126,232.9,12.52,4.67
mask_127,292.19,15.98,4.59
mask_128,210.35,11.74,4.5
mask_129,233.37,14.52,4.03
mask_130,182.71,10.51,4.36
mask_131,202.29,11.15,4.55
mask_132,211.61,11.95,4.44
mask_133,135.33,8.72,3.9
mask_134,165.47,10.36,4.01
mask_135,229.38,12.78,4.5
mask_136,155.4,9.92,3.93
mask_137,240.41,12.77,4.73
mask_138,109.26,9.41,2.92
mask_139,207.54,10.84,4.81
mask_140,137.64,6.87,5.03
mask_141,173.83,9.81,4.45
mask_142,277.39,13.31,5.23
mask_143,150.51,10.01,3.77
mask_144,221.79,11.94,4.66
mask_145,173.22,11.03,3.94
mask_146,194.7,11.64,4.2
mask_147,191.48,10.72,4.48
mask_148,248.19,15.98,3.9
mask_149,268.59,12.61,5.35
mask_150,243.73,12.34,4.96
mask_151,241.26,11.33,5.35
mask_152,199.07,12.36,4.04
mask_153,163.41,10.38,3.95
mask_154,237.96,12.13,4.92
mask_155,146.55,9.41,3.91
mask_156,177.57,11.76,3.79
mask_157,143.8,9.43,3.83
mask_158,136.81,8.57,4.01
mask_159,142.64,9.79,3.66
mask_160,246.81,12.36,5.01
mask_161,213.07,12.74,4.2
mask_162,223.38,12.66,4.43
mask_163,254.02,12.94,4.93
mask_164,259.76,14.31,4.56
mask_165,152.27,9.41,4.06
mask_166,217.11,12.13,4.49
mask_167,203.31,13.83,3.69
mask_168,212.55,11.71,4.56
mask_169,214.2,13.25,4.06
mask_170,230.7,16.28,3.56
mask_171,219.92,10.44,5.29
mask_172,146.66,9.4,3.92
mask_173,270.79,13.88,4.9
mask_174,182.08,9.6,4.76
mask_175,166.29,9.35,4.46
mask_176,217.94,13.28,4.12
mask_177,212.11,12.81,4.16
mask_178,184.36,12.14,3.81
mask_179,313.97,15.86,4.97
mask_180,197.81,12.42,4.0
mask_181,226.13,12.09,4.69
mask_182,169.98,9.42,4.53
mask_183,138.41,8.5,4.09
mask_184,207.49,11.11,4.69
mask_185,89.13,7.91,2.83
mask_186,259.46,15.07,4.32
mask_187,132.96,9.46,3.53
mask_188,225.09,14.06,4.02
mask_189,213.87,13.3,4.04
mask_190,168.44,11.13,3.8
mask_191,148.44,8.38,4.45
mask_192,170.28,9.3,4.6
mask_193,204.08,13.36,3.84
mask_194,207.49,11.46,4.55
mask_195,263.64,15.79,4.19
mask_196,214.64,11.97,4.5
mask_197,175.86,11.51,3.83
mask_198,218.93,11.89,4.62
mask_199,284.16,13.18,5.41
mask_200,253.63,11.71,5.44
mask_201,153.09,9.4,4.09
mask_202,147.37,9.67,3.83
mask_203,228.06,13.12,4.36
mask_204,144.95,10.57,3.44
mask_205,228.17,13.05,4.39
mask_206,100.18,7.0,3.59
mask_207,189.83,11.22,4.25
mask_208,151.22,8.82,4.3
mask_209,123.67,9.18,3.38
mask_210,163.49,12.12,3.39
mask_211,115.25,8.25,3.51
mask_212,229.54,12.11,4.76
mask_213,108.54,9.3,2.93
mask_214,211.45,12.71,4.18
mask_215,182.68,11.97,3.83
mask_216,134.01,9.42,3.57
mask_217,188.18,10.84,4.36
mask_218,225.86,12.46,4.55
mask_219,216.15,10.33,5.25
mask_220,200.75,11.95,4.22
mask_221,123.61,9.08,3.42
mask_222,190.82,13.28,3.61
mask_223,209.69,14.58,3.61
mask_224,115.09,8.68,3.33
mask_225,126.47,8.66,3.66
mask_226,164.75,10.31,4.01
mask_227,239.88,12.27,4.91
mask_228,241.97,11.05,5.5
mask_229,118.94,9.05,3.3
mask_230,233.83,12.35,4.75
mask_231,300.93,13.24,5.71
mask_232,177.68,10.02,4.45
mask_233,199.84,11.59,4.33
mask_234,185.76,14.35,3.25
mask_235,210.49,11.91,4.44
mask_236,153.7,12.26,3.15
mask_237,113.27,9.44,3.01
mask_238,200.34,13.22,3.8
mask_239,211.12,11.83,4.48
mask_240,252.23,14.1,4.49
mask_241,177.46,10.94,4.07
mask_242,224.15,12.07,4.66
mask_243,154.36,8.31,4.66
mask_244,178.91,11.79,3.81
mask_245,198.91,11.5,4.34
mask_246,171.79,10.81,3.99
mask_247,179.88,9.59,4.71
mask_248,207.49,12.2,4.27
mask_249,265.73,12.77,5.22
mask_250,181.8,9.79,4.66
mask_251,91.0,7.04,3.24
mask_252,240.43,14.03,4.3
mask_253,121.52,8.85,3.45
mask_254,192.75,10.61,4.56
mask_255,158.81,9.18,4.34
mask_256,234.11,11.17,5.26
mask_257,184.66,10.53,4.4
mask_258,152.87,8.35,4.6
mask_259,261.55,13.56,4.84
mask_260,187.8,10.96,4.3
mask_261,150.18,10.28,3.67
mask_262,203.39,14.14,3.61
mask_263,114.21,8.27,3.47
mask_264,154.44,10.92,3.55
mask_265,158.76,11.21,3.56
mask_266,188.35,13.88,3.41
mask_267,102.99,7.95,3.25
mask_268,193.24,11.11,4.36
mask_269,140.88,10.26,3.45
mask_270,158.76,10.0,3.99
mask_271,176.11,10.1,4.37
mask_272,123.78,9.32,3.33
mask_273,164.59,11.37,3.63
mask_274,205.26,10.99,4.69
mask_275,269.75,12.34,5.49
mask_276,188.07,11.92,3.96
mask_277,128.78,9.86,3.28
mask_278,170.91,12.0,3.58
mask_279,120.86,7.69,3.94
mask_280,148.53,8.41,4.43
mask_281,139.78,10.46,3.36
mask_282,157.71,10.68,3.71
mask_283,221.51,13.73,4.05
mask_284,217.39,10.49,5.2
mask_285,193.46,11.21,4.33
mask_286,160.74,10.59,3.81
mask_287,242.25,10.93,5.56
mask_288,165.5,11.37,3.65
mask_289,177.29,9.67,4.6
mask_290,159.42,12.27,3.26
mask_291,203.09,13.17,3.87
MaskID,Area(mm^2),Length(mm),Width(mm)
mask_0,283.77,13.67,5.21
mask_1,138.41,9.64,3.61
mask_2,157.71,9.32,4.25
mask_3,322.99,14.4,5.63
mask_4,336.19,16.21,5.21
mask_5,306.82,15.63,4.93
mask_6,236.86,12.53,4.75
mask_7,230.75,12.79,4.53
mask_8,355.16,16.81,5.3
mask_9,288.23,13.34,5.42
mask_10,183.29,11.59,3.97
mask_11,216.4,11.41,4.76
mask_12,248.22,12.51,4.98
mask_13,192.14,11.04,4.37
mask_14,240.76,13.06,4.63
mask_15,217.94,11.79,4.64
mask_16,249.07,11.99,5.21
mask_17,263.53,14.63,4.52
mask_18,259.74,12.37,5.27
mask_19,235.04,10.31,5.73
mask_20,279.32,14.17,4.95
mask_21,296.04,13.2,5.63
mask_22,282.23,11.58,6.12
mask_23,238.56,11.52,5.2
mask_24,210.84,11.81,4.48
mask_25,216.34,10.59,5.13
mask_26,242.41,13.21,4.61
mask_27,245.11,12.97,4.75
mask_28,216.4,10.73,5.06
mask_29,321.72,13.27,6.08
mask_30,205.29,11.29,4.56
mask_31,224.76,14.27,3.95
mask_32,245.27,12.99,4.74
mask_33,149.9,10.02,3.75
mask_34,215.79,10.85,4.99
mask_35,269.03,12.82,5.27
mask_36,236.58,12.98,4.57
mask_37,171.85,10.11,4.26
mask_38,243.93,12.05,5.08
mask_39,237.9,12.88,4.64
mask_40,122.9,9.76,3.16
mask_41,153.92,9.71,3.98
mask_42,213.43,12.42,4.31
mask_43,234.0,12.7,4.62
mask_44,232.46,10.59,5.51
mask_45,198.0,12.48,3.98
mask_46,180.54,10.38,4.36
mask_47,219.26,12.55,4.38
mask_48,234.52,14.05,4.19
mask_49,217.55,13.73,3.98
mask_50,213.04,10.44,5.12
mask_51,186.2,11.35,4.12
mask_52,204.35,11.01,4.66
mask_53,292.46,13.75,5.34
mask_54,132.41,8.9,3.73
mask_55,167.31,11.23,3.74
mask_56,198.08,10.45,4.76
mask_57,197.59,11.74,4.23
mask_58,253.52,13.34,4.77
mask_59,204.08,12.09,4.24
mask_60,225.8,13.25,4.28
mask_61,198.14,11.68,4.26
mask_62,274.64,14.74,4.68
mask_63,155.51,10.1,3.87
mask_64,211.89,11.82,4.5
mask_65,206.33,10.99,4.71
mask_66,161.01,10.57,3.82
mask_67,229.98,11.48,5.03
mask_68,179.6,11.62,3.88
mask_69,276.46,15.17,4.57
mask_70,237.96,12.67,4.71
mask_71,203.56,11.56,4.42
mask_72,242.14,13.61,4.47
mask_73,157.99,11.3,3.51
mask_74,180.54,12.36,3.67
mask_75,108.21,7.48,3.63
mask_76,204.9,10.58,4.86
mask_77,147.18,8.68,4.26
mask_78,229.6,11.04,5.22
mask_79,257.04,12.77,5.05
mask_80,175.59,10.71,4.12
mask_81,255.01,12.18,5.26
mask_82,258.97,13.89,4.68
mask_83,226.13,12.36,4.59
mask_84,235.98,13.03,4.55
mask_85,254.95,12.92,4.95
mask_86,181.58,10.21,4.46
mask_87,320.95,17.42,4.63
mask_88,246.48,12.39,4.99
mask_89,215.19,12.28,4.4
mask_90,189.94,12.51,3.81
mask_91,251.65,13.63,4.64
mask_92,261.8,13.47,4.88
mask_93,158.15,13.04,3.04
mask_94,335.72,15.01,5.61
mask_95,121.52,7.34,4.15
mask_96,101.12,6.86,3.7
mask_97,134.5,10.18,3.32
mask_98,157.13,10.76,3.66
mask_99,238.45,13.22,4.53
mask_100,159.25,9.87,4.05
mask_101,245.71,15.3,4.03
mask_102,170.17,11.55,3.7
mask_103,214.2,11.63,4.62
mask_104,253.82,12.32,5.17
mask_105,172.51,12.16,3.56
mask_106,252.59,12.63,5.02
mask_107,228.06,11.96,4.79
mask_108,221.68,12.36,4.5
mask_109,171.63,9.17,4.7
mask_110,258.36,12.49,5.19
mask_111,220.52,11.79,4.7
mask_112,284.87,13.54,5.28
mask_113,193.66,11.53,4.22
mask_114,127.13,8.11,3.93
mask_115,197.86,14.35,3.46
mask_116,219.67,12.63,4.37
mask_117,285.09,13.75,5.21
mask_118,186.92,11.11,4.22
mask_119,246.87,11.84,5.23
mask_120,118.55,9.87,3.01
mask_121,195.11,11.67,4.2
mask_122,162.88,10.36,3.95
mask_123,256.0,13.14,4.89
mask_124,207.21,11.7,4.45
mask_125,226.85,12.45,4.57
mask_126,175.92,12.27,3.6
mask_127,208.37,12.39,4.22
mask_128,224.54,11.88,4.75
mask_129,294.36,13.76,5.37
mask_130,282.04,14.15,5.0
mask_131,170.2,8.79,4.86
mask_132,165.14,9.42,4.4
mask_133,191.54,10.39,4.63
mask_134,187.06,10.07,4.66
mask_135,211.61,11.37,4.67
mask_136,219.86,11.16,4.94
mask_137,260.01,13.91,4.69
mask_138,257.37,14.39,4.49
mask_139,119.6,10.55,2.84
mask_140,176.88,10.28,4.32
mask_141,211.53,12.98,4.09
mask_142,245.71,13.78,4.47
mask_143,172.12,10.31,4.19
mask_144,147.81,10.7,3.47
mask_145,123.23,7.14,4.33
mask_146,228.0,11.93,4.8
mask_147,244.23,12.42,4.94
mask_148,192.2,11.29,4.27
mask_149,250.0,13.45,4.66
mask_150,174.71,12.38,3.54
mask_151,204.85,10.84,4.74
mask_152,212.49,11.56,4.61
mask_153,180.34,10.41,4.35
mask_154,180.7,9.99,4.54
mask_155,144.29,8.46,4.28
mask_156,204.79,11.71,4.39
mask_157,265.02,14.1,4.72
mask_158,145.72,9.25,3.95
mask_159,69.33,4.71,3.7
mask_160,236.69,12.34,4.82
mask_161,212.27,11.46,4.65
mask_162,230.97,13.42,4.32
mask_163,97.27,7.81,3.13
mask_164,189.28,11.48,4.14
mask_165,96.11,9.27,2.6
mask_166,238.95,9.93,6.04
mask_167,225.86,12.75,4.45
mask_168,217.63,11.52,4.74
mask_169,252.2,12.68,4.99
mask_170,231.14,11.71,4.96
mask_171,164.31,9.47,4.36
mask_172,241.09,11.2,5.4
mask_173,248.27,13.05,4.78
mask_174,242.08,10.98,5.53
mask_175,156.89,10.94,3.6
mask_176,256.38,13.3,4.84
mask_177,196.82,12.66,3.9
mask_178,179.05,11.22,4.0
mask_179,250.55,12.29,5.12
mask_180,140.94,9.3,3.81
mask_181,201.55,11.13,4.54
mask_182,306.76,14.1,5.46
mask_183,179.19,11.86,3.79
mask_184,142.09,8.44,4.23
mask_185,135.47,9.86,3.45
mask_186,144.46,9.34,3.88
mask_187,159.64,9.29,4.31
mask_188,249.89,13.51,4.64
mask_189,256.05,11.56,5.56
mask_190,141.32,9.01,3.94
mask_191,138.08,7.76,4.46
mask_192,150.84,10.21,3.71
mask_193,142.31,9.66,3.7
mask_194,135.88,8.96,3.81
mask_195,300.3,14.94,5.05
mask_196,239.11,11.75,5.11
mask_197,215.96,10.43,5.2
mask_198,269.42,17.92,3.77
mask_199,219.75,12.6,4.38
mask_200,164.37,11.38,3.62
mask_201,188.84,12.81,3.7
mask_202,240.1,13.1,4.6
mask_203,231.52,14.89,3.9
mask_204,107.39,8.19,3.29
mask_205,164.5,9.75,4.23
mask_206,262.65,13.56,4.86
mask_207,70.51,6.76,2.62
mask_208,222.17,10.78,5.17
mask_209,304.84,14.54,5.26
mask_210,211.25,10.8,4.91
mask_211,204.74,11.69,4.4
mask_212,235.92,10.64,5.57
mask_213,246.1,12.54,4.93
mask_214,174.87,10.35,4.24
mask_215,228.09,12.05,4.75
mask_216,223.0,12.26,4.57
mask_217,226.24,11.36,5.0
mask_218,240.84,13.98,4.33
mask_219,176.06,17.4,2.54
mask_220,212.44,11.49,4.64
mask_221,228.22,12.87,4.45
mask_222,215.02,10.72,5.03
mask_223,290.87,14.64,4.99
mask_224,149.08,10.43,3.59
mask_225,155.4,10.07,3.87
mask_226,107.66,7.4,3.65
mask_227,223.71,11.93,4.71
mask_228,296.31,14.73,5.05
mask_229,181.86,10.81,4.22
mask_230,222.78,12.31,4.54
mask_231,180.87,9.88,4.6
mask_232,184.61,12.31,3.77
mask_233,171.08,11.09,3.87
mask_234,142.04,8.86,4.02
mask_235,229.54,12.93,4.46
mask_236,229.76,10.91,5.29
mask_237,217.72,11.83,4.62
mask_238,223.77,12.45,4.51
mask_239,264.74,11.57,5.74
mask_240,102.11,9.86,2.6
mask_241,276.29,11.72,5.92
mask_242,144.02,9.79,3.69
mask_243,111.35,8.06,3.47
mask_244,257.1,12.63,5.11
mask_245,259.32,11.44,5.69
mask_246,273.98,14.3,4.81
mask_247,239.28,13.04,4.61
mask_248,149.24,9.15,4.1
mask_249,195.88,10.71,4.59
mask_250,272.33,15.34,4.46
mask_251,102.11,7.95,3.22
mask_252,134.83,9.67,3.5
mask_253,181.14,12.05,3.77
mask_254,198.96,10.15,4.92
mask_255,202.54,12.96,3.92
mask_256,152.65,9.34,4.1
mask_257,226.93,13.71,4.15
mask_258,160.41,7.61,5.29
mask_259,180.21,10.54,4.29
mask_260,204.79,10.93,4.7
mask_261,187.74,10.46,4.5
mask_262,241.53,11.81,5.13
mask_263,147.81,8.99,4.13
mask_264,123.39,8.7,3.56
mask_265,231.03,13.9,4.17
mask_266,121.58,8.86,3.45
mask_267,216.78,12.54,4.34
mask_268,168.77,9.02,4.7
mask_269,164.59,9.01,4.58
mask_270,185.98,10.21,4.57
mask_271,205.15,14.1,3.65
mask_272,202.37,12.69,4.0
mask_273,112.17,8.36,3.37
mask_274,230.59,11.69,4.95
mask_275,178.28,10.43,4.29
mask_276,179.66,12.32,3.66
mask_277,164.15,8.3,4.96
mask_278,146.93,10.97,3.36
mask_279,174.71,10.52,4.17
mask_280,194.65,13.61,3.59
mask_281,211.56,11.77,4.51
mask_282,187.96,9.59,4.92
mask_283,150.34,10.78,3.5
mask_284,202.81,12.63,4.03
mask_285,197.04,12.08,4.09
mask_286,195.28,13.84,3.54
mask_287,168.0,11.04,3.82
mask_288,187.36,12.27,3.83
mask_289,303.02,14.37,5.29
mask_290,147.07,10.42,3.54
mask_291,186.48,11.82,3.96
mask_292,173.77,10.03,4.35
mask_293,185.41,10.69,4.35
mask_294,227.23,11.34,5.03
mask_295,141.16,10.23,3.46
mask_296,178.23,12.82,3.49
mask_297,219.48,11.62,4.74
mask_298,208.2,11.86,4.41
mask_299,258.31,14.23,4.56
mask_300,234.03,17.59,3.34
mask_301,249.95,13.11,4.78
mask_302,232.68,13.62,4.29
mask_303,289.55,14.68,4.95
mask_304,126.14,9.64,3.28
mask_305,168.91,10.11,4.2
mask_306,94.96,7.4,3.22
mask_307,217.77,12.87,4.25
mask_308,211.28,12.21,4.34
mask_309,142.42,9.82,3.64
mask_310,163.76,10.44,3.94
mask_311,285.23,15.38,4.66
mask_312,148.44,9.06,4.11
mask_313,195.88,10.96,4.49
mask_314,194.04,10.24,4.76
mask_315,161.45,11.5,3.52
mask_316,126.64,10.55,3.01
mask_317,222.25,11.92,4.68
mask_318,227.43,18.49,3.09
mask_319,173.55,12.55,3.47
mask_320,188.1,11.28,4.19
mask_321,224.65,13.33,4.23
mask_322,126.64,9.33,3.41
mask_323,208.64,10.8,4.85
mask_324,113.38,11.17,2.55
mask_325,87.97,7.0,3.15
mask_326,240.32,14.72,4.1
mask_327,186.09,12.09,3.87
MaskID,Area(mm^2),Length(mm),Width(mm)
mask_0,381.07,15.82,6.05
mask_1,316.63,14.13,5.63
mask_2,383.54,15.95,6.04
mask_3,367.65,15.8,5.84
mask_4,347.46,15.19,5.74
mask_5,320.73,14.23,5.66
mask_6,413.52,15.11,6.87
mask_7,376.94,16.2,5.84
mask_8,377.55,15.55,6.09
mask_9,401.91,17.63,5.72
mask_10,362.42,15.89,5.73
mask_11,328.51,14.59,5.65
mask_12,405.41,16.76,6.07
mask_13,324.03,15.41,5.28
mask_14,315.73,14.95,5.3
mask_15,402.57,16.22,6.23
mask_16,382.39,14.59,6.58
mask_17,371.94,16.33,5.72
mask_18,332.28,15.26,5.47
mask_19,379.8,14.53,6.56
mask_20,407.58,15.27,6.7
mask_21,374.41,14.84,6.33
mask_22,395.42,15.65,6.34
mask_23,366.63,14.6,6.3
mask_24,304.29,17.02,4.49
mask_25,294.66,13.92,5.31
mask_26,363.69,15.7,5.82
mask_27,370.45,16.34,5.69
mask_28,380.24,15.98,5.97
mask_29,348.73,14.06,6.22
mask_30,352.71,16.1,5.5
mask_31,312.73,15.2,5.17
mask_32,300.71,15.06,5.01
mask_33,274.09,13.61,5.06
mask_34,352.41,15.61,5.67
mask_35,414.29,17.17,6.06
mask_36,327.72,13.04,6.31
mask_37,367.24,16.31,5.65
mask_38,320.9,13.69,5.88
mask_39,329.56,15.25,5.43
mask_40,348.2,15.16,5.77
mask_41,462.33,17.81,6.52
mask_42,392.2,15.85,6.21
mask_43,376.67,15.6,6.06
mask_44,395.09,17.1,5.8
mask_45,409.31,14.84,6.92
mask_46,335.09,16.52,5.09
mask_47,371.08,16.48,5.65
mask_48,343.72,14.49,5.95
mask_49,336.99,14.46,5.85
mask_50,328.05,15.64,5.26
mask_51,354.5,14.46,6.16
mask_52,356.56,16.62,5.38
mask_53,372.38,15.64,5.98
mask_54,299.94,15.9,4.74
mask_55,339.95,14.36,5.94
mask_56,375.35,14.8,6.36
mask_57,333.49,14.86,5.64
mask_58,237.99,12.61,4.74
mask_59,317.05,14.11,5.64
mask_60,349.88,16.2,5.42
mask_61,393.28,16.75,5.89
mask_62,309.35,14.7,5.28
mask_63,421.74,17.45,6.07
mask_64,330.36,15.76,5.26
mask_65,221.21,12.85,4.32
mask_66,365.45,17.76,5.17
mask_67,386.9,16.27,5.97
mask_68,406.45,17.09,5.97
mask_69,388.05,14.52,6.71
mask_70,318.15,13.11,6.09
mask_71,312.26,12.99,6.04
mask_72,331.24,14.94,5.57
mask_73,302.42,14.39,5.27
mask_74,322.71,13.44,6.03
mask_75,374.74,15.39,6.11
mask_76,315.29,13.82,5.73
mask_77,307.31,16.82,4.59
mask_78,251.05,12.8,4.92
mask_79,339.82,14.7,5.8
mask_80,433.89,17.75,6.14
mask_81,365.23,15.41,5.95
mask_82,378.95,14.3,6.65
mask_83,380.24,15.72,6.07
mask_84,327.06,14.72,5.58
mask_85,237.96,12.21,4.89
mask_86,340.04,13.92,6.13
mask_87,255.25,14.4,4.45
mask_88,387.83,14.17,6.87
mask_89,402.24,15.26,6.62
mask_90,358.68,14.52,6.2
mask_91,320.68,14.04,5.74
mask_92,411.56,15.42,6.7
mask_93,385.94,18.42,5.26
mask_94,341.06,17.71,4.83
mask_95,353.07,14.78,6.0
mask_96,297.74,13.02,5.74
mask_97,241.67,15.74,3.85
mask_98,405.95,15.2,6.71
mask_99,284.41,15.28,4.67
mask_100,244.89,14.58,4.22
mask_101,275.03,13.4,5.15
mask_102,426.28,16.4,6.53
mask_103,367.18,16.39,5.62
mask_104,269.72,11.72,5.78
mask_105,308.88,15.31,5.07
mask_106,322.11,15.86,5.1
mask_107,336.08,17.78,4.74
mask_108,372.21,15.88,5.88
mask_109,359.64,15.02,6.01
mask_110,269.91,13.39,5.06
mask_111,343.72,14.14,6.1
mask_112,256.11,14.25,4.51
mask_113,333.36,17.1,4.89
mask_114,373.37,16.15,5.8
mask_115,333.46,15.46,5.41
mask_116,417.2,17.03,6.15
mask_117,299.67,17.65,4.26
mask_118,406.97,16.5,6.19
mask_119,323.92,12.76,6.37
mask_120,367.29,14.98,6.15
mask_121,431.58,16.02,6.76
mask_122,375.4,16.4,5.75
mask_123,356.37,15.21,5.88
mask_124,386.81,16.57,5.86
mask_125,306.32,15.68,4.9
mask_126,342.49,13.46,6.39
mask_127,364.4,15.81,5.79
mask_128,274.78,11.94,5.77
mask_129,299.97,13.63,5.52
mask_130,340.29,14.39,5.94
mask_131,400.92,15.67,6.42
mask_132,370.56,21.53,4.32
mask_133,363.85,14.69,6.22
mask_134,330.63,14.12,5.88
mask_135,398.92,16.54,6.05
mask_136,278.49,11.58,6.04
mask_137,339.6,14.66,5.82
mask_138,308.27,14.55,5.32
mask_139,316.11,14.56,5.45
mask_140,260.67,14.61,4.48
mask_141,313.42,14.38,5.47
mask_142,357.53,15.85,5.66
mask_143,326.51,16.06,5.1
mask_144,350.65,15.61,5.64
mask_145,252.42,15.05,4.21
mask_146,315.4,14.07,5.63
mask_147,282.62,14.7,4.82
mask_148,278.44,12.7,5.5
mask_149,243.79,14.23,4.3
mask_150,330.08,17.59,4.71
mask_151,286.44,18.58,3.87
mask_152,219.72,12.21,4.52
mask_153,254.84,13.86,4.61
mask_154,180.9,12.39,3.66
mask_155,326.73,15.63,5.25
mask_156,312.1,13.01,6.02
mask_157,249.53,16.93,3.7
mask_158,288.75,16.77,4.32
mask_159,334.92,14.17,5.93
mask_160,391.85,15.93,6.17
mask_161,312.43,12.47,6.29
mask_162,296.09,15.45,4.81
mask_163,257.37,14.22,4.54
mask_164,290.51,15.44,4.72
mask_165,276.1,15.64,4.43
mask_166,231.03,14.93,3.89
mask_167,276.62,14.19,4.89
mask_168,295.71,15.56,4.77
mask_169,353.46,17.2,5.16
mask_170,305.11,14.88,5.15
mask_171,361.82,16.31,5.57
mask_172,237.54,10.46,5.7
mask_173,299.67,15.45,4.87
mask_174,312.98,15.97,4.92
mask_175,316.28,17.64,4.5
mask_176,366.99,14.81,6.22
mask_177,278.82,14.92,4.69
mask_178,257.29,11.88,5.44
mask_179,328.02,19.79,4.16
mask_180,221.18,12.36,4.49
mask_181,204.77,10.37,4.96
mask_182,230.37,13.38,4.32
mask_183,314.85,16.35,4.83
mask_184,225.61,14.2,3.99
mask_185,266.75,13.85,4.84
mask_186,183.21,14.35,3.2
mask_187,340.18,14.05,6.08
mask_188,280.86,16.63,4.24
mask_189,244.56,8.73,6.82
mask_190,214.66,10.44,5.16
mask_191,198.0,12.01,4.14
mask_192,159.06,13.4,2.98
mask_193,146.11,8.98,4.09
mask_194,295.32,17.52,4.23
MaskID,Area(mm^2),Length(mm),Width(mm)
mask_0,135.33,8.7,3.91
mask_1,105.19,8.25,3.2
mask_2,97.32,7.99,3.06
mask_3,92.21,8.11,2.86
mask_4,119.27,7.77,3.85
mask_5,103.87,7.12,3.66
mask_6,82.8,7.38,2.82
mask_7,89.51,7.12,3.16
mask_8,118.99,7.9,3.78
mask_9,90.17,7.5,3.02
mask_10,124.93,8.42,3.72
mask_11,124.38,7.63,4.09
mask_12,104.03,7.28,3.59
mask_13,78.73,5.39,3.67
mask_14,100.62,7.34,3.44
mask_15,91.05,7.54,3.03
mask_16,104.14,6.7,3.9
mask_17,90.39,7.28,3.12
mask_18,78.73,7.41,2.67
mask_19,91.99,7.26,3.18
mask_20,89.02,9.61,2.33
mask_21,82.8,6.65,3.13
mask_22,79.28,7.15,2.78
mask_23,104.53,7.3,3.59
mask_24,100.57,8.14,3.1
mask_25,94.9,6.88,3.46
mask_26,76.39,6.27,3.06
mask_27,94.24,7.99,2.96
mask_28,83.9,5.71,3.69
mask_29,81.37,6.77,3.02
mask_30,87.09,7.16,3.05
mask_31,116.63,7.47,3.92
mask_32,107.88,8.81,3.07
mask_33,74.77,5.6,3.35
mask_34,99.03,6.93,3.59
mask_35,85.03,6.43,3.32
mask_36,78.57,7.58,2.6
mask_37,83.52,6.41,3.27
mask_38,98.92,8.24,3.01
mask_39,84.56,5.96,3.56
mask_40,83.02,8.28,2.52
mask_41,93.97,7.97,2.96
mask_42,86.6,7.17,3.03
mask_43,85.17,7.56,2.83
mask_44,106.62,8.14,3.29
mask_45,109.09,7.02,3.9
mask_46,97.93,8.51,2.89
mask_47,96.11,6.87,3.51
mask_48,64.38,5.92,2.73
mask_49,50.3,6.87,1.84
mask_50,97.93,7.38,3.33
mask_51,78.84,7.06,2.8
mask_52,68.39,6.65,2.58
mask_53,68.5,6.25,2.75
mask_54,88.91,7.17,3.11
mask_55,94.19,7.81,3.03
mask_56,72.08,6.97,2.6
mask_57,80.27,6.5,3.1
mask_58,82.09,5.75,3.58
mask_59,79.45,6.95,2.87
mask_60,74.94,5.89,3.19
mask_61,86.82,7.2,3.03
mask_62,104.75,8.07,3.26
mask_63,71.86,6.39,2.82
mask_64,87.31,8.25,2.66
mask_65,88.14,6.86,3.23
MaskID,Area(mm^2),Length(mm),Width(mm)
mask_0,257.87,13.15,4.92
mask_1,234.77,11.94,4.94
mask_2,192.36,11.85,4.07
mask_3,234.66,11.36,5.19
mask_4,255.61,13.84,4.64
mask_5,235.32,12.26,4.82
mask_6,246.92,12.01,5.16
mask_7,222.5,11.16,5.0
mask_8,201.99,10.69,4.74
mask_9,252.75,11.19,5.67
mask_10,199.57,13.05,3.84
mask_11,221.65,12.12,4.59
mask_12,282.29,13.36,5.3
mask_13,177.02,10.64,4.17
mask_14,282.37,14.1,5.03
mask_15,290.43,14.0,5.21
mask_16,304.73,14.44,5.3
mask_17,231.36,13.64,4.26
mask_18,209.99,13.63,3.87
mask_19,230.31,11.12,5.2
mask_20,292.68,13.83,5.31
mask_21,256.66,14.17,4.55
mask_22,229.82,11.86,4.86
mask_23,308.36,17.07,4.53
mask_24,236.14,12.27,4.83
mask_25,306.1,14.07,5.46
mask_26,260.01,11.92,5.47
mask_27,232.68,12.9,4.53
mask_28,219.15,10.68,5.15
mask_29,238.01,12.75,4.69
mask_30,283.5,14.48,4.91
mask_31,232.24,11.73,4.97
mask_32,250.88,13.01,4.84
mask_33,141.13,8.77,4.04
mask_34,264.52,13.2,5.03
mask_35,318.75,15.97,5.01
mask_36,231.47,13.48,4.31
mask_37,287.43,13.35,5.4
mask_38,262.05,11.75,5.6
mask_39,235.56,11.59,5.1
mask_40,228.39,12.01,4.77
mask_41,204.24,11.89,4.31
mask_42,305.75,13.59,5.65
mask_43,162.72,11.08,3.69
mask_44,255.34,12.32,5.2
mask_45,250.31,13.81,4.55
mask_46,260.56,14.37,4.55
mask_47,113.99,8.8,3.25
mask_48,145.89,8.63,4.24
mask_49,232.18,14.58,4.0
mask_50,244.83,15.54,3.96
mask_51,312.65,13.82,5.68
mask_52,274.09,12.92,5.33
mask_53,265.24,12.07,5.52
mask_54,220.25,10.69,5.17
mask_55,237.02,12.02,4.95
mask_56,213.21,10.23,5.23
mask_57,95.78,7.96,3.02
mask_58,199.46,12.22,4.1
mask_59,248.74,13.56,4.6
mask_60,251.87,12.84,4.92
mask_61,169.76,10.01,4.26
mask_62,201.27,9.44,5.35
mask_63,201.33,11.65,4.34
mask_64,269.42,13.45,5.03
mask_65,134.89,9.05,3.74
mask_66,253.19,13.62,4.67
mask_67,119.21,8.64,3.46
mask_68,202.76,10.87,4.68
mask_69,239.0,12.56,4.78
mask_70,208.09,11.68,4.47
mask_71,207.32,11.87,4.38
mask_72,199.9,11.34,4.42
mask_73,220.03,11.8,4.68
mask_74,199.57,9.71,5.16
mask_75,235.65,11.91,4.97
mask_76,100.02,7.78,3.23
mask_77,208.45,12.26,4.27
mask_78,267.3,13.18,5.09
mask_79,236.42,13.86,4.28
mask_80,208.92,10.84,4.84
mask_81,295.98,13.72,5.41
mask_82,255.28,12.06,5.31
mask_83,205.45,11.02,4.68
mask_84,299.67,14.15,5.32
mask_85,272.72,14.34,4.77
mask_86,279.54,12.54,5.59
mask_87,214.97,12.71,4.24
mask_88,163.65,9.61,4.28
mask_89,312.81,14.78,5.31
mask_90,131.7,9.2,3.59
mask_91,208.62,11.49,4.56
mask_92,282.34,12.01,5.9
mask_93,137.03,9.82,3.5
mask_94,224.56,11.63,4.85
mask_95,251.6,13.84,4.56
mask_96,264.44,13.44,4.94
mask_97,166.38,10.53,3.97
mask_98,126.14,7.09,4.46
mask_99,274.37,14.11,4.88
mask_100,146.27,8.97,4.09
mask_101,261.17,13.4,4.89
mask_102,259.08,13.89,4.68
mask_103,263.12,15.61,4.23
mask_104,266.78,13.14,5.1
mask_105,168.82,8.45,5.01
mask_106,299.92,14.12,5.33
mask_107,233.12,10.97,5.34
mask_108,212.99,12.55,4.26
mask_109,242.55,13.34,4.56
mask_110,186.64,11.83,3.96
mask_111,242.69,11.96,5.09
mask_112,364.76,15.97,5.73
mask_113,286.08,13.31,5.4
mask_114,244.89,13.39,4.59
mask_115,263.06,12.99,5.08
mask_116,153.64,10.3,3.74
mask_117,216.67,10.93,4.98
mask_118,241.75,15.34,3.96
mask_119,268.7,13.51,4.99
mask_120,240.71,10.98,5.5
mask_121,306.6,14.28,5.39
mask_122,169.26,9.03,4.7
mask_123,177.68,12.13,3.68
mask_124,243.73,13.14,4.66
mask_125,228.88,13.41,4.29
mask_126,235.54,15.36,3.85
mask_127,276.05,15.52,4.46
mask_128,279.35,15.05,4.66
mask_129,168.05,9.18,4.59
mask_130,235.07,12.66,4.66
mask_131,169.43,10.45,4.07
mask_132,316.44,17.85,4.45
mask_133,274.42,13.08,5.27
mask_134,236.34,13.26,4.47
mask_135,176.08,9.87,4.48
mask_136,173.91,13.5,3.23
mask_137,227.34,11.51,4.96
mask_138,266.78,12.52,5.35
mask_139,335.36,14.8,5.69
mask_140,198.08,10.58,4.7
mask_141,272.17,14.91,4.58
mask_142,108.87,9.53,2.87
mask_143,262.87,12.28,5.37
mask_144,165.19,10.63,3.9
mask_145,229.87,11.0,5.25
mask_146,267.77,12.86,5.23
mask_147,207.27,11.28,4.61
mask_148,241.37,15.52,3.9
mask_149,145.39,8.79,4.15
mask_150,255.94,10.68,6.02
mask_151,171.24,9.15,4.7
mask_152,252.7,12.58,5.04
mask_153,258.31,12.64,5.13
mask_154,138.35,12.7,2.73
mask_155,208.72,11.49,4.56
mask_156,263.86,11.95,5.54
mask_157,176.11,11.01,4.01
mask_158,198.38,10.52,4.73
mask_159,229.07,13.41,4.29
mask_160,173.66,10.05,4.34
mask_161,222.12,13.42,4.16
mask_162,227.95,13.01,4.4
mask_163,293.07,16.11,4.57
mask_164,253.33,13.5,4.71
mask_165,146.99,8.87,4.16
mask_166,234.33,13.46,4.37
mask_167,125.21,9.11,3.45
mask_168,270.79,12.26,5.55
mask_169,241.2,13.46,4.5
mask_170,271.4,15.2,4.48
mask_171,222.69,11.76,4.75
mask_172,179.11,10.62,4.23
mask_173,244.15,13.35,4.59
mask_174,278.11,14.79,4.72
mask_175,254.13,13.12,4.86
mask_176,255.89,12.22,5.26
mask_177,249.73,12.19,5.14
mask_178,198.08,9.64,5.16
mask_179,232.9,12.46,4.69
mask_180,163.84,10.02,4.1
mask_181,230.94,12.43,4.66
mask_182,122.73,6.8,4.53
mask_183,217.5,10.06,5.43
mask_184,174.82,9.92,4.42
mask_185,238.34,10.82,5.53
mask_186,178.61,9.8,4.57
mask_187,165.52,10.16,4.09
mask_188,116.19,7.8,3.74
mask_189,207.65,13.9,3.75
mask_190,118.61,7.64,3.9
mask_191,129.94,8.15,4.0
mask_192,145.39,11.08,3.29
mask_193,127.41,11.16,2.87
mask_194,194.89,15.1,3.24
mask_195,144.07,9.19,3.94
mask_196,230.97,12.29,4.72
mask_197,194.4,11.64,4.19
mask_198,232.07,11.82,4.93
mask_199,127.9,9.14,3.51
mask_200,103.87,8.99,2.9
mask_201,273.65,13.0,5.28
mask_202,200.28,12.31,4.08
mask_203,130.21,10.72,3.05
mask_204,241.56,12.38,4.9
mask_205,198.85,10.38,4.81
mask_206,288.48,15.24,4.75
mask_207,164.67,10.53,3.93
mask_208,308.66,13.78,5.62
mask_209,216.51,12.42,4.38
mask_210,258.86,15.16,4.29
mask_211,278.82,13.95,5.02
mask_212,180.59,10.62,4.27
mask_213,196.87,10.4,4.75
mask_214,263.09,13.24,4.99
mask_215,157.25,10.29,3.84
mask_216,152.71,10.65,3.6
mask_217,285.15,14.12,5.07
mask_218,238.07,12.77,4.68
mask_219,197.31,10.49,4.72
mask_220,269.03,15.17,4.45
mask_221,238.78,14.02,4.27
mask_222,127.02,9.99,3.19
mask_223,125.43,7.78,4.05
mask_224,261.94,13.2,4.98
mask_225,98.86,6.53,3.8
mask_226,166.1,11.29,3.69
mask_227,233.86,10.52,5.58
mask_228,200.72,11.58,4.35
mask_229,127.57,7.65,4.18
mask_230,97.87,8.58,2.86
mask_231,211.5,10.77,4.93
mask_232,233.83,12.18,4.82
mask_233,148.97,10.2,3.66
mask_234,168.69,11.14,3.8
mask_235,211.61,12.34,4.31
mask_236,210.07,11.78,4.48
mask_237,287.46,15.5,4.66
mask_238,149.35,10.85,3.46
mask_239,231.14,13.76,4.22
mask_240,269.47,13.6,4.97
mask_241,154.19,9.65,4.01
mask_242,78.07,6.94,2.82
mask_243,165.58,10.54,3.94
mask_244,143.58,9.41,3.83
mask_245,241.42,10.59,5.73
mask_246,237.38,13.68,4.35
mask_247,242.22,12.54,4.85
mask_248,218.76,11.35,4.84
mask_249,244.37,13.01,4.72
mask_250,244.23,13.22,4.64
mask_251,227.73,11.18,5.12
mask_252,178.56,10.72,4.18
mask_253,96.22,6.24,3.87
mask_254,234.88,13.41,4.4
mask_255,236.8,12.47,4.77
mask_256,198.14,11.88,4.19
mask_257,206.22,12.32,4.2
mask_258,224.21,11.66,4.83
mask_259,237.68,11.15,5.35
mask_260,188.68,11.38,4.16
mask_261,182.79,13.75,3.34
mask_262,195.28,10.81,4.53
mask_263,202.15,10.26,4.95
mask_264,259.08,13.57,4.79
mask_265,153.42,9.94,3.87
mask_266,187.08,10.08,4.66
mask_267,210.95,12.88,4.11
mask_268,205.67,12.85,4.02
mask_269,124.55,8.97,3.49
mask_270,160.41,9.43,4.27
mask_271,177.9,11.12,4.02
mask_272,115.42,9.82,2.95
mask_273,149.41,9.8,3.83
mask_274,218.52,13.53,4.05
mask_275,210.9,9.17,5.77
mask_276,218.05,12.07,4.54
mask_277,143.58,6.94,5.19
mask_278,273.1,13.88,4.94
mask_279,135.99,10.78,3.17
mask_280,113.8,9.83,2.91
mask_281,138.74,10.23,3.4
mask_282,234.33,11.69,5.03
mask_283,218.71,10.66,5.15
mask_284,191.43,10.22,4.7
mask_285,264.69,12.61,5.27
mask_286,124.14,8.21,3.79
mask_287,227.45,11.85,4.82
mask_288,171.3,9.01,4.77
mask_289,144.07,9.68,3.74
mask_290,141.49,10.69,3.32
mask_291,88.25,8.53,2.6
mask_292,290.73,12.23,5.97
mask_293,168.16,10.1,4.18
mask_294,198.96,11.67,4.28
mask_295,192.47,10.29,4.69
mask_296,199.73,9.84,5.1
mask_297,223.55,13.6,4.13
mask_298,186.23,10.52,4.44
mask_299,209.58,11.24,4.68
mask_300,124.82,9.22,3.4
mask_301,186.37,11.0,4.25
mask_302,204.68,11.35,4.53
mask_303,179.49,11.84,3.8
mask_304,217.55,12.59,4.34
mask_305,227.04,14.09,4.05
mask_306,287.4,14.8,4.88
mask_307,220.69,11.55,4.8
mask_308,155.62,8.88,4.4
mask_309,239.55,12.86,4.68
mask_310,232.79,11.72,4.99
mask_311,138.46,11.03,3.15
mask_312,196.54,11.53,4.28
mask_313,222.67,11.18,5.0
mask_314,181.75,10.07,4.53
mask_315,173.09,9.58,4.53
mask_316,145.83,8.43,4.34
mask_317,251.41,11.95,5.28
mask_318,126.83,7.03,4.53
mask_319,185.87,11.73,3.98
mask_320,246.76,12.89,4.81
mask_321,196.54,10.35,4.76
mask_322,130.76,10.18,3.22
mask_323,114.26,8.24,3.48
MaskID,Area(mm^2),Length(mm),Width(mm)
mask_0,361.54,14.47,6.27
mask_1,386.9,14.45,6.72
mask_2,363.19,14.6,6.25
mask_3,424.74,17.64,6.04
mask_4,418.82,18.52,5.68
mask_5,392.23,16.03,6.14
mask_6,425.51,16.67,6.41
mask_7,372.71,16.27,5.75
mask_8,336.63,15.32,5.52
mask_9,372.43,16.84,5.55
mask_10,372.95,14.7,6.37
mask_11,368.44,15.25,6.07
mask_12,377.99,15.08,6.29
mask_13,381.29,15.51,6.17
mask_14,357.14,15.82,5.67
mask_15,367.1,15.69,5.87
mask_16,459.39,16.63,6.94
mask_17,391.9,17.19,5.72
mask_18,360.72,14.95,6.06
mask_19,341.22,13.99,6.12
mask_20,344.11,13.31,6.49
mask_21,370.07,14.49,6.41
mask_22,392.29,15.46,6.37
mask_23,323.98,13.72,5.93
mask_24,450.37,16.06,7.04
mask_25,406.81,17.33,5.89
mask_26,340.86,13.48,6.35
mask_27,479.85,18.06,6.67
mask_28,442.67,16.9,6.57
mask_29,407.58,17.08,5.99
mask_30,372.54,15.57,6.01
mask_31,352.19,14.69,6.02
mask_32,325.19,13.51,6.04
mask_33,337.23,15.06,5.62
mask_34,348.29,13.27,6.59
mask_35,447.73,18.46,6.09
mask_36,297.08,12.5,5.97
mask_37,398.67,16.13,6.2
mask_38,401.91,16.29,6.19
mask_39,374.47,15.48,6.07
mask_40,360.06,15.61,5.79
mask_41,318.09,13.52,5.91
mask_42,431.23,16.46,6.58
mask_43,429.41,17.42,6.19
mask_44,452.13,18.85,6.02
mask_45,394.71,14.48,6.84
mask_46,430.79,17.22,6.28
mask_47,434.75,16.81,6.49
mask_48,372.68,15.33,6.1
mask_49,404.22,16.18,6.27
MaskID,Area(mm^2),Length(mm),Width(mm)
mask_0,293.4,13.9,5.3
mask_1,293.43,13.87,5.31
mask_2,226.46,12.94,4.39
mask_3,217.33,11.98,4.55
mask_4,316.17,15.01,5.29
mask_5,226.22,13.07,4.35
mask_6,221.73,13.2,4.22
mask_7,116.52,8.24,3.55
mask_8,197.09,11.27,4.39
mask_9,201.88,11.81,4.29
mask_10,239.28,11.15,5.39
mask_11,177.24,8.45,5.26
mask_12,228.88,12.26,4.69
mask_13,235.48,11.19,5.28
mask_14,225.14,13.16,4.29
mask_15,248.02,11.99,5.19
mask_16,264.91,13.64,4.88
mask_17,297.08,13.84,5.39
mask_18,305.19,13.43,5.7
mask_19,131.26,7.17,4.6
mask_20,262.93,12.23,5.4
mask_21,250.0,13.88,4.52
mask_22,220.91,10.86,5.11
mask_23,227.21,15.86,3.6
mask_24,303.46,13.96,5.46
mask_25,304.29,12.98,5.89
mask_26,216.43,13.01,4.17
mask_27,278.41,13.03,5.36
mask_28,204.46,9.87,5.2
mask_29,259.35,13.24,4.92
mask_30,274.7,15.49,4.45
mask_31,168.11,9.9,4.26
mask_32,269.09,13.5,5.0
mask_33,142.86,9.58,3.74
mask_34,311.6,14.05,5.57
mask_35,274.01,12.84,5.36
mask_36,254.18,11.17,5.71
mask_37,173.61,11.72,3.72
mask_38,241.15,11.94,5.07
mask_39,238.56,12.85,4.66
mask_40,289.0,14.48,5.01
mask_41,233.89,14.2,4.13
mask_42,245.52,12.97,4.75
mask_43,283.0,13.89,5.11
mask_44,223.91,13.26,4.24
mask_45,152.71,9.59,4.0
mask_46,268.92,16.89,4.0
mask_47,189.47,10.36,4.59
mask_48,282.34,13.61,5.21
mask_49,221.57,10.46,5.32
mask_50,179.99,10.89,4.15
mask_51,243.46,12.62,4.84
mask_52,264.52,13.31,4.99
mask_53,173.94,9.53,4.58
mask_54,142.09,9.71,3.67
mask_55,179.19,10.17,4.42
mask_56,208.92,18.21,2.88
mask_57,234.74,12.1,4.87
mask_58,262.1,12.63,5.21
mask_59,263.15,13.79,4.79
mask_60,285.04,12.9,5.55
mask_61,233.28,11.79,4.97
mask_62,244.67,13.96,4.4
mask_63,225.2,11.14,5.07
mask_64,146.38,8.55,4.3
mask_65,255.06,12.06,5.31
mask_66,240.82,11.13,5.43
mask_67,221.35,12.42,4.47
mask_68,356.01,16.74,5.34
mask_69,319.91,15.29,5.25
mask_70,123.12,8.97,3.45
mask_71,154.08,9.01,4.29
mask_72,156.39,9.88,3.97
mask_73,309.13,14.87,5.22
mask_74,222.12,11.37,4.9
mask_75,229.21,11.66,4.93
mask_76,248.35,13.67,4.56
mask_77,245.38,12.45,4.95
mask_78,154.58,10.45,3.71
mask_79,279.15,15.08,4.65
mask_80,231.3,10.25,5.66
mask_81,153.4,11.17,3.45
mask_82,305.5,13.95,5.5
mask_83,260.51,12.79,5.11
mask_84,271.89,13.11,5.21
mask_85,261.06,13.02,5.03
mask_86,258.06,13.18,4.91
mask_87,263.56,13.72,4.82
mask_88,164.64,9.22,4.48
mask_89,230.37,11.62,4.98
mask_90,191.43,11.53,4.17
mask_91,156.34,9.29,4.22
mask_92,261.83,15.23,4.31
mask_93,186.59,11.66,4.02
mask_94,210.24,10.55,5.0
mask_95,193.46,10.12,4.8
mask_96,232.18,12.25,4.76
mask_97,262.24,14.48,4.55
mask_98,237.24,13.04,4.57
mask_99,122.4,9.22,3.33
mask_100,154.3,8.48,4.57
mask_101,256.55,14.93,4.31
mask_102,225.36,11.4,4.96
mask_103,231.74,13.01,4.47
mask_104,267.22,14.06,4.77
mask_105,285.42,13.27,5.4
mask_106,211.94,11.95,4.45
mask_107,216.95,11.97,4.55
mask_108,198.08,13.18,3.77
mask_109,230.04,12.8,4.51
mask_110,241.75,12.66,4.79
mask_111,233.12,12.45,4.7
mask_112,185.98,11.08,4.21
mask_113,153.75,10.08,3.83
mask_114,182.24,8.8,5.2
mask_115,185.87,9.82,4.75
mask_116,257.21,13.94,4.63
mask_117,242.14,13.18,4.61
mask_118,207.21,9.07,5.73
mask_119,171.71,10.55,4.09
mask_120,230.64,11.81,4.9
mask_121,106.09,9.34,2.85
mask_122,136.1,9.27,3.69
mask_123,168.05,11.07,3.81
mask_124,236.86,11.82,5.03
mask_125,237.19,12.96,4.6
mask_126,90.89,8.09,2.82
mask_127,147.04,9.74,3.79
mask_128,169.7,10.2,4.18
mask_129,145.56,9.49,3.85
mask_130,142.7,9.87,3.63
mask_131,249.4,13.21,4.74
mask_132,219.64,11.82,4.67
mask_133,243.73,12.51,4.89
mask_134,166.62,9.92,4.22
mask_135,185.98,11.94,3.91
mask_136,237.46,11.72,5.09
mask_137,194.56,9.95,4.91
mask_138,289.05,15.37,4.72
mask_139,151.99,11.14,3.42
mask_140,195.28,10.21,4.8
mask_141,204.3,12.38,4.14
mask_142,221.46,13.81,4.02
mask_143,195.41,11.47,4.28
mask_144,235.65,11.6,5.1
mask_145,198.3,11.26,4.42
mask_146,197.53,11.96,4.15
mask_147,197.28,10.88,4.55
mask_148,216.62,11.2,4.85
mask_149,225.86,12.59,4.5
mask_150,271.64,12.04,5.67
mask_151,163.93,10.86,3.79
mask_152,192.2,10.57,4.57
mask_153,238.23,11.88,5.03
mask_154,163.21,9.93,4.13
mask_155,187.14,12.82,3.66
mask_156,203.44,12.93,3.95
mask_157,192.47,12.94,3.73
mask_158,208.7,12.52,4.18
mask_159,230.09,11.61,4.98
mask_160,116.19,7.56,3.86
mask_161,250.83,11.18,5.63
mask_162,221.62,12.71,4.38
mask_163,134.89,9.7,3.49
mask_164,216.34,10.95,4.96
mask_165,108.82,8.62,3.17
mask_166,242.08,11.85,5.13
mask_167,199.51,10.67,4.69
mask_168,173.11,9.85,4.41
mask_169,278.38,12.79,5.47
mask_170,248.82,14.17,4.41
mask_171,101.01,8.49,2.98
mask_172,136.48,8.65,3.96
mask_173,263.48,14.19,4.66
mask_174,274.26,12.38,5.56
mask_175,221.13,11.05,5.02
mask_176,204.85,12.84,4.01
mask_177,120.15,9.7,3.11
mask_178,219.37,12.05,4.57
mask_179,195.72,10.33,4.75
mask_180,252.04,10.99,5.76
mask_181,183.78,9.42,4.9
mask_182,191.32,10.58,4.54
mask_183,187.41,10.87,4.33
mask_184,273.19,13.94,4.92
mask_185,230.53,12.0,4.82
mask_186,218.43,11.58,4.74
mask_187,134.28,9.14,3.69
mask_188,132.55,8.91,3.74
mask_189,190.33,11.6,4.12
mask_190,146.93,8.7,4.24
mask_191,197.15,11.37,4.35
mask_192,188.13,9.39,5.03
mask_193,176.3,9.5,4.66
mask_194,174.87,9.63,4.56
mask_195,138.08,9.61,3.61
mask_196,146.82,10.82,3.41
mask_197,178.78,10.07,4.46
mask_198,228.91,14.35,4.0
mask_199,243.35,11.95,5.11
mask_200,180.15,10.9,4.15
mask_201,233.61,11.14,5.27
mask_202,146.99,10.42,3.54
mask_203,250.39,12.76,4.93
mask_204,274.75,13.27,5.2
mask_205,161.78,10.58,3.84
mask_206,154.85,8.43,4.61
mask_207,218.27,11.24,4.87
mask_208,254.57,12.17,5.25
mask_209,185.93,10.25,4.55
mask_210,245.16,12.78,4.81
mask_211,190.77,10.42,4.6
mask_212,210.13,13.19,4.0
mask_213,215.35,11.64,4.64
mask_214,188.18,11.62,4.06
mask_215,227.29,15.03,3.8
mask_216,262.32,14.0,4.7
mask_217,222.5,13.48,4.14
mask_218,159.97,9.38,4.28
mask_219,221.51,11.0,5.06
mask_220,173.11,10.76,4.04
mask_221,229.71,13.3,4.33
mask_222,242.72,12.45,4.89
mask_223,218.65,11.7,4.69
mask_224,179.49,11.17,4.04
mask_225,202.46,12.8,3.97
mask_226,284.21,12.58,5.67
mask_227,166.98,7.19,5.66
mask_228,224.15,13.15,4.28
mask_229,238.78,11.91,5.03
mask_230,132.69,10.08,3.3
mask_231,133.13,8.83,3.78
mask_232,209.16,12.59,4.17
mask_233,112.28,9.01,3.13
mask_234,237.57,13.36,4.46
mask_235,107.72,8.99,3.01
mask_236,116.0,9.13,3.19
mask_237,154.8,9.14,4.25
mask_238,137.91,8.48,4.08
mask_239,209.3,10.35,5.08
mask_240,137.22,10.35,3.33
mask_241,241.26,14.8,4.09
mask_242,210.84,11.49,4.6
mask_243,181.97,10.39,4.39
mask_244,266.42,13.89,4.81
mask_245,211.06,12.46,4.25
mask_246,185.62,11.54,4.04
mask_247,223.49,12.68,4.42
mask_248,194.01,10.53,4.63
mask_249,153.42,8.4,4.58
mask_250,232.29,12.35,4.72
mask_251,135.38,9.12,3.73
mask_252,208.86,12.23,4.29
mask_253,172.4,10.11,4.28
mask_254,183.62,11.66,3.95
mask_255,238.56,13.36,4.48
mask_256,193.27,12.96,3.74
mask_257,190.6,13.72,3.49
mask_258,244.2,12.71,4.82
mask_259,130.68,9.53,3.44
mask_260,133.57,10.54,3.18
mask_261,89.73,7.62,2.96
mask_262,261.91,12.65,5.2
mask_263,259.44,13.1,4.97
mask_264,205.89,13.13,3.94
mask_265,163.38,8.66,4.74
mask_266,149.46,9.25,4.06
mask_267,176.19,11.25,3.93
mask_268,259.76,13.76,4.74
mask_269,98.95,8.25,3.01
mask_270,237.52,13.18,4.52
mask_271,186.28,12.05,3.88
mask_272,141.82,10.11,3.52
mask_273,129.83,7.74,4.21
mask_274,208.48,12.73,4.11
mask_275,271.56,15.23,4.48
mask_276,156.97,9.58,4.11
mask_277,192.97,11.81,4.1
mask_278,261.17,13.37,4.9
mask_279,168.55,10.47,4.04
mask_280,218.24,11.48,4.77
mask_281,171.19,9.88,4.35
mask_282,189.45,9.43,5.04
mask_283,157.16,9.6,4.11
mask_284,238.51,12.76,4.69
mask_285,274.73,12.67,5.44
mask_286,124.11,9.6,3.25
mask_287,226.3,12.08,4.7
mask_288,118.55,9.6,3.1
mask_289,144.84,8.98,4.05
mask_290,165.36,12.7,3.27
mask_291,186.4,10.3,4.54
mask_292,224.15,12.62,4.46
mask_293,196.05,11.68,4.21
mask_294,207.29,12.09,4.3
mask_295,131.15,8.76,3.76
mask_296,248.79,12.14,5.14
mask_297,242.58,12.01,5.07
mask_298,196.32,11.68,4.22
mask_299,234.55,13.17,4.47
mask_300,150.67,8.77,4.31
mask_301,169.92,8.21,5.2
mask_302,220.41,12.83,4.31
mask_303,286.08,14.92,4.81
mask_304,154.5,10.35,3.75
mask_305,218.27,12.6,4.35
mask_306,243.68,12.43,4.92
mask_307,164.56,9.5,4.35
mask_308,127.63,9.82,3.26
mask_309,207.93,11.18,4.67
mask_310,161.15,9.77,4.14
mask_311,141.87,10.07,3.54
mask_312,324.86,14.21,5.74
mask_313,157.71,9.99,3.96
mask_314,175.31,13.31,3.31
mask_315,126.09,9.95,3.18
mask_316,242.85,12.59,4.84
MaskID,Area(mm^2),Length(mm),Width(mm)
mask_0,282.56,15.15,4.68
mask_1,163.93,11.34,3.63
mask_2,297.91,13.77,5.43
mask_3,205.78,11.27,4.58
mask_4,178.39,11.42,3.92
mask_5,123.34,8.78,3.53
mask_6,124.11,8.53,3.65
mask_7,167.28,9.36,4.49
mask_8,245.6,13.74,4.49
mask_9,224.04,11.18,5.03
mask_10,233.47,12.73,4.6
mask_11,207.27,12.57,4.14
mask_12,146.22,8.97,4.09
mask_13,192.28,12.14,3.97
mask_14,191.59,12.37,3.89
mask_15,178.06,11.24,3.98
mask_16,197.23,12.93,3.83
mask_17,180.24,11.34,3.99
mask_18,133.62,9.72,3.45
MaskID,Area(mm^2),Length(mm),Width(mm)
mask_0,246.65,12.61,4.91
mask_1,292.46,14.21,5.17
mask_2,221.84,12.12,4.6
mask_3,254.73,13.27,4.82
mask_4,339.16,14.64,5.81
mask_5,218.82,11.63,4.72
mask_6,269.69,14.04,4.82
mask_7,273.65,12.61,5.45
mask_8,262.27,13.59,4.84
mask_9,251.27,13.08,4.82
mask_10,219.59,12.21,4.52
mask_11,233.83,11.96,4.91
mask_12,304.73,13.78,5.55
mask_13,227.4,13.68,4.17
mask_14,134.89,8.14,4.16
mask_15,200.12,11.35,4.42
mask_16,348.84,15.68,5.58
mask_17,172.12,10.43,4.14
mask_18,259.74,13.29,4.91
mask_19,280.83,15.08,4.68
mask_20,255.56,12.14,5.28
mask_21,266.09,13.33,5.01
mask_22,139.78,9.89,3.55
mask_23,233.12,11.27,5.19
mask_24,190.55,11.18,4.28
mask_25,157.82,10.07,3.94
mask_26,206.88,10.52,4.94
mask_27,197.01,11.88,4.16
mask_28,268.87,14.54,4.64
mask_29,258.09,12.44,5.21
mask_30,235.7,12.06,4.91
mask_31,352.74,15.9,5.57
mask_32,207.6,11.88,4.39
mask_33,221.29,11.64,4.77
mask_34,235.87,12.89,4.59
mask_35,248.74,13.44,4.65
mask_36,244.17,12.73,4.81
mask_37,149.24,8.49,4.41
mask_38,221.1,12.32,4.5
mask_39,238.01,12.65,4.72
mask_40,175.56,9.87,4.46
mask_41,223.55,10.13,5.54
mask_42,224.21,10.91,5.16
mask_43,208.37,10.23,5.12
mask_44,252.37,12.92,4.9
mask_45,245.99,14.63,4.22
mask_46,181.69,8.92,5.11
mask_47,222.56,11.71,4.77
mask_48,151.72,9.79,3.89
mask_49,240.1,13.02,4.63
mask_50,228.39,11.7,4.9
mask_51,299.45,14.08,5.34
mask_52,289.38,12.63,5.75
mask_53,251.98,13.44,4.71
mask_54,266.39,12.26,5.45
mask_55,225.97,13.95,4.07
mask_56,249.73,11.46,5.47
mask_57,282.95,13.07,5.44
mask_58,247.14,12.43,4.99
mask_59,248.1,13.05,4.77
mask_60,181.58,10.99,4.15
mask_61,233.83,12.34,4.76
mask_62,153.81,9.58,4.03
mask_63,144.13,9.15,3.95
mask_64,150.29,8.41,4.48
mask_65,201.93,10.56,4.8
mask_66,253.91,13.87,4.59
mask_67,227.92,12.47,4.59
mask_68,186.31,9.75,4.8
mask_69,140.22,9.49,3.71
mask_70,210.79,11.24,4.71
mask_71,206.83,11.31,4.59
mask_72,154.14,9.64,4.01
mask_73,171.68,9.38,4.59
mask_74,148.91,9.42,3.97
mask_75,118.06,8.36,3.55
mask_76,221.79,11.41,4.88
mask_77,208.97,9.98,5.25
mask_78,135.55,7.62,4.46
mask_79,194.56,10.78,4.53
mask_80,220.3,12.35,4.48
mask_81,164.97,11.14,3.72
mask_82,220.3,9.88,5.6
mask_83,271.07,13.24,5.14
mask_84,214.58,12.42,4.34
mask_85,225.53,11.53,4.91
mask_86,137.69,9.5,3.64
mask_87,266.45,13.27,5.04
mask_88,237.9,11.88,5.03
mask_89,239.5,12.88,4.67
mask_90,182.02,12.01,3.8
mask_91,225.14,10.17,5.56
mask_92,243.51,14.43,4.24
mask_93,227.95,11.85,4.83
mask_94,236.56,11.94,4.97
mask_95,123.12,9.64,3.21
mask_96,141.54,9.04,3.93
mask_97,155.38,9.7,4.02
mask_98,232.46,12.42,4.7
mask_99,180.98,10.93,4.16
mask_100,99.36,9.15,2.73
mask_101,260.62,13.52,4.84
mask_102,221.68,12.23,4.55
mask_103,238.89,12.62,4.75
mask_104,198.55,10.74,4.64
mask_105,136.1,9.97,3.43
mask_106,145.83,9.48,3.86
mask_107,229.76,12.1,4.77
mask_108,254.35,13.37,4.78
mask_109,266.72,13.67,4.9
mask_110,172.4,10.88,3.98
mask_111,155.18,11.15,3.5
mask_112,183.89,10.76,4.29
mask_113,246.81,11.86,5.23
mask_114,249.53,13.3,4.71
mask_115,160.9,11.38,3.55
mask_116,242.91,10.63,5.74
mask_117,198.96,11.73,4.26
mask_118,249.34,15.07,4.15
mask_119,165.74,10.17,4.09
mask_120,267.93,12.75,5.28
mask_121,166.51,12.64,3.31
mask_122,216.73,11.82,4.6
mask_123,290.32,14.9,4.89
mask_124,221.02,11.55,4.8
mask_125,226.3,12.19,4.66
mask_126,155.9,8.7,4.5
mask_127,276.02,13.25,5.23
mask_128,169.84,11.05,3.86
mask_129,232.68,12.09,4.83
mask_130,174.54,12.76,3.43
mask_131,184.28,10.43,4.43
mask_132,200.12,11.83,4.24
mask_133,204.6,11.66,4.4
mask_134,179.71,12.93,3.49
mask_135,225.03,12.9,4.38
mask_136,218.87,11.7,4.69
mask_137,249.26,12.09,5.18
mask_138,249.26,15.92,3.93
mask_139,209.14,13.92,3.77
mask_140,121.58,9.58,3.19
mask_141,143.25,8.5,4.23
mask_142,186.97,12.45,3.77
mask_143,251.87,12.31,5.14
mask_144,226.63,11.8,4.82
mask_145,276.29,13.72,5.05
mask_146,163.87,11.6,3.55
mask_147,223.88,11.12,5.05
mask_148,150.18,7.55,4.99
mask_149,244.56,14.38,4.27
mask_150,202.65,10.76,4.73
mask_151,186.53,10.81,4.33
mask_152,221.04,11.38,4.88
mask_153,105.52,8.57,3.09
mask_154,195.85,9.44,5.21
mask_155,166.35,9.72,4.3
mask_156,148.36,10.86,3.43
mask_157,119.05,8.33,3.59
mask_158,197.92,11.04,4.5
mask_159,192.0,11.27,4.28
mask_160,157.41,10.34,3.82
mask_161,134.39,8.41,4.01
mask_162,206.06,11.86,4.36
mask_163,211.09,12.0,4.42
mask_164,148.03,8.85,4.2
mask_165,226.74,11.82,4.81
mask_166,171.9,10.04,4.3
mask_167,110.36,9.37,2.96
mask_168,205.26,10.1,5.1
mask_169,114.87,7.58,3.81
mask_170,231.91,12.09,4.82
mask_171,236.03,12.62,4.69
mask_172,183.56,9.5,4.85
mask_173,174.82,11.29,3.89
mask_174,127.93,9.12,3.52
mask_175,165.41,10.7,3.88
mask_176,72.3,6.29,2.88
mask_177,243.51,11.69,5.23
mask_178,120.92,7.95,3.82
mask_179,249.65,12.73,4.92
mask_180,207.87,10.07,5.18
MaskID,Area(mm^2),Length(mm),Width(mm)
mask_0,382.33,14.76,6.5
mask_1,314.52,14.32,5.51
mask_2,345.84,14.26,6.09
mask_3,388.44,16.75,5.82
mask_4,341.63,15.11,5.68
mask_5,372.6,15.42,6.07
mask_6,371.72,15.09,6.18
mask_7,402.13,15.69,6.44
mask_8,361.1,14.35,6.32
mask_9,392.98,15.25,6.47
mask_10,295.82,14.73,5.04
mask_11,349.83,15.25,5.76
mask_12,320.18,13.89,5.79
mask_13,362.09,15.0,6.06
mask_14,364.84,14.21,6.44
mask_15,416.32,15.74,6.64
mask_16,384.86,17.25,5.6
mask_17,426.69,16.11,6.65
mask_18,383.21,16.33,5.89
mask_19,388.91,16.28,6.0
mask_20,339.82,13.99,6.1
mask_21,295.54,15.37,4.83
mask_22,353.57,16.14,5.5
mask_23,358.57,13.92,6.47
mask_24,351.73,15.18,5.82
mask_25,310.06,13.67,5.7
mask_26,345.48,14.8,5.86
mask_27,353.95,16.17,5.5
mask_28,354.56,15.69,5.67
mask_29,318.09,13.55,5.89
mask_30,449.98,17.69,6.39
mask_31,348.48,15.84,5.52
mask_32,368.09,15.59,5.93
mask_33,361.87,14.48,6.27
mask_34,308.99,15.79,4.91
mask_35,395.64,16.43,6.05
mask_36,357.83,14.3,6.28
mask_37,324.31,14.4,5.65
mask_38,406.26,17.03,5.99
mask_39,354.14,14.63,6.08
mask_40,382.17,15.85,6.05
mask_41,331.98,14.21,5.86
mask_42,322.99,13.96,5.81
mask_43,415.63,17.54,5.95
mask_44,436.73,17.68,6.2
mask_45,356.7,15.85,5.65
mask_46,472.81,16.04,7.4
mask_47,290.7,15.69,4.65
mask_48,321.67,16.37,4.93
mask_49,357.36,15.22,5.89
mask_50,305.61,15.47,4.96
mask_51,380.9,16.83,5.68
mask_52,325.46,16.99,4.81
mask_53,342.68,16.8,5.12
mask_54,330.14,13.73,6.04
mask_55,392.4,15.74,6.26
mask_56,350.3,15.91,5.53
mask_57,369.93,16.69,5.56
mask_58,323.35,15.1,5.38
mask_59,334.98,16.24,5.18
mask_60,325.35,14.73,5.54
mask_61,338.94,15.2,5.6
mask_62,335.39,13.82,6.09
mask_63,339.16,15.03,5.66
mask_64,345.54,14.63,5.93
mask_65,303.63,13.45,5.67
mask_66,329.09,14.37,5.75
mask_67,370.92,15.13,6.15
mask_68,389.54,15.63,6.26
mask_69,407.19,16.6,6.16
mask_70,343.42,15.33,5.62
mask_71,359.75,14.64,6.17
mask_72,384.7,16.05,6.02
mask_73,350.71,13.82,6.37
mask_74,386.76,16.05,6.05
mask_75,373.37,15.33,6.11
mask_76,326.1,15.25,5.37
mask_77,379.64,16.37,5.82
mask_78,319.25,13.24,6.05
mask_79,378.15,16.84,5.64
mask_80,375.02,15.48,6.08
mask_81,359.15,15.54,5.8
mask_82,342.13,14.37,5.98
mask_83,400.92,17.54,5.74
mask_84,349.88,13.18,6.67
mask_85,354.72,15.71,5.67
mask_86,326.18,14.21,5.76
mask_87,358.11,14.55,6.18
mask_88,320.84,15.7,5.13
mask_89,347.9,15.87,5.5
mask_90,337.84,15.19,5.58
mask_91,418.36,15.87,6.62
mask_92,363.63,13.81,6.61
mask_93,407.69,16.24,6.3
mask_94,342.46,14.23,6.04
mask_95,392.26,15.8,6.23
mask_96,324.97,12.84,6.35
mask_97,342.46,13.99,6.14
mask_98,375.7,18.09,5.21
mask_99,396.14,16.51,6.02
mask_100,372.74,15.92,5.88
mask_101,320.13,13.99,5.74
mask_102,300.02,14.96,5.03
mask_103,360.88,14.68,6.17
mask_104,357.64,15.79,5.69
mask_105,392.89,18.43,5.35
mask_106,365.5,16.01,5.73
mask_107,410.33,16.7,6.17
mask_108,323.01,14.79,5.48
mask_109,259.35,14.43,4.51
mask_110,317.05,11.36,7.0
mask_111,351.86,18.11,4.88
mask_112,312.4,14.4,5.45
mask_113,308.22,14.23,5.44
mask_114,266.89,12.47,5.37
mask_115,340.67,14.45,5.92
mask_116,380.11,15.78,6.04
mask_117,294.72,15.7,4.71
mask_118,370.45,15.74,5.91
mask_119,312.81,13.36,5.88
mask_120,309.79,14.99,5.19
mask_121,393.63,15.55,6.36
mask_122,368.23,15.72,5.88
mask_123,323.32,13.56,5.99
mask_124,373.31,15.41,6.08
mask_125,378.04,16.02,5.92
mask_126,388.49,15.43,6.32
mask_127,286.08,14.0,5.13
mask_128,359.01,14.91,6.04
mask_129,364.65,15.8,5.79
mask_130,343.45,14.69,5.87
mask_131,342.62,14.42,5.97
mask_132,304.59,12.53,6.1
mask_133,394.27,16.89,5.86
mask_134,351.59,13.88,6.36
mask_135,309.73,14.8,5.25
mask_136,387.31,16.14,6.02
mask_137,399.05,15.69,6.38
mask_138,371.52,15.66,5.96
mask_139,357.64,16.06,5.59
mask_140,320.29,15.27,5.27
mask_141,357.25,15.5,5.79
mask_142,388.27,15.95,6.11
mask_143,325.79,16.21,5.05
mask_144,332.12,14.74,5.66
mask_145,291.2,12.09,6.05
mask_146,351.01,13.31,6.62
mask_147,331.4,13.8,6.03
mask_148,387.5,16.96,5.73
mask_149,321.75,12.64,6.39
mask_150,297.63,14.39,5.19
mask_151,380.13,15.62,6.11
mask_152,350.85,16.93,5.2
mask_153,303.63,14.42,5.28
mask_154,278.93,16.63,4.21
mask_155,332.23,15.8,5.28
mask_156,359.4,15.44,5.84
mask_157,352.77,14.73,6.01
mask_158,353.35,17.15,5.17
mask_159,345.98,14.08,6.17
mask_160,310.39,15.39,5.06
mask_161,327.91,14.78,5.57
mask_162,393.5,16.17,6.11
mask_163,356.15,15.89,5.63
mask_164,375.51,15.89,5.93
mask_165,397.62,15.05,6.63
mask_166,428.42,15.85,6.79
mask_167,292.08,13.24,5.54
mask_168,343.23,16.04,5.37
mask_169,392.01,15.7,6.27
mask_170,322.46,18.27,4.43
mask_171,313.53,13.56,5.81
mask_172,339.27,17.36,4.91
mask_173,265.13,14.92,4.46
mask_174,246.87,15.03,4.12
mask_175,406.2,15.29,6.67
mask_176,341.19,14.04,6.1
mask_177,375.9,16.21,5.82
mask_178,317.43,13.91,5.73
mask_179,359.62,15.52,5.82
mask_180,335.2,15.71,5.36
mask_181,449.87,19.55,5.78
mask_182,285.15,14.34,4.99
mask_183,359.26,14.98,6.02
mask_184,316.25,16.5,4.81
mask_185,268.98,12.38,5.45
mask_186,265.13,12.24,5.44
mask_187,238.18,14.34,4.17
mask_188,280.53,15.08,4.67
mask_189,343.69,13.79,6.26
mask_190,214.14,11.72,4.59
mask_191,178.75,10.34,4.34
mask_192,302.42,13.37,5.68
mask_193,263.06,12.46,5.3
MaskID,Area(mm^2),Length(mm),Width(mm)
mask_0,332.61,16.8,4.97
mask_1,426.55,16.67,6.42
mask_2,440.8,16.6,6.66
mask_3,433.01,16.54,6.57
mask_4,386.51,15.69,6.19
mask_5,305.88,13.53,5.67
mask_6,372.3,14.14,6.61
mask_7,446.13,17.59,6.37
mask_8,353.68,13.86,6.4
mask_9,382.88,17.14,5.61
mask_10,372.16,14.61,6.39
mask_11,370.73,14.64,6.36
mask_12,374.91,16.12,5.84
mask_13,426.44,16.67,6.42
mask_14,369.08,14.0,6.62
mask_15,409.61,16.89,6.09
mask_16,428.86,18.32,5.88
mask_17,370.89,14.92,6.24
mask_18,370.67,15.57,5.98
mask_19,429.69,17.4,6.2
mask_20,377.57,16.1,5.89
mask_21,326.84,14.13,5.81
mask_22,398.72,16.37,6.11
mask_23,450.7,16.8,6.73
mask_24,361.49,15.14,5.99
mask_25,367.76,15.64,5.9
mask_26,372.71,16.59,5.64
mask_27,356.26,15.9,5.62
mask_28,273.57,13.1,5.24
mask_29,391.68,16.43,5.98
mask_30,270.21,12.23,5.55
mask_31,348.18,16.12,5.42
mask_32,348.92,14.46,6.06
mask_33,348.04,14.86,5.88
mask_34,401.8,15.75,6.4
mask_35,385.08,16.28,5.94
mask_36,353.43,16.54,5.36
mask_37,371.66,14.95,6.24
mask_38,340.48,15.56,5.49
mask_39,394.79,16.56,5.99
mask_40,453.58,16.53,6.89
mask_41,407.14,16.79,6.09
mask_42,447.07,17.21,6.52
mask_43,388.36,16.88,5.77
mask_44,386.79,15.53,6.25
mask_45,404.17,16.84,6.03
mask_46,337.62,15.5,5.47
mask_47,321.94,14.52,5.56
mask_48,388.38,14.36,6.79
mask_49,303.21,15.45,4.93
mask_50,397.84,15.42,6.47
mask_51,416.16,16.7,6.26
mask_52,340.56,14.65,5.83
mask_53,424.46,15.93,6.69
mask_54,393.61,15.4,6.42
mask_55,309.9,14.48,5.37
mask_56,320.02,14.29,5.62
mask_57,409.83,16.49,6.24
mask_58,402.46,15.64,6.46
mask_59,346.09,15.13,5.74
mask_60,363.85,15.7,5.82
mask_61,433.54,17.31,6.29
mask_62,351.2,14.51,6.08
mask_63,287.07,14.94,4.82
mask_64,302.64,18.3,4.15
mask_65,374.3,15.53,6.05
mask_66,417.97,16.75,6.26
mask_67,413.74,16.61,6.25
mask_68,363.08,14.54,6.27
mask_69,351.26,15.8,5.58
mask_70,354.69,14.37,6.2
mask_71,322.74,15.56,5.21
mask_72,444.54,16.93,6.59
mask_73,305.99,12.68,6.06
mask_74,306.87,18.26,4.22
MaskID,Area(mm^2),Length(mm),Width(mm)
mask_0,381.07,15.82,6.05
mask_1,316.63,14.13,5.63
mask_2,383.54,15.95,6.04
mask_3,367.65,15.8,5.84
mask_4,347.46,15.19,5.74
mask_5,320.73,14.23,5.66
mask_6,413.52,15.11,6.87
mask_7,376.94,16.2,5.84
mask_8,377.55,15.55,6.09
mask_9,401.91,17.63,5.72
mask_10,362.42,15.89,5.73
mask_11,328.51,14.59,5.65
mask_12,405.41,16.76,6.07
mask_13,324.03,15.41,5.28
mask_14,315.73,14.95,5.3
mask_15,402.57,16.22,6.23
mask_16,382.39,14.59,6.58
mask_17,371.94,16.33,5.72
mask_18,332.28,15.26,5.47
mask_19,379.8,14.53,6.56
mask_20,407.58,15.27,6.7
mask_21,374.41,14.84,6.33
mask_22,395.42,15.65,6.34
mask_23,366.63,14.6,6.3
mask_24,304.29,17.02,4.49
mask_25,294.66,13.92,5.31
mask_26,363.69,15.7,5.82
mask_27,370.45,16.34,5.69
mask_28,380.24,15.98,5.97
mask_29,348.73,14.06,6.22
mask_30,352.71,16.1,5.5
mask_31,312.73,15.2,5.17
mask_32,300.71,15.06,5.01
mask_33,274.09,13.61,5.06
mask_34,352.41,15.61,5.67
mask_35,414.29,17.17,6.06
mask_36,327.72,13.04,6.31
mask_37,367.24,16.31,5.65
mask_38,320.9,13.69,5.88
mask_39,329.56,15.25,5.43
mask_40,348.2,15.16,5.77
mask_41,462.33,17.81,6.52
mask_42,392.2,15.85,6.21
mask_43,376.67,15.6,6.06
mask_44,395.09,17.1,5.8
mask_45,409.31,14.84,6.92
mask_46,335.09,16.52,5.09
mask_47,371.08,16.48,5.65
mask_48,343.72,14.49,5.95
mask_49,336.99,14.46,5.85
mask_50,328.05,15.64,5.26
mask_51,354.5,14.46,6.16
mask_52,356.56,16.62,5.38
mask_53,372.38,15.64,5.98
mask_54,299.94,15.9,4.74
mask_55,339.95,14.36,5.94
mask_56,375.35,14.8,6.36
mask_57,333.49,14.86,5.64
mask_58,237.99,12.61,4.74
mask_59,317.05,14.11,5.64
mask_60,349.88,16.2,5.42
mask_61,393.28,16.75,5.89
mask_62,309.35,14.7,5.28
mask_63,421.74,17.45,6.07
mask_64,330.36,15.76,5.26
mask_65,221.21,12.85,4.32
mask_66,365.45,17.76,5.17
mask_67,386.9,16.27,5.97
mask_68,406.45,17.09,5.97
mask_69,388.05,14.52,6.71
mask_70,318.15,13.11,6.09
mask_71,312.26,12.99,6.04
mask_72,331.24,14.94,5.57
mask_73,302.42,14.39,5.27
mask_74,322.71,13.44,6.03
mask_75,374.74,15.39,6.11
mask_76,315.29,13.82,5.73
mask_77,307.31,16.82,4.59
mask_78,251.05,12.8,4.92
mask_79,339.82,14.7,5.8
mask_80,433.89,17.75,6.14
mask_81,365.23,15.41,5.95
mask_82,378.95,14.3,6.65
mask_83,380.24,15.72,6.07
mask_84,327.06,14.72,5.58
mask_85,237.96,12.21,4.89
mask_86,340.04,13.92,6.13
mask_87,255.25,14.4,4.45
mask_88,387.83,14.17,6.87
mask_89,402.24,15.26,6.62
mask_90,358.68,14.52,6.2
mask_91,320.68,14.04,5.74
mask_92,411.56,15.42,6.7
mask_93,385.94,18.42,5.26
mask_94,341.06,17.71,4.83
mask_95,353.07,14.78,6.0
mask_96,297.74,13.02,5.74
mask_97,241.67,15.74,3.85
mask_98,405.95,15.2,6.71
mask_99,284.41,15.28,4.67
mask_100,244.89,14.58,4.22
mask_101,275.03,13.4,5.15
mask_102,426.28,16.4,6.53
mask_103,367.18,16.39,5.62
mask_104,269.72,11.72,5.78
mask_105,308.88,15.31,5.07
mask_106,322.11,15.86,5.1
mask_107,336.08,17.78,4.74
mask_108,372.21,15.88,5.88
mask_109,359.64,15.02,6.01
mask_110,269.91,13.39,5.06
mask_111,343.72,14.14,6.1
mask_112,256.11,14.25,4.51
mask_113,333.36,17.1,4.89
mask_114,373.37,16.15,5.8
mask_115,333.46,15.46,5.41
mask_116,417.2,17.03,6.15
mask_117,299.67,17.65,4.26
mask_118,406.97,16.5,6.19
mask_119,323.92,12.76,6.37
mask_120,367.29,14.98,6.15
mask_121,431.58,16.02,6.76
mask_122,375.4,16.4,5.75
mask_123,356.37,15.21,5.88
mask_124,386.81,16.57,5.86
mask_125,306.32,15.68,4.9
mask_126,342.49,13.46,6.39
mask_127,364.4,15.81,5.79
mask_128,274.78,11.94,5.77
mask_129,299.97,13.63,5.52
mask_130,340.29,14.39,5.94
mask_131,400.92,15.67,6.42
mask_132,370.56,21.53,4.32
mask_133,363.85,14.69,6.22
mask_134,330.63,14.12,5.88
mask_135,398.92,16.54,6.05
mask_136,278.49,11.58,6.04
mask_137,339.6,14.66,5.82
mask_138,308.27,14.55,5.32
mask_139,316.11,14.56,5.45
mask_140,260.67,14.61,4.48
mask_141,313.42,14.38,5.47
mask_142,357.53,15.85,5.66
mask_143,326.51,16.06,5.1
mask_144,350.65,15.61,5.64
mask_145,252.42,15.05,4.21
mask_146,315.4,14.07,5.63
mask_147,282.62,14.7,4.82
mask_148,278.44,12.7,5.5
mask_149,243.79,14.23,4.3
mask_150,330.08,17.59,4.71
mask_151,286.44,18.58,3.87
mask_152,219.72,12.21,4.52
mask_153,254.84,13.86,4.61
mask_154,180.9,12.39,3.66
mask_155,326.73,15.63,5.25
mask_156,312.1,13.01,6.02
mask_157,249.53,16.93,3.7
mask_158,288.75,16.77,4.32
mask_159,334.92,14.17,5.93
mask_160,391.85,15.93,6.17
mask_161,312.43,12.47,6.29
mask_162,296.09,15.45,4.81
mask_163,257.37,14.22,4.54
mask_164,290.51,15.44,4.72
mask_165,276.1,15.64,4.43
mask_166,231.03,14.93,3.89
mask_167,276.62,14.19,4.89
mask_168,295.71,15.56,4.77
mask_169,353.46,17.2,5.16
mask_170,305.11,14.88,5.15
mask_171,361.82,16.31,5.57
mask_172,237.54,10.46,5.7
mask_173,299.67,15.45,4.87
mask_174,312.98,15.97,4.92
mask_175,316.28,17.64,4.5
mask_176,366.99,14.81,6.22
mask_177,278.82,14.92,4.69
mask_178,257.29,11.88,5.44
mask_179,328.02,19.79,4.16
mask_180,221.18,12.36,4.49
mask_181,204.77,10.37,4.96
mask_182,230.37,13.38,4.32
mask_183,314.85,16.35,4.83
mask_184,225.61,14.2,3.99
mask_185,266.75,13.85,4.84
mask_186,183.21,14.35,3.2
mask_187,340.18,14.05,6.08
mask_188,280.86,16.63,4.24
mask_189,244.56,8.73,6.82
mask_190,214.66,10.44,5.16
mask_191,198.0,12.01,4.14
mask_192,159.06,13.4,2.98
mask_193,146.11,8.98,4.09
mask_194,295.32,17.52,4.23
MaskID,Area(mm^2),Length(mm),Width(mm)
mask_0,361.54,14.47,6.27
mask_1,386.9,14.45,6.72
mask_2,363.19,14.6,6.25
mask_3,424.74,17.64,6.04
mask_4,418.82,18.52,5.68
mask_5,392.23,16.03,6.14
mask_6,425.51,16.67,6.41
mask_7,372.71,16.27,5.75
mask_8,336.63,15.32,5.52
mask_9,372.43,16.84,5.55
mask_10,372.95,14.7,6.37
mask_11,368.44,15.25,6.07
mask_12,377.99,15.08,6.29
mask_13,381.29,15.51,6.17
mask_14,357.14,15.82,5.67
mask_15,367.1,15.69,5.87
mask_16,459.39,16.63,6.94
mask_17,391.9,17.19,5.72
mask_18,360.72,14.95,6.06
mask_19,341.22,13.99,6.12
mask_20,344.11,13.31,6.49
mask_21,370.07,14.49,6.41
mask_22,392.29,15.46,6.37
mask_23,323.98,13.72,5.93
mask_24,450.37,16.06,7.04
mask_25,406.81,17.33,5.89
mask_26,340.86,13.48,6.35
mask_27,479.85,18.06,6.67
mask_28,442.67,16.9,6.57
mask_29,407.58,17.08,5.99
mask_30,372.54,15.57,6.01
mask_31,352.19,14.69,6.02
mask_32,325.19,13.51,6.04
mask_33,337.23,15.06,5.62
mask_34,348.29,13.27,6.59
mask_35,447.73,18.46,6.09
mask_36,297.08,12.5,5.97
mask_37,398.67,16.13,6.2
mask_38,401.91,16.29,6.19
mask_39,374.47,15.48,6.07
mask_40,360.06,15.61,5.79
mask_41,318.09,13.52,5.91
mask_42,431.23,16.46,6.58
mask_43,429.41,17.42,6.19
mask_44,452.13,18.85,6.02
mask_45,394.71,14.48,6.84
mask_46,430.79,17.22,6.28
mask_47,434.75,16.81,6.49
mask_48,372.68,15.33,6.1
mask_49,404.22,16.18,6.27
MaskID,Area(mm^2),Length(mm),Width(mm)
mask_0,190.55,12.0,3.98
mask_1,111.46,8.88,3.15
mask_2,217.5,12.68,4.3
mask_3,120.42,8.07,3.75
mask_4,241.81,11.97,5.07
mask_5,158.81,12.09,3.3
mask_6,201.16,11.1,4.55
mask_7,211.83,12.88,4.13
mask_8,206.77,10.9,4.76
mask_9,162.94,10.49,3.9
mask_10,244.06,11.82,5.18
mask_11,229.74,13.31,4.33
mask_12,270.24,13.6,4.99
mask_13,272.94,14.08,4.86
mask_14,217.99,11.29,4.85
mask_15,275.41,12.36,5.59
mask_16,179.55,10.1,4.46
mask_17,203.83,11.1,4.61
mask_18,222.89,12.41,4.51
mask_19,233.39,11.62,5.04
mask_20,255.12,12.04,5.32
mask_21,277.39,13.1,5.32
mask_22,265.79,12.06,5.53
mask_23,279.76,13.67,5.14
mask_24,225.31,11.88,4.76
mask_25,213.92,10.41,5.16
mask_26,233.67,11.79,4.98
mask_27,244.45,12.31,4.98
mask_28,260.73,13.84,4.73
mask_29,119.76,7.44,4.04
mask_30,220.25,12.5,4.42
mask_31,257.7,16.1,4.02
mask_32,196.27,12.27,4.02
mask_33,218.82,10.75,5.11
mask_34,255.61,12.31,5.21
mask_35,246.26,11.65,5.31
mask_36,219.42,11.75,4.69
mask_37,279.32,12.62,5.56
mask_38,214.2,10.75,5.0
mask_39,231.41,10.52,5.52
mask_40,261.17,13.49,4.86
mask_41,211.17,11.47,4.62
mask_42,222.72,13.22,4.23
mask_43,270.68,12.89,5.27
mask_44,255.67,13.06,4.91
mask_45,247.31,13.64,4.55
mask_46,268.76,12.82,5.26
mask_47,257.04,11.65,5.54
mask_48,214.5,11.63,4.63
mask_49,302.86,13.52,5.62
mask_50,217.0,11.96,4.55
mask_51,236.86,12.8,4.65
mask_52,234.66,13.97,4.22
mask_53,207.87,11.31,4.61
mask_54,212.44,9.88,5.4
mask_55,139.12,9.76,3.58
mask_56,276.02,21.53,3.22
mask_57,244.17,13.28,4.62
mask_58,214.86,11.58,4.66
mask_59,192.91,8.83,5.49
mask_60,199.02,9.21,5.43
mask_61,152.38,8.19,4.67
mask_62,225.83,11.59,4.89
mask_63,216.56,12.32,4.41
mask_64,230.28,12.48,4.63
mask_65,303.19,15.04,5.06
mask_66,211.72,11.77,4.52
mask_67,224.87,11.78,4.79
mask_68,276.29,14.31,4.85
mask_69,160.66,10.01,4.03
mask_70,153.04,9.85,3.9
mask_71,226.79,13.63,4.18
mask_72,206.66,11.33,4.58
mask_73,274.26,15.08,4.57
mask_74,130.54,9.26,3.54
mask_75,274.67,14.26,4.84
mask_76,187.03,7.89,5.95
mask_77,211.45,11.33,4.68
mask_78,220.85,11.87,4.67
mask_79,205.62,9.65,5.35
mask_80,188.07,11.39,4.14
mask_81,158.04,8.66,4.58
mask_82,225.42,10.2,5.55
mask_83,246.62,12.72,4.87
mask_84,172.01,10.6,4.07
mask_85,237.19,12.65,4.71
mask_86,239.5,11.76,5.11
mask_87,216.51,12.52,4.34
mask_88,194.29,10.45,4.67
mask_89,215.96,11.54,4.7
mask_90,182.3,10.43,4.39
mask_91,237.96,12.0,4.98
mask_92,283.66,14.03,5.08
mask_93,242.52,12.14,5.02
mask_94,267.99,14.52,4.63
mask_95,244.15,10.66,5.75
mask_96,172.18,10.44,4.14
mask_97,176.77,11.18,3.97
mask_98,204.52,11.34,4.53
mask_99,188.02,9.26,5.1
mask_100,238.53,11.2,5.35
mask_101,256.0,12.32,5.21
mask_102,140.06,8.62,4.08
mask_103,118.99,8.61,3.47
mask_104,249.95,11.41,5.5
mask_105,254.95,12.45,5.14
mask_106,223.05,11.48,4.88
mask_107,184.39,9.36,4.95
mask_108,203.86,11.55,4.43
mask_109,186.53,9.69,4.83
mask_110,231.69,13.54,4.29
mask_111,215.19,12.71,4.25
mask_112,254.68,12.98,4.93
mask_113,217.06,11.94,4.56
mask_114,250.83,13.28,4.74
mask_115,181.31,13.38,3.4
mask_116,225.25,13.29,4.25
mask_117,201.38,11.62,4.35
mask_118,150.23,11.08,3.4
mask_119,195.83,11.25,4.37
mask_120,239.06,13.2,4.55
mask_121,204.08,11.89,4.31
mask_122,219.48,12.75,4.32
mask_123,257.21,12.29,5.25
mask_124,249.51,11.89,5.27
mask_125,169.43,9.96,4.27
mask_126,224.76,12.57,4.49
mask_127,134.17,8.22,4.1
mask_128,252.92,13.5,4.7
mask_129,285.97,12.22,5.88
mask_130,232.49,14.52,4.02
mask_131,201.11,11.09,4.55
mask_132,142.31,9.24,3.87
mask_133,217.88,12.36,4.42
mask_134,212.49,11.47,4.65
mask_135,178.39,10.36,4.32
mask_136,201.88,12.89,3.93
mask_137,182.1,11.3,4.04
mask_138,176.8,13.65,3.25
mask_139,254.98,13.96,4.59
mask_140,226.74,11.22,5.07
mask_141,254.46,12.92,4.94
mask_142,147.98,9.25,4.02
mask_143,160.41,11.93,3.37
mask_144,233.42,13.04,4.49
mask_145,228.06,14.11,4.06
mask_146,233.39,12.01,4.88
mask_147,262.3,13.41,4.91
mask_148,226.08,12.87,4.41
mask_149,167.01,10.72,3.91
mask_150,161.89,10.7,3.8
mask_151,282.45,13.1,5.41
mask_152,157.99,9.35,4.24
mask_153,150.56,7.51,5.03
mask_154,198.96,11.71,4.27
mask_155,114.21,10.91,2.63
mask_156,244.39,12.78,4.8
mask_157,180.15,10.4,4.35
mask_158,245.96,13.22,4.67
mask_159,219.31,12.71,4.33
mask_160,197.09,11.19,4.42
mask_161,289.38,13.03,5.58
mask_162,197.42,11.78,4.21
mask_163,316.11,19.87,3.99
mask_164,183.65,10.08,4.57
mask_165,202.21,12.4,4.09
mask_166,126.25,6.85,4.63
mask_167,190.22,11.27,4.23
mask_168,162.25,9.87,4.12
mask_169,228.0,14.48,3.95
mask_170,168.99,9.57,4.43
mask_171,185.82,10.5,4.44
mask_172,180.65,8.7,5.21
mask_173,150.89,11.31,3.35
mask_174,200.45,10.63,4.73
mask_175,214.75,10.31,5.23
mask_176,144.27,11.64,3.11
mask_177,286.47,21.7,3.31
mask_178,270.13,12.46,5.44
mask_179,250.0,15.09,4.16
mask_180,131.7,8.62,3.84
mask_181,116.9,8.39,3.5
mask_182,193.24,11.2,4.33
mask_183,188.24,10.77,4.39
mask_184,224.43,11.78,4.78
mask_185,244.72,10.65,5.77
mask_186,238.89,13.15,4.56
mask_187,207.05,10.16,5.11
mask_188,243.81,12.27,4.99
mask_189,227.18,12.03,4.74
mask_190,248.9,12.07,5.18
mask_191,296.37,15.04,4.95
mask_192,197.84,12.08,4.11
mask_193,117.23,9.58,3.07
mask_194,198.77,10.93,4.56
mask_195,201.08,13.66,3.69
mask_196,165.03,11.17,3.71
mask_197,137.75,10.71,3.23
mask_198,245.99,14.76,4.18
mask_199,223.16,13.05,4.29
mask_200,173.33,11.16,3.9
mask_201,111.35,7.64,3.66
mask_202,139.67,10.12,3.46
mask_203,119.16,8.75,3.42
mask_204,165.47,9.41,4.41
mask_205,171.08,10.43,4.12
mask_206,189.94,9.25,5.15
mask_207,278.05,13.22,5.28
mask_208,133.46,8.63,3.88
mask_209,177.79,10.56,4.23
mask_210,170.91,11.11,3.86
mask_211,294.99,14.09,5.25
mask_212,122.68,8.56,3.6
mask_213,269.47,14.78,4.58
mask_214,131.97,8.99,3.69
mask_215,312.81,14.99,5.24
mask_216,230.42,13.94,4.15
mask_217,112.34,9.04,3.12
mask_218,205.51,9.85,5.24
mask_219,153.64,8.54,4.52
mask_220,155.24,8.28,4.71
mask_221,231.41,12.1,4.8
mask_222,179.11,10.19,4.41
mask_223,279.84,13.38,5.25
mask_224,307.15,14.28,5.4
mask_225,82.86,6.78,3.07
mask_226,126.36,7.14,4.44
mask_227,90.28,8.53,2.66
mask_228,125.98,8.25,3.83
mask_229,111.18,8.84,3.16
mask_230,182.6,10.44,4.39
mask_231,277.04,19.46,3.57
mask_232,223.82,11.82,4.75
mask_233,202.81,10.95,4.65
mask_234,127.82,7.66,4.19
mask_235,132.41,8.7,3.82
mask_236,210.4,12.61,4.19
mask_237,140.77,8.8,4.02
mask_238,267.25,13.46,4.98
mask_239,170.36,9.9,4.32
mask_240,170.14,12.54,3.41
mask_241,245.38,14.82,4.16
mask_242,135.19,13.56,2.5
mask_243,119.32,7.78,3.85
mask_244,190.05,10.34,4.62
mask_245,163.16,13.23,3.1
mask_246,152.1,8.33,4.58
mask_247,188.95,10.99,4.31
mask_248,134.94,8.27,4.1
mask_249,222.61,11.9,4.7
mask_250,135.11,9.18,3.69
mask_251,211.67,10.64,4.99
mask_252,284.71,14.0,5.1
mask_253,141.32,9.9,3.58
mask_254,249.43,14.32,4.37
mask_255,151.55,9.66,3.94
mask_256,168.71,10.79,3.93
mask_257,252.86,13.54,4.69
mask_258,127.3,9.85,3.25
mask_259,273.21,12.8,5.36
mask_260,230.97,14.72,3.94
mask_261,170.42,10.11,4.23
mask_262,254.18,13.79,4.63
mask_263,151.94,9.88,3.86
mask_264,85.94,8.26,2.61
mask_265,190.77,11.02,4.34
mask_266,165.8,8.93,4.66
mask_267,183.56,10.68,4.32
mask_268,233.06,10.91,5.36
mask_269,108.82,10.22,2.67
mask_270,177.68,10.64,4.19
mask_271,179.05,11.29,3.98
mask_272,101.5,8.75,2.91
mask_273,127.13,8.04,3.97
mask_274,278.0,12.18,5.73
mask_275,176.63,11.16,3.97
mask_276,220.74,12.09,4.58
mask_277,211.69,11.88,4.47
mask_278,151.17,9.25,4.1
MaskID,Area(mm^2),Length(mm),Width(mm)
mask_0,373.34,16.62,5.64
mask_1,259.3,12.79,5.09
mask_2,255.17,13.34,4.8
mask_3,230.37,12.84,4.5
mask_4,238.04,12.9,4.63
mask_5,192.2,13.06,3.69
mask_6,248.46,11.56,5.4
mask_7,235.37,15.52,3.81
mask_8,146.13,10.16,3.61
mask_9,227.67,13.42,4.26
mask_10,225.31,11.1,5.09
mask_11,149.41,11.24,3.34
mask_12,225.91,12.9,4.4
mask_13,207.38,11.65,4.47
mask_14,269.14,12.34,5.47
mask_15,182.35,11.8,3.88
mask_16,265.79,12.74,5.24
mask_17,271.18,13.23,5.14
mask_18,158.76,10.99,3.63
mask_19,260.62,14.89,4.39
mask_20,239.55,11.42,5.27
mask_21,181.2,10.43,4.36
mask_22,201.0,12.15,4.15
mask_23,202.1,11.02,4.6
mask_24,305.96,13.8,5.56
mask_25,232.84,12.55,4.66
mask_26,267.55,17.12,3.92
mask_27,276.07,12.85,5.39
mask_28,216.56,12.01,4.53
mask_29,257.43,14.19,4.55
mask_30,280.03,14.14,4.97
mask_31,225.36,13.57,4.17
mask_32,251.49,12.75,4.95
mask_33,214.14,11.57,4.65
mask_34,260.67,14.78,4.43
mask_35,197.04,11.34,4.36
mask_36,182.02,9.61,4.76
mask_37,276.24,14.11,4.91
mask_38,218.76,11.95,4.6
mask_39,270.85,12.22,5.56
mask_40,247.2,13.11,4.73
mask_41,264.85,11.8,5.63
mask_42,234.11,12.64,4.65
mask_43,233.45,12.39,4.73
mask_44,202.81,9.8,5.19
mask_45,197.4,12.58,3.94
mask_46,239.06,14.06,4.27
mask_47,210.02,11.74,4.49
mask_48,218.05,11.13,4.92
mask_49,286.41,12.44,5.78
mask_50,195.72,12.56,3.91
mask_51,229.71,13.09,4.4
mask_52,308.25,15.46,5.01
mask_53,315.01,14.67,5.39
mask_54,295.82,13.96,5.32
mask_55,141.21,9.48,3.74
mask_56,251.05,13.21,4.77
mask_57,213.92,11.43,4.7
mask_58,141.98,8.94,3.99
mask_59,235.26,15.16,3.9
mask_60,199.02,12.36,4.04
mask_61,202.32,11.85,4.29
mask_62,231.69,11.99,4.85
mask_63,187.82,11.92,3.96
mask_64,201.27,11.2,4.51
mask_65,157.82,10.93,3.62
mask_66,180.59,11.49,3.95
mask_67,177.13,9.71,4.58
mask_68,218.1,13.14,4.17
mask_69,256.99,11.3,5.71
mask_70,191.1,9.99,4.8
mask_71,149.19,9.93,3.77
mask_72,260.67,13.37,4.89
mask_73,246.46,12.82,4.82
mask_74,236.25,12.36,4.8
mask_75,289.0,13.54,5.36
mask_76,216.29,11.17,4.86
mask_77,290.59,13.71,5.32
mask_78,185.21,10.38,4.48
mask_79,276.29,13.68,5.07
mask_80,177.9,11.59,3.85
mask_81,173.94,9.96,4.38
mask_82,222.89,10.56,5.3
mask_83,201.55,10.2,4.96
mask_84,218.6,12.68,4.33
mask_85,225.58,11.86,4.78
mask_86,240.93,12.28,4.92
mask_87,220.63,11.9,4.65
mask_88,164.64,10.32,4.0
mask_89,220.3,10.75,5.14
mask_90,284.76,14.86,4.81
mask_91,231.55,14.08,4.13
mask_92,149.52,9.31,4.03
mask_93,203.53,10.25,4.99
mask_94,234.11,11.03,5.33
mask_95,211.06,11.63,4.56
mask_96,170.75,12.23,3.5
mask_97,161.43,9.77,4.15
mask_98,282.4,13.52,5.24
mask_99,273.16,14.88,4.61
mask_100,203.25,12.89,3.96
mask_101,225.36,11.78,4.8
mask_102,136.54,10.59,3.24
mask_103,160.96,11.74,3.44
mask_104,155.07,9.29,4.19
mask_105,273.38,13.19,5.2
mask_106,232.71,11.77,4.96
mask_107,146.93,9.13,4.04
mask_108,203.64,11.61,4.4
mask_109,219.92,13.51,4.09
mask_110,179.52,10.82,4.17
mask_111,180.12,14.3,3.16
mask_112,102.55,7.5,3.43
mask_113,233.06,13.33,4.39
mask_114,211.17,12.26,4.32
mask_115,210.24,10.75,4.91
mask_116,216.45,10.84,5.01
mask_117,252.2,14.23,4.45
mask_118,225.34,13.11,4.32
mask_119,217.94,9.99,5.47
mask_120,243.57,12.86,4.75
mask_121,148.53,10.72,3.48
mask_122,171.68,8.75,4.92
mask_123,280.91,15.39,4.58
mask_124,230.7,11.02,5.25
mask_125,167.17,9.33,4.5
mask_126,206.88,10.46,4.96
mask_127,229.49,13.81,4.17
mask_128,206.94,12.62,4.12
mask_129,352.58,16.82,5.26
mask_130,167.83,8.79,4.79
mask_131,139.23,10.7,3.27
mask_132,224.98,12.4,4.55
mask_133,210.4,12.89,4.1
mask_134,284.49,14.43,4.95
mask_135,149.52,9.4,3.99
mask_136,131.31,9.86,3.34
mask_137,152.27,9.9,3.86
mask_138,200.47,12.14,4.15
mask_139,239.11,11.09,5.41
mask_140,262.87,14.69,4.49
mask_141,175.97,10.31,4.29
mask_142,242.63,13.25,4.6
mask_143,214.25,12.21,4.41
mask_144,206.99,12.89,4.03
mask_145,307.31,15.16,5.09
mask_146,165.58,11.76,3.53
mask_147,305.39,15.66,4.9
mask_148,132.8,8.18,4.08
mask_149,141.82,9.86,3.61
mask_150,153.37,10.11,3.81
mask_151,206.17,12.7,4.08
mask_152,191.15,11.83,4.06
mask_153,179.47,9.67,4.66
mask_154,148.34,10.0,3.72
mask_155,131.7,10.52,3.14
mask_156,270.68,13.66,4.97
mask_157,206.66,10.67,4.86
mask_158,121.19,9.96,3.06
mask_159,150.78,9.25,4.09
mask_160,287.68,13.25,5.45
mask_161,150.34,9.42,4.01
mask_162,238.23,12.7,4.71
mask_163,140.88,9.71,3.64
mask_164,161.4,10.43,3.89
mask_165,191.98,11.57,4.16
mask_166,247.0,13.13,4.72
mask_167,119.1,8.85,3.38
mask_168,243.68,12.26,4.99
mask_169,170.14,11.1,3.85
mask_170,149.52,10.09,3.72
mask_171,225.31,13.68,4.14
mask_172,242.6,12.78,4.76
mask_173,175.78,10.92,4.04
mask_174,222.28,14.36,3.89
mask_175,198.8,11.2,4.46
mask_176,231.36,10.51,5.52
mask_177,176.47,9.56,4.63
mask_178,147.59,9.69,3.82
mask_179,218.6,14.78,3.71
mask_180,173.33,8.83,4.93
mask_181,215.57,13.17,4.11
mask_182,183.29,10.66,4.32
mask_183,152.6,9.44,4.06
mask_184,214.86,13.18,4.09
mask_185,229.38,12.79,4.5
mask_186,202.21,11.82,4.3
mask_187,142.48,10.34,3.46
mask_188,173.06,9.09,4.78
mask_189,112.09,10.41,2.7
mask_190,275.06,14.98,4.61
mask_191,231.11,13.67,4.24
mask_192,206.22,11.72,4.42
mask_193,264.44,14.13,4.7
mask_194,177.13,10.35,4.29
mask_195,237.63,13.35,4.47
mask_196,180.78,11.13,4.08
mask_197,218.6,12.11,4.53
mask_198,236.61,12.39,4.8
mask_199,230.86,10.62,5.46
mask_200,128.51,10.6,3.04
mask_201,145.12,9.03,4.03
mask_202,132.19,10.63,3.12
mask_203,158.98,9.9,4.03
mask_204,174.74,11.77,3.73
mask_205,259.21,15.3,4.25
mask_206,186.53,11.9,3.94
mask_207,184.44,12.55,3.69
mask_208,187.74,10.81,4.36
mask_209,112.94,9.07,3.13
mask_210,196.76,10.98,4.5
mask_211,128.48,10.13,3.18
mask_212,182.02,11.64,3.93
mask_213,243.35,12.76,4.79
mask_214,209.41,11.55,4.55
mask_215,221.24,11.34,4.9
mask_216,155.79,12.2,3.2
mask_217,228.83,12.34,4.65
MaskID,Area(mm^2),Length(mm),Width(mm)
mask_0,229.6,12.04,4.79
mask_1,254.35,13.02,4.91
mask_2,236.58,11.96,4.97
mask_3,255.39,12.49,5.13
mask_4,216.12,12.56,4.32
mask_5,252.86,11.41,5.56
mask_6,236.86,11.5,5.17
mask_7,309.46,14.38,5.4
mask_8,292.02,13.72,5.34
mask_9,160.02,9.56,4.2
mask_10,190.66,8.93,5.36
mask_11,178.39,8.37,5.35
mask_12,247.25,12.58,4.93
mask_13,163.49,10.23,4.01
mask_14,184.33,10.36,4.47
mask_15,249.34,11.99,5.22
mask_16,246.81,13.96,4.44
mask_17,188.13,10.62,4.45
mask_18,200.72,11.18,4.51
mask_19,235.98,12.77,4.64
mask_20,277.28,12.31,5.65
mask_21,232.84,12.45,4.7
mask_22,242.85,12.36,4.93
mask_23,287.9,13.75,5.26
mask_24,175.15,11.18,3.93
mask_25,266.39,13.7,4.88
mask_26,202.48,9.84,5.16
mask_27,205.78,10.29,5.02
mask_28,159.03,10.19,3.92
mask_29,268.26,14.11,4.77
mask_30,248.35,13.01,4.79
mask_31,238.45,12.67,4.72
mask_32,232.68,12.06,4.84
mask_33,107.88,8.53,3.18
mask_34,181.2,11.05,4.12
mask_35,198.52,12.16,4.1
mask_36,234.55,12.57,4.69
mask_37,239.44,12.12,4.96
mask_38,215.35,11.88,4.55
mask_39,236.2,13.23,4.48
mask_40,178.23,10.31,4.34
mask_41,131.53,10.62,3.11
mask_42,210.84,11.47,4.62
mask_43,189.12,10.4,4.57
mask_44,241.81,12.71,4.78
mask_45,222.72,11.08,5.05
mask_46,149.19,10.42,3.6
mask_47,223.6,10.35,5.42
mask_48,168.55,10.26,4.12
mask_49,176.96,10.54,4.22
mask_50,223.08,11.59,4.83
mask_51,196.16,10.96,4.49
mask_52,157.6,11.55,3.43
mask_53,207.43,12.64,4.12
mask_54,257.54,12.35,5.24
mask_55,284.1,13.03,5.47
mask_56,223.22,11.37,4.93
mask_57,220.03,14.13,3.91
mask_58,136.54,8.48,4.04
mask_59,197.26,10.99,4.51
mask_60,246.81,12.95,4.79
mask_61,246.54,15.92,3.89
mask_62,248.08,14.25,4.37
mask_63,205.43,10.19,5.06
mask_64,128.4,7.54,4.27
mask_65,227.26,11.58,4.93
mask_66,118.61,9.06,3.28
mask_67,184.5,9.18,5.05
mask_68,265.07,15.09,4.41
mask_69,198.08,11.0,4.52
mask_70,223.22,12.12,4.62
mask_71,165.25,9.75,4.25
mask_72,251.6,12.49,5.06
mask_73,206.66,11.55,4.49
mask_74,228.88,13.04,4.41
mask_75,275.96,13.55,5.11
mask_76,319.14,14.25,5.62
mask_77,140.99,9.76,3.62
mask_78,201.41,12.07,4.19
mask_79,246.87,11.94,5.19
mask_80,194.89,10.69,4.58
mask_81,226.52,13.22,4.3
mask_82,306.27,13.56,5.67
mask_83,160.16,9.08,4.43
mask_84,206.11,11.94,4.33
mask_85,208.09,10.0,5.22
mask_86,213.15,12.74,4.2
mask_87,192.8,11.87,4.08
mask_88,215.79,11.94,4.54
mask_89,281.49,13.61,5.19
mask_90,182.74,11.66,3.93
mask_91,222.83,12.35,4.53
mask_92,192.09,9.92,4.86
mask_93,228.88,11.3,5.08
mask_94,209.25,11.54,4.55
mask_95,192.36,10.66,4.53
mask_96,280.5,13.4,5.25
mask_97,156.39,7.52,5.22
mask_98,217.47,17.22,3.17
mask_99,182.82,12.34,3.72
mask_100,227.01,13.06,4.36
mask_101,221.29,11.24,4.94
mask_102,163.43,9.57,4.29
mask_103,188.24,10.45,4.52
mask_104,204.19,11.89,4.31
mask_105,249.87,13.84,4.53
mask_106,245.38,12.41,4.96
mask_107,235.51,11.34,5.21
mask_108,150.67,8.99,4.21
mask_109,269.31,13.42,5.04
mask_110,159.09,7.81,5.11
mask_111,157.82,10.35,3.83
mask_112,174.05,10.57,4.13
mask_113,225.25,11.94,4.74
mask_114,117.78,8.52,3.47
mask_115,189.39,13.04,3.64
mask_116,277.69,12.81,5.44
mask_117,214.42,10.77,5.0
mask_118,162.77,11.36,3.6
mask_119,137.91,8.41,4.12
mask_120,177.43,10.64,4.19
mask_121,191.32,11.01,4.36
mask_122,155.79,10.98,3.56
mask_123,248.46,12.82,4.86
mask_124,235.92,13.0,4.56
mask_125,239.75,13.95,4.31
mask_126,285.2,15.76,4.54
mask_127,201.49,11.54,4.38
mask_128,145.5,9.7,3.76
mask_129,204.57,8.62,5.96
mask_130,198.52,9.87,5.05
mask_131,121.47,8.64,3.53
mask_132,193.22,11.14,4.35
mask_133,152.16,11.86,3.22
mask_134,200.12,12.36,4.07
mask_135,263.86,14.1,4.7
mask_136,168.05,9.9,4.26
mask_137,171.32,10.54,4.08
mask_138,179.82,11.25,4.01
mask_139,209.3,11.81,4.45
mask_140,129.77,9.97,3.27
mask_141,193.9,11.06,4.4
mask_142,110.25,8.93,3.1
mask_143,179.0,10.51,4.28
mask_144,181.06,11.46,3.96
mask_145,106.4,9.0,2.97
mask_146,254.27,13.16,4.85
mask_147,175.81,11.18,3.95
mask_148,230.64,13.06,4.43
mask_149,129.77,8.4,3.88
mask_150,167.34,11.19,3.75
mask_151,189.01,12.16,3.9
mask_152,131.59,8.79,3.76
mask_153,153.48,8.65,4.45
mask_154,188.13,9.24,5.11
MaskID,Area(mm^2),Length(mm),Width(mm)
mask_0,308.52,17.74,4.37
mask_1,297.41,14.02,5.32
mask_2,316.44,15.09,5.27
mask_3,262.19,12.08,5.45
mask_4,261.28,13.81,4.75
mask_5,235.15,12.28,4.81
mask_6,159.09,9.17,4.35
mask_7,277.56,13.85,5.03
mask_8,252.48,12.41,5.11
mask_9,197.15,10.48,4.72
mask_10,223.22,12.72,4.41
mask_11,221.32,12.83,4.33
mask_12,273.27,13.64,5.03
mask_13,199.62,10.58,4.74
mask_14,229.1,11.22,5.13
mask_15,235.81,13.4,4.42
mask_16,180.43,11.82,3.83
mask_17,223.88,11.65,4.82
mask_18,199.07,10.6,4.71
mask_19,156.94,9.54,4.13
mask_20,205.67,12.97,3.98
mask_21,293.78,12.24,6.03
mask_22,233.17,11.96,4.9
mask_23,325.38,16.46,4.96
mask_24,203.0,11.43,4.46
mask_25,310.12,13.99,5.56
mask_26,160.46,9.14,4.41
mask_27,234.33,11.87,4.96
mask_28,199.73,11.42,4.39
mask_29,229.43,11.98,4.81
mask_30,249.01,13.15,4.75
mask_31,248.19,12.39,5.03
mask_32,233.83,11.87,4.95
mask_33,225.86,10.8,5.25
mask_34,219.31,11.2,4.91
mask_35,133.87,10.87,3.09
mask_36,199.57,12.56,3.99
mask_37,262.27,12.11,5.43
mask_38,212.49,13.28,4.02
mask_39,189.83,11.02,4.32
mask_40,258.42,12.84,5.05
mask_41,255.83,13.4,4.79
mask_42,191.37,11.72,4.1
mask_43,197.15,13.02,3.8
mask_44,296.15,14.82,5.02
mask_45,201.88,10.81,4.69
mask_46,124.38,11.25,2.78
mask_47,198.3,9.91,5.02
mask_48,221.62,11.34,4.9
mask_49,212.03,10.1,5.27
mask_50,129.61,10.24,3.18
mask_51,228.66,12.63,4.54
mask_52,210.84,10.31,5.13
mask_53,225.53,12.14,4.66
mask_54,150.07,10.73,3.51
mask_55,188.68,10.94,4.33
mask_56,185.82,10.81,4.32
mask_57,213.37,11.11,4.82
mask_58,112.17,8.14,3.46
mask_59,165.25,11.02,3.76
mask_60,246.21,12.87,4.8
mask_61,244.81,11.29,5.44
mask_62,172.23,10.61,4.08
mask_63,230.64,12.13,4.77
mask_64,173.66,9.82,4.44
mask_65,225.36,11.64,4.86
mask_66,189.83,11.34,4.2
mask_67,236.42,11.16,5.32
mask_68,258.25,14.52,4.47
mask_69,237.41,11.6,5.14
mask_70,212.93,11.94,4.48
mask_71,188.07,11.02,4.28
mask_72,219.48,12.98,4.25
mask_73,197.37,10.56,4.69
mask_74,233.94,12.11,4.85
mask_75,135.38,9.0,3.77
mask_76,248.19,13.82,4.51
mask_77,277.92,11.99,5.82
mask_78,99.52,7.94,3.15
mask_79,150.07,9.53,3.95
mask_80,153.15,9.64,3.99
mask_81,263.56,13.89,4.76
mask_82,175.45,13.18,3.34
mask_83,294.83,14.16,5.23
mask_84,209.96,10.02,5.26
mask_85,231.85,11.52,5.05
mask_86,141.21,9.36,3.79
mask_87,283.28,14.84,4.79
mask_88,257.76,13.88,4.66
mask_89,175.81,10.28,4.29
mask_90,252.5,14.6,4.34
mask_91,139.23,7.7,4.54
mask_92,114.15,9.05,3.17
mask_93,184.5,9.03,5.13
mask_94,285.48,13.45,5.33
mask_95,226.08,12.01,4.73
mask_96,123.34,9.02,3.43
mask_97,226.35,12.76,4.45
mask_98,174.87,12.59,3.49
mask_99,172.07,10.27,4.2
mask_100,163.98,9.99,4.12
mask_101,217.5,10.61,5.15
mask_102,200.83,11.86,4.25
mask_103,169.43,10.21,4.16
mask_104,212.22,12.93,4.12
mask_105,197.01,11.57,4.27
mask_106,281.24,13.2,5.35
mask_107,138.74,8.85,3.93
mask_108,184.97,10.7,4.34
mask_109,163.76,10.88,3.78
mask_110,180.92,10.43,4.35
mask_111,217.44,12.19,4.48
mask_112,260.73,12.55,5.22
mask_113,204.0,10.92,4.69
mask_114,211.01,12.47,4.25
mask_115,138.9,9.19,3.79
mask_116,140.39,9.87,3.57
mask_117,171.3,12.27,3.5
mask_118,143.74,8.45,4.27
mask_119,198.58,10.39,4.8
mask_120,225.36,11.17,5.06
mask_121,186.92,13.0,3.61
mask_122,243.9,11.87,5.16
mask_123,174.93,10.52,4.17
mask_124,227.62,11.35,5.03
mask_125,157.11,8.85,4.46
mask_126,192.12,11.4,4.23
mask_127,213.65,10.58,5.07
mask_128,230.04,10.83,5.33
mask_129,212.66,11.24,4.75
mask_130,161.95,8.79,4.63
mask_131,118.44,8.54,3.48
mask_132,236.91,13.68,4.35
mask_133,155.57,10.58,3.69
mask_134,280.39,13.1,5.37
mask_135,246.04,11.93,5.18
mask_136,185.96,15.6,2.99
mask_137,146.6,10.13,3.63
mask_138,196.71,11.4,4.33
mask_139,236.78,11.83,5.02
mask_140,140.5,9.07,3.89
mask_141,99.63,6.35,3.94
mask_142,266.28,13.31,5.02
mask_143,266.61,13.4,4.99
mask_144,253.3,13.6,4.68
mask_145,194.29,14.53,3.36
mask_146,197.86,10.35,4.8
mask_147,212.16,10.9,4.89
mask_148,220.03,12.12,4.56
mask_149,221.57,12.52,4.44
mask_150,203.75,11.17,4.58
mask_151,216.51,12.99,4.18
mask_152,155.79,10.41,3.75
mask_153,258.31,13.2,4.91
mask_154,226.0,13.06,4.34
mask_155,109.15,8.43,3.25
mask_156,190.93,11.37,4.22
mask_157,209.03,10.54,4.98
mask_158,234.27,12.59,4.67
mask_159,183.67,9.16,5.03
mask_160,142.48,7.93,4.51
mask_161,213.76,11.52,4.66
mask_162,161.73,10.4,3.9
mask_163,223.27,13.36,4.2
mask_164,203.58,9.78,5.23
mask_165,188.84,10.42,4.55
mask_166,234.38,13.43,4.38
mask_167,224.87,11.23,5.03
mask_168,95.59,8.5,2.82
mask_169,183.92,10.27,4.5
mask_170,211.12,12.37,4.28
mask_171,269.36,17.17,3.94
mask_172,149.02,10.03,3.73
mask_173,176.14,10.77,4.1
mask_174,188.68,10.02,4.73
mask_175,160.57,12.56,3.21
mask_176,312.62,13.45,5.84
mask_177,184.66,9.75,4.76
mask_178,103.7,6.95,3.75
mask_179,207.76,10.23,5.1
mask_180,252.7,14.63,4.34
mask_181,209.91,13.24,3.98
mask_182,191.62,12.18,3.95
mask_183,165.8,10.11,4.12
mask_184,204.85,11.42,4.5
mask_185,176.3,9.2,4.81
mask_186,309.35,14.86,5.23
mask_187,246.18,14.6,4.23
mask_188,208.2,11.58,4.51
mask_189,174.05,9.54,4.58
mask_190,336.24,14.91,5.66
mask_191,121.47,9.7,3.14
mask_192,146.35,11.76,3.12
mask_193,151.22,8.77,4.33
mask_194,212.57,12.2,4.37
mask_195,226.13,15.1,3.76
mask_196,251.98,13.63,4.64
mask_197,282.95,14.34,4.95
mask_198,190.16,12.5,3.82
mask_199,213.98,11.12,4.83
mask_200,218.43,13.26,4.13
mask_201,205.73,10.77,4.79
mask_202,102.05,8.45,3.03
mask_203,219.62,10.47,5.26
mask_204,127.74,8.04,3.99
mask_205,102.25,7.79,3.29
mask_206,288.28,13.5,5.36
mask_207,144.68,8.87,4.1
mask_208,212.82,10.37,5.15
mask_209,166.29,10.5,3.98
mask_210,207.76,10.96,4.76
mask_211,219.59,11.04,4.99
mask_212,222.45,12.29,4.54
mask_213,195.61,11.22,4.38
mask_214,146.16,9.41,3.9
mask_215,229.82,11.52,5.01
mask_216,184.39,12.57,3.68
mask_217,204.57,12.76,4.02
mask_218,206.06,10.66,4.85
mask_219,141.68,9.1,3.91
mask_220,300.6,16.41,4.6
mask_221,142.59,8.61,4.16
mask_222,169.76,12.05,3.54
mask_223,221.68,12.31,4.52
mask_224,157.93,9.04,4.39
mask_225,160.24,10.93,3.68
mask_226,160.68,11.1,3.63
mask_227,176.96,11.21,3.96
mask_228,200.67,11.77,4.28
mask_229,234.35,11.28,5.22
mask_230,207.71,11.49,4.54
mask_231,155.13,12.29,3.17
mask_232,216.73,11.7,4.65
mask_233,202.59,11.18,4.55
mask_234,211.56,11.01,4.82
mask_235,163.27,11.09,3.69
mask_236,137.2,11.35,3.03
mask_237,198.52,11.26,4.43
mask_238,191.92,11.04,4.36
mask_239,205.4,11.09,4.65
mask_240,244.34,12.94,4.74
mask_241,168.11,8.93,4.73
mask_242,292.19,13.87,5.29
mask_243,161.51,10.49,3.86
mask_244,195.0,13.62,3.59
mask_245,158.92,10.1,3.95
mask_246,157.44,8.72,4.53
mask_247,175.4,12.68,3.47
mask_248,257.48,12.02,5.38
mask_249,131.15,9.02,3.65
mask_250,159.64,9.9,4.05
mask_251,106.78,7.51,3.57
mask_252,243.95,12.47,4.91
mask_253,112.23,8.37,3.37
mask_254,152.82,13.12,2.92
mask_255,193.24,12.61,3.85
mask_256,251.65,13.51,4.68
MaskID,Area(mm^2),Length(mm),Width(mm)
mask_0,285.92,13.93,5.15
mask_1,319.36,14.84,5.4
mask_2,229.82,12.67,4.55
mask_3,292.13,14.22,5.16
mask_4,210.1,11.13,4.74
mask_5,211.12,11.03,4.81
mask_6,253.14,13.46,4.72
mask_7,241.7,13.81,4.39
mask_8,244.23,11.75,5.22
mask_9,252.48,13.79,4.6
mask_10,241.64,13.53,4.48
mask_11,256.88,12.37,5.21
mask_12,230.31,13.78,4.2
mask_13,228.53,11.27,5.09
mask_14,271.62,11.66,5.85
mask_15,240.49,13.85,4.36
mask_16,235.92,12.12,4.89
mask_17,277.17,12.3,5.66
mask_18,236.22,11.88,4.99
mask_19,236.69,12.31,4.83
mask_20,216.45,13.1,4.15
mask_21,217.44,12.23,4.46
mask_22,252.37,12.96,4.89
mask_23,233.06,12.58,4.65
mask_24,189.28,11.17,4.25
mask_25,235.87,11.22,5.28
mask_26,257.62,12.79,5.05
mask_27,277.25,13.77,5.05
mask_28,274.64,13.76,5.01
mask_29,244.56,11.82,5.19
mask_30,203.42,11.94,4.28
mask_31,199.18,11.08,4.51
mask_32,233.45,11.97,4.9
mask_33,261.66,14.99,4.38
mask_34,178.5,13.09,3.42
mask_35,231.63,12.91,4.5
mask_36,229.82,13.01,4.43
mask_37,272.42,13.35,5.12
mask_38,223.13,12.7,4.41
mask_39,112.89,9.1,3.11
mask_40,222.01,12.25,4.55
mask_41,258.8,13.84,4.69
mask_42,225.22,13.67,4.14
mask_43,216.56,10.79,5.04
mask_44,182.68,11.23,4.09
mask_45,142.7,9.67,3.71
mask_46,218.21,11.44,4.79
mask_47,270.52,13.79,4.92
mask_48,155.13,11.83,3.29
mask_49,162.99,10.44,3.92
mask_50,290.84,14.49,5.04
mask_51,283.72,13.28,5.36
mask_52,299.83,14.79,5.09
mask_53,187.69,11.61,4.06
mask_54,238.18,11.22,5.33
mask_55,238.45,11.61,5.16
mask_56,248.3,13.37,4.66
mask_57,222.67,12.33,4.53
mask_58,241.31,12.25,4.95
mask_59,183.23,12.24,3.76
mask_60,117.95,7.47,3.96
mask_61,256.33,12.44,5.17
mask_62,254.73,12.38,5.16
mask_63,282.78,14.75,4.81
mask_64,236.36,13.46,4.41
mask_65,267.6,13.06,5.14
mask_66,205.78,11.22,4.6
mask_67,212.52,10.24,5.21
mask_68,276.46,13.09,5.3
mask_69,276.32,14.96,4.64
mask_70,133.62,8.03,4.17
mask_71,280.42,12.72,5.53
mask_72,206.94,12.13,4.28
mask_73,254.98,13.35,4.79
mask_74,268.15,11.68,5.76
mask_75,241.7,11.89,5.1
mask_76,131.31,8.42,3.91
mask_77,180.98,9.7,4.68
mask_78,234.0,17.69,3.32
mask_79,177.07,10.17,4.37
mask_80,240.71,14.61,4.14
mask_81,222.5,12.31,4.54
mask_82,199.62,12.4,4.04
mask_83,207.54,10.93,4.77
mask_84,171.08,10.0,4.3
mask_85,266.61,12.15,5.51
mask_86,238.43,13.52,4.43
mask_87,237.52,13.63,4.37
mask_88,247.53,12.7,4.89
mask_89,214.56,9.98,5.39
mask_90,239.83,12.88,4.68
mask_91,169.59,12.19,3.49
mask_92,267.66,13.28,5.06
mask_93,194.51,12.5,3.91
mask_94,212.16,10.22,5.21
mask_95,171.52,9.84,4.38
mask_96,248.57,13.24,4.71
mask_97,171.85,10.19,4.23
mask_98,217.77,11.57,4.73
mask_99,222.5,12.28,4.55
mask_100,246.26,12.23,5.05
mask_101,171.24,11.57,3.71
mask_102,247.53,13.82,4.5
mask_103,296.31,14.0,5.31
mask_104,235.15,14.66,4.03
mask_105,302.28,17.13,4.43
mask_106,198.96,9.81,5.09
mask_107,138.9,9.14,3.82
mask_108,260.12,13.01,5.02
mask_109,286.52,13.29,5.41
mask_110,298.51,15.25,4.91
mask_111,289.71,13.74,5.29
mask_112,202.7,10.71,4.75
mask_113,197.92,9.73,5.1
mask_114,156.56,10.22,3.85
mask_115,144.29,14.54,2.49
mask_116,200.56,10.4,4.84
mask_117,183.4,8.12,5.67
mask_118,279.65,14.97,4.69
mask_119,201.93,11.35,4.47
mask_120,233.06,11.51,5.08
mask_121,249.78,13.32,4.71
mask_122,219.15,11.49,4.79
mask_123,252.42,12.63,5.02
mask_124,177.51,9.91,4.5
mask_125,184.99,11.08,4.19
mask_126,121.91,10.85,2.82
mask_127,151.0,9.62,3.94
mask_128,249.4,13.47,4.65
mask_129,253.19,14.7,4.32
mask_130,155.62,9.98,3.91
mask_131,226.74,10.75,5.3
mask_132,259.68,13.32,4.9
mask_133,112.56,9.11,3.1
mask_134,131.2,8.31,3.96
mask_135,118.99,8.59,3.48
mask_136,246.59,11.06,5.6
mask_137,181.53,12.63,3.61
mask_138,209.52,10.55,4.98
mask_139,226.74,12.11,4.7
mask_140,166.02,10.57,3.94
mask_141,150.07,10.72,3.51
mask_142,200.17,9.7,5.18
mask_143,194.84,10.2,4.79
mask_144,208.81,11.2,4.68
mask_145,247.31,15.53,4.0
mask_146,277.5,14.65,4.76
mask_147,223.6,12.13,4.63
mask_148,216.4,12.49,4.35
mask_149,184.99,11.59,4.01
mask_150,156.89,10.25,3.84
mask_151,197.26,11.58,4.28
mask_152,212.99,12.17,4.39
mask_153,191.21,10.74,4.47
mask_154,255.47,17.04,3.76
mask_155,279.65,13.59,5.17
mask_156,266.89,14.41,4.65
mask_157,189.45,11.71,4.06
mask_158,165.41,11.67,3.56
mask_159,242.85,13.97,4.36
mask_160,147.59,8.43,4.4
mask_161,120.15,8.57,3.52
mask_162,228.55,11.88,4.83
mask_163,221.68,11.99,4.64
mask_164,305.61,14.18,5.41
mask_165,175.64,10.75,4.1
mask_166,201.27,10.98,4.6
mask_167,246.7,13.11,4.73
mask_168,189.78,10.87,4.38
mask_169,206.44,11.51,4.5
mask_170,193.57,10.96,4.43
mask_171,161.51,10.3,3.94
mask_172,117.4,8.01,3.68
mask_173,228.33,11.23,5.11
mask_174,267.11,15.04,4.46
mask_175,148.36,8.31,4.48
mask_176,264.36,12.04,5.51
mask_177,184.5,8.66,5.35
mask_178,249.56,12.43,5.04
mask_179,242.63,11.74,5.19
mask_180,132.38,7.2,4.62
mask_181,209.3,11.39,4.61
mask_182,191.92,11.69,4.12
mask_183,224.54,11.8,4.78
mask_184,165.58,8.88,4.68
mask_185,125.37,8.03,3.92
mask_186,278.93,13.72,5.1
mask_187,137.42,10.35,3.33
mask_188,183.84,10.62,4.35
mask_189,113.05,7.92,3.58
mask_190,133.07,9.07,3.68
mask_191,239.22,12.5,4.8
mask_192,210.73,11.43,4.63
mask_193,167.06,9.51,4.41
mask_194,200.28,12.53,4.01
mask_195,246.24,14.09,4.39
mask_196,105.96,9.91,2.68
mask_197,232.07,12.69,4.59
mask_198,199.46,11.13,4.5
mask_199,250.28,10.78,5.83
mask_200,178.28,8.53,5.24
mask_201,234.6,11.31,5.21
mask_202,195.33,11.09,4.42
mask_203,198.0,14.0,3.55
mask_204,253.14,13.43,4.73
mask_205,160.68,9.73,4.14
mask_206,121.47,9.26,3.29
mask_207,305.88,14.09,5.45
mask_208,195.28,11.82,4.15
mask_209,164.64,9.96,4.15
mask_210,324.47,15.58,5.23
mask_211,126.47,9.52,3.34
mask_212,127.41,8.87,3.61
mask_213,238.95,12.33,4.86
mask_214,279.59,15.22,4.61
mask_215,240.43,13.12,4.6
mask_216,116.13,8.48,3.44
mask_217,176.41,9.76,4.54
mask_218,139.62,7.78,4.5
mask_219,235.54,15.1,3.92
mask_220,169.37,9.72,4.37
mask_221,225.47,11.96,4.73
mask_222,188.24,10.51,4.5
mask_223,190.0,12.6,3.78
mask_224,129.77,10.29,3.17
mask_225,213.92,12.12,4.43
mask_226,212.05,10.87,4.9
mask_227,227.43,11.7,4.88
mask_228,124.6,7.56,4.14
mask_229,211.83,12.01,4.43
mask_230,178.37,11.54,3.88
mask_231,204.68,9.82,5.23
mask_232,250.94,11.6,5.43
mask_233,172.97,11.93,3.64
mask_234,249.34,13.49,4.64
mask_235,115.42,8.93,3.24
mask_236,213.59,12.66,4.23
mask_237,131.42,10.39,3.18
mask_238,183.01,9.61,4.78
mask_239,174.93,11.03,3.98
mask_240,160.52,10.37,3.89
mask_241,193.79,11.62,4.19
mask_242,253.8,14.28,4.46
mask_243,188.29,11.64,4.06
mask_244,157.93,11.89,3.33
mask_245,227.78,11.9,4.8
mask_246,195.5,11.82,4.15
mask_247,143.85,10.01,3.61
mask_248,223.49,11.34,4.95
mask_249,217.55,13.07,4.18
mask_250,140.0,8.76,4.01
mask_251,143.52,9.13,3.95
mask_252,213.92,12.64,4.25
mask_253,233.78,12.76,4.6
mask_254,238.29,12.89,4.64
mask_255,159.09,8.21,4.86
mask_256,166.18,6.63,6.28
mask_257,152.65,10.63,3.6
mask_258,138.3,9.41,3.69
mask_259,127.02,9.73,3.28
mask_260,179.66,10.71,4.21
mask_261,119.1,8.4,3.56
mask_262,177.35,8.84,5.04
mask_263,162.99,8.49,4.82
mask_264,251.16,12.55,5.03
mask_265,172.89,10.67,4.07
mask_266,174.93,11.22,3.91
mask_267,243.57,12.96,4.72
mask_268,206.61,11.22,4.62
mask_269,150.78,11.37,3.33
mask_270,232.07,13.9,4.19
mask_271,219.64,20.04,2.75
mask_272,154.47,9.54,4.07
mask_273,214.64,11.82,4.56
mask_274,85.61,8.52,2.52
mask_275,212.11,9.93,5.36
mask_276,175.26,12.24,3.59
mask_277,178.39,10.24,4.37
mask_278,155.18,8.33,4.68
mask_279,315.62,13.69,5.79
mask_280,146.93,8.83,4.18
mask_281,177.79,10.97,4.07
mask_282,176.41,12.39,3.57
mask_283,166.35,11.39,3.67
mask_284,87.7,7.55,2.92
mask_285,245.82,15.1,4.09
mask_286,226.79,10.4,5.48
mask_287,136.87,8.25,4.17
mask_288,248.02,13.0,4.79
mask_289,116.02,8.49,3.43
mask_290,169.98,12.42,3.44
mask_291,258.58,15.57,4.17
mask_292,181.58,10.07,4.53
mask_293,141.21,9.08,3.9
mask_294,116.24,6.71,4.35
mask_295,259.79,13.17,4.95
mask_296,107.44,8.89,3.03
mask_297,216.43,12.72,4.27
mask_298,252.2,13.53,4.68
mask_299,185.82,11.12,4.2
mask_300,174.76,10.19,4.3
mask_301,257.59,13.23,4.89
mask_302,136.37,8.41,4.07
mask_303,102.93,8.07,3.2
mask_304,190.93,10.69,4.48
mask_305,143.25,9.35,3.85
mask_306,250.11,12.18,5.15
mask_307,195.99,11.66,4.22
mask_308,229.54,10.11,5.7
mask_309,138.85,10.39,3.36
mask_310,215.46,16.96,3.19
mask_311,210.62,10.84,4.88
mask_312,159.09,10.88,3.67
mask_313,170.31,7.82,5.46
mask_314,129.5,9.05,3.59
mask_315,157.33,8.9,4.44
mask_316,349.66,16.99,5.17
mask_317,195.53,11.52,4.26
mask_318,157.77,11.65,3.4
mask_319,156.23,8.37,4.69
mask_320,172.56,9.73,4.45
mask_321,180.7,12.04,3.77
mask_322,154.63,10.18,3.81
mask_323,191.98,10.71,4.5
mask_324,103.98,8.53,3.06
mask_325,265.02,11.0,6.05
mask_326,213.73,11.39,4.71
mask_327,224.48,11.16,5.05
mask_328,195.0,11.65,4.2
mask_329,165.72,9.39,4.43
mask_330,171.19,10.86,3.96
mask_331,89.95,8.37,2.7
mask_332,102.49,14.72,1.75
mask_333,169.81,11.02,3.87
mask_334,173.66,10.81,4.03
mask_335,111.95,7.02,4.0
mask_336,157.33,10.14,3.9
mask_337,163.49,8.3,4.94
mask_338,286.8,15.7,4.59
mask_339,173.0,9.39,4.63
mask_340,208.75,8.7,6.02
mask_341,232.13,12.04,4.84
mask_342,178.5,10.82,4.14
mask_343,241.06,12.96,4.67
mask_344,180.15,11.93,3.79
mask_345,203.14,12.3,4.14
mask_346,197.04,9.25,5.34
mask_347,119.54,9.01,3.33
mask_348,175.81,10.08,4.38
mask_349,264.03,15.29,4.33
mask_350,156.94,9.76,4.04
mask_351,137.42,9.44,3.65
mask_352,225.8,11.3,5.02
mask_353,115.42,6.53,4.44
mask_354,107.17,9.04,2.98
mask_355,162.58,9.03,4.52
mask_356,211.01,12.15,4.36
mask_357,174.6,9.32,4.7
mask_358,188.84,10.89,4.35
mask_359,210.87,12.2,4.34
mask_360,114.65,9.87,2.92
mask_361,188.35,9.77,4.84
mask_362,91.22,7.52,3.04
mask_363,213.21,9.46,5.66
mask_364,248.1,12.78,4.87
mask_365,142.31,11.48,3.11
mask_366,233.61,10.8,5.43
mask_367,174.43,8.34,5.25
mask_368,112.72,7.55,3.75
mask_369,201.25,13.11,3.85
mask_370,217.99,13.22,4.14
mask_371,175.31,11.74,3.75
mask_372,140.61,9.47,3.73
mask_373,201.05,10.37,4.87
mask_374,115.31,7.76,3.73
mask_375,187.58,8.95,5.26
mask_376,108.38,8.5,3.2
mask_377,236.47,14.42,4.12
mask_378,89.73,7.58,2.97
mask_379,241.09,14.96,4.05
mask_380,119.65,8.28,3.63
mask_381,75.6,6.55,2.9
mask_382,170.53,10.61,4.03
mask_383,157.66,10.26,3.86
mask_384,225.14,14.56,3.88
mask_385,154.58,10.67,3.64
mask_386,132.91,8.64,3.86
mask_387,188.57,13.0,3.64
mask_388,186.75,11.85,3.96
mask_389,159.58,10.91,3.67
mask_390,168.99,10.41,4.07
mask_391,155.4,9.62,4.06
mask_392,226.85,14.78,3.85
mask_393,56.62,6.08,2.34
mask_394,224.59,10.01,5.63
mask_395,179.49,8.56,5.26
MaskID,Area(mm^2),Length(mm),Width(mm)
mask_0,236.47,13.97,4.25
mask_1,227.51,14.18,4.03
MaskID,Area(mm^2),Length(mm),Width(mm)
mask_0,235.34,12.75,4.63
mask_1,226.63,13.51,4.21
mask_2,252.42,14.46,4.38
mask_3,293.07,12.85,5.72
mask_4,264.69,15.05,4.41
mask_5,279.15,14.76,4.75
mask_6,239.09,12.76,4.7
mask_7,194.45,10.36,4.71
mask_8,216.4,12.77,4.25
mask_9,237.74,12.98,4.6
mask_10,215.85,13.42,4.04
mask_11,239.61,12.96,4.64
mask_12,197.56,13.56,3.66
mask_13,245.05,13.65,4.51
mask_14,266.72,12.34,5.43
mask_15,209.96,11.73,4.49
mask_16,258.97,13.21,4.92
mask_17,263.86,13.84,4.79
mask_18,237.35,12.65,4.71
mask_19,125.15,9.52,3.3
mask_20,238.45,12.39,4.83
mask_21,221.73,10.83,5.14
mask_22,159.97,11.11,3.62
mask_23,224.15,13.65,4.12
mask_24,303.79,15.5,4.92
mask_25,252.48,11.68,5.43
mask_26,272.33,12.19,5.61
mask_27,216.89,11.31,4.81
mask_28,286.36,12.77,5.63
mask_29,239.83,12.94,4.65
mask_30,173.44,11.42,3.81
mask_31,268.04,12.92,5.21
mask_32,253.41,12.27,5.18
mask_33,214.64,13.12,4.11
mask_34,191.81,13.87,3.47
mask_35,144.4,10.92,3.32
mask_36,235.59,12.27,4.82
mask_37,304.34,14.19,5.38
mask_38,258.91,14.65,4.44
mask_39,280.36,15.77,4.46
mask_40,145.17,9.82,3.71
mask_41,187.47,11.97,3.93
mask_42,218.29,14.26,3.84
mask_43,291.31,18.03,4.05
mask_44,225.14,11.67,4.84
mask_45,275.94,14.13,4.9
mask_46,149.85,11.23,3.35
mask_47,170.75,12.21,3.51
mask_48,221.02,11.34,4.89
mask_49,244.17,10.99,5.57
mask_50,226.3,12.01,4.73
mask_51,287.51,13.23,5.45
mask_52,156.61,10.39,3.78
mask_53,299.78,14.81,5.08
mask_54,297.99,13.48,5.55
mask_55,175.59,11.83,3.72
mask_56,207.6,11.45,4.55
mask_57,174.71,10.71,4.1
mask_58,153.53,10.45,3.69
mask_59,195.06,10.47,4.67
mask_60,172.18,10.39,4.16
mask_61,291.67,14.87,4.92
mask_62,150.95,11.26,3.36
mask_63,237.24,15.21,3.92
mask_64,253.36,12.4,5.13
mask_65,239.77,13.06,4.61
mask_66,158.98,9.25,4.32
mask_67,194.12,10.86,4.49
mask_68,280.09,13.29,5.29
mask_69,253.03,13.88,4.58
mask_70,205.51,11.12,4.64
mask_71,326.45,15.17,5.4
mask_72,262.02,12.21,5.39
mask_73,223.88,12.43,4.52
mask_74,255.12,13.76,4.66
mask_75,252.48,11.23,5.65
mask_76,235.24,14.19,4.16
mask_77,279.87,12.47,5.63
mask_78,193.08,12.07,4.01
mask_79,241.26,12.39,4.89
mask_80,224.04,10.76,5.23
mask_81,221.35,11.39,4.88
mask_82,307.73,22.94,3.37
mask_83,206.44,12.04,4.3
mask_84,247.0,12.2,5.08
mask_85,369.35,16.87,5.5
mask_86,199.57,13.17,3.8
mask_87,212.88,11.15,4.79
mask_88,187.47,9.94,4.74
mask_89,271.89,12.02,5.68
mask_90,165.6,9.67,4.3
mask_91,151.61,9.64,3.95
mask_92,159.58,9.57,4.19
mask_93,272.61,14.53,4.71
mask_94,212.44,13.09,4.07
mask_95,206.0,11.92,4.34
mask_96,231.41,12.76,4.55
mask_97,129.28,10.33,3.14
mask_98,198.63,11.29,4.42
mask_99,201.66,11.45,4.42
mask_100,199.68,9.87,5.08
mask_101,272.11,12.95,5.28
mask_102,264.25,12.51,5.3
mask_103,232.4,11.71,4.98
mask_104,303.88,14.85,5.14
mask_105,217.83,12.86,4.25
mask_106,234.11,13.2,4.45
mask_107,200.06,12.21,4.11
mask_108,185.49,12.43,3.75
mask_109,255.5,15.94,4.02
mask_110,162.88,10.35,3.95
mask_111,234.16,10.87,5.41
mask_112,165.47,11.06,3.76
mask_113,177.79,11.03,4.05
mask_114,171.02,8.76,4.9
mask_115,203.09,11.74,4.34
mask_116,173.28,9.33,4.66
mask_117,135.49,10.45,3.25
mask_118,270.46,15.41,4.41
mask_119,225.8,12.86,4.41
mask_120,227.23,12.36,4.61
mask_121,185.32,11.04,4.21
mask_122,246.18,13.71,4.51
mask_123,175.86,10.45,4.23
mask_124,222.28,12.96,4.3
mask_125,109.92,7.65,3.61
mask_126,270.02,14.13,4.8
mask_127,156.39,8.97,4.38
mask_128,235.76,10.98,5.39
mask_129,221.18,11.45,4.85
mask_130,242.36,13.21,4.61
mask_131,235.59,11.46,5.16
mask_132,193.35,11.71,4.14
mask_133,252.04,14.23,4.45
mask_134,232.35,12.08,4.83
mask_135,231.52,11.79,4.93
mask_136,154.74,8.37,4.64
mask_137,242.85,12.88,4.73
mask_138,210.18,10.64,4.96
mask_139,286.69,13.48,5.34
mask_140,123.5,9.93,3.12
mask_141,268.54,18.28,3.69
mask_142,146.57,12.32,2.99
mask_143,215.9,10.46,5.18
mask_144,211.83,10.55,5.04
mask_145,109.28,12.66,2.17
mask_146,137.31,9.0,3.83
mask_147,119.27,7.27,4.12
mask_148,198.63,10.68,4.67
mask_149,148.47,11.11,3.35
mask_150,209.63,10.03,5.25
mask_151,183.73,10.29,4.48
mask_152,307.75,15.5,4.99
mask_153,181.36,10.69,4.26
mask_154,212.71,14.14,3.78
mask_155,205.12,10.18,5.06
mask_156,184.88,13.06,3.55
mask_157,138.35,11.51,3.02
mask_158,230.04,10.85,5.32
mask_159,134.06,8.56,3.93
mask_160,209.14,11.42,4.6
mask_161,204.79,12.12,4.24
mask_162,166.71,10.51,3.98
mask_163,157.93,10.12,3.92
mask_164,169.04,10.27,4.13
mask_165,149.02,11.44,3.27
mask_166,137.31,8.6,4.01
mask_167,240.43,12.35,4.89
mask_168,236.75,16.07,3.7
mask_169,206.33,13.16,3.93
mask_170,190.91,11.84,4.05
mask_171,220.0,12.17,4.54
mask_172,214.2,12.1,4.44
mask_173,186.97,12.27,3.83
mask_174,222.09,12.85,4.34
mask_175,188.46,11.2,4.22
mask_176,316.17,14.46,5.49
mask_177,196.49,10.9,4.52
mask_178,249.62,12.97,4.83
mask_179,124.0,8.35,3.73
mask_180,41.09,4.0,2.58
mask_181,108.54,8.79,3.1
mask_182,209.69,11.7,4.5
mask_183,144.35,9.96,3.64
mask_184,254.24,13.05,4.89
mask_185,187.3,12.51,3.76
mask_186,240.27,12.08,4.99
mask_187,299.78,15.54,4.84
mask_188,180.65,11.06,4.1
mask_189,239.33,11.32,5.31
mask_190,193.41,10.71,4.53
mask_191,170.86,10.95,3.92
mask_192,234.71,14.49,4.07
mask_193,202.37,13.11,3.87
mask_194,180.76,11.94,3.8
mask_195,136.26,9.96,3.44
mask_196,114.21,9.08,3.16
mask_197,249.34,15.18,4.12
mask_198,141.65,9.53,3.73
mask_199,229.93,14.27,4.05
mask_200,215.35,10.64,5.08
mask_201,198.96,11.19,4.47
mask_202,224.04,12.28,4.58
mask_203,220.58,12.31,4.5
mask_204,205.51,10.95,4.71
mask_205,215.08,10.71,5.04
mask_206,163.6,8.67,4.74
mask_207,81.65,6.31,3.25
mask_208,187.36,12.48,3.77
mask_209,199.4,11.98,4.18
mask_210,177.71,15.72,2.84
mask_211,238.84,14.77,4.06
mask_212,173.55,10.74,4.06
mask_213,146.0,10.48,3.5
mask_214,199.57,11.11,4.51
mask_215,214.61,11.82,4.56
mask_216,153.75,9.68,3.99
mask_217,203.36,13.18,3.87
mask_218,160.52,10.12,3.98
mask_219,311.49,15.15,5.16
mask_220,282.29,13.55,5.23
mask_221,258.86,14.24,4.56
mask_222,212.16,11.49,4.64
mask_223,232.13,14.08,4.14
mask_224,175.15,11.99,3.67
mask_225,303.46,14.52,5.25
mask_226,225.91,10.84,5.23
mask_227,158.7,12.21,3.26
mask_228,175.86,9.89,4.46
mask_229,180.81,12.52,3.63
mask_230,145.72,10.26,3.57
mask_231,138.46,10.54,3.3
mask_232,207.62,10.97,4.75
mask_233,167.89,9.16,4.6
mask_234,196.76,10.76,4.59
mask_235,178.83,9.88,4.54
mask_236,175.75,12.03,3.67
mask_237,215.71,13.58,3.99
mask_238,188.65,10.71,4.42
mask_239,238.4,11.45,5.23
mask_240,176.8,12.33,3.6
mask_241,191.81,12.33,3.9
mask_242,157.22,11.38,3.47
mask_243,132.03,8.7,3.81
mask_244,254.13,15.72,4.06
mask_245,205.07,12.82,4.01
mask_246,195.88,11.43,4.3
mask_247,132.8,9.38,3.55
mask_248,167.12,10.87,3.86
mask_249,139.4,8.21,4.26
mask_250,154.19,10.03,3.86
mask_251,225.8,10.19,5.56
mask_252,186.26,13.11,3.57
mask_253,89.95,7.37,3.06
mask_254,176.8,9.29,4.78
mask_255,198.72,11.44,4.36
mask_256,279.01,14.45,4.85
mask_257,170.64,9.98,4.29
mask_258,185.6,11.02,4.23
mask_259,146.88,9.36,3.94
mask_260,200.78,11.2,4.5
mask_261,166.68,11.93,3.51
mask_262,104.47,8.84,2.97
mask_263,172.34,12.05,3.59
mask_264,141.49,9.62,3.69
mask_265,263.39,13.35,4.95
mask_266,219.7,12.34,4.47
mask_267,236.91,13.44,4.42
mask_268,227.95,12.7,4.51
mask_269,181.75,11.29,4.04
mask_270,137.8,8.54,4.05
mask_271,231.74,12.87,4.52
mask_272,121.96,9.41,3.25
mask_273,199.57,10.54,4.75
mask_274,149.3,9.46,3.96
mask_275,212.3,13.06,4.08
mask_276,175.15,11.31,3.89
mask_277,184.72,13.35,3.47
mask_278,182.41,13.98,3.27
mask_279,155.4,9.99,3.91
mask_280,152.1,10.36,3.68
mask_281,278.27,14.92,4.68
mask_282,269.25,15.85,4.27
mask_283,168.77,8.85,4.79
mask_284,132.14,9.69,3.42
mask_285,237.41,11.66,5.11
mask_286,240.43,10.9,5.54
mask_287,156.56,9.34,4.21
mask_288,227.84,11.49,4.98
mask_289,220.91,12.16,4.56
mask_290,219.92,12.85,4.3
mask_291,213.7,12.06,4.45
mask_292,146.99,7.92,4.66
mask_293,162.55,10.45,3.91
mask_294,237.24,12.95,4.6
mask_295,138.35,9.9,3.51
mask_296,235.54,10.69,5.53
mask_297,146.0,10.23,3.58
mask_298,114.59,9.82,2.93
mask_299,183.67,11.79,3.91
mask_300,178.94,11.37,3.95
mask_301,171.79,9.31,4.63
mask_302,193.85,13.25,3.67
mask_303,191.81,11.66,4.13
mask_304,221.24,14.25,3.9
mask_305,160.74,9.89,4.08
mask_306,276.21,14.05,4.94
mask_307,142.7,9.22,3.88
mask_308,163.71,9.23,4.45
mask_309,305.22,14.23,5.39
mask_310,230.75,12.5,4.64
mask_311,185.76,11.94,3.91
mask_312,201.16,17.83,2.83
mask_313,117.95,8.18,3.62
mask_314,142.26,8.42,4.24
mask_315,146.88,9.67,3.81
mask_316,164.2,11.55,3.57
mask_317,173.33,11.41,3.81
mask_318,112.83,9.85,2.88
mask_319,178.12,11.71,3.82
mask_320,172.18,10.36,4.17
mask_321,185.98,11.52,4.05
mask_322,222.39,12.74,4.38
mask_323,228.33,14.66,3.91
mask_324,157.22,9.0,4.38
mask_325,175.86,10.85,4.07
mask_326,216.78,11.74,4.63
mask_327,177.18,10.77,4.13
mask_328,112.06,10.28,2.74
mask_329,281.13,18.07,3.9
mask_330,171.96,9.16,4.71
mask_331,260.56,13.42,4.87
mask_332,234.49,11.8,4.99
mask_333,127.33,9.86,3.24
mask_334,110.36,6.6,4.2
mask_335,127.02,9.58,3.33
mask_336,271.89,15.54,4.39
mask_337,219.28,12.83,4.29
mask_338,128.67,9.89,3.27
mask_339,228.5,12.26,4.68
mask_340,181.42,11.89,3.83
mask_341,257.45,13.35,4.84
mask_342,156.45,11.0,3.57
mask_343,118.22,8.44,3.52
mask_344,214.69,11.83,4.56
mask_345,122.35,7.7,3.99
mask_346,168.38,8.86,4.77
mask_347,135.0,8.07,4.2
mask_348,87.53,6.64,3.31
mask_349,201.49,10.59,4.78
mask_350,265.16,14.56,4.57
mask_351,94.13,8.12,2.91
mask_352,248.22,12.68,4.92
mask_353,154.8,10.88,3.57
mask_354,242.69,14.11,4.32
mask_355,216.62,11.22,4.85
MaskID,Area(mm^2),Length(mm),Width(mm)
mask_0,246.92,12.36,5.01
mask_1,323.43,14.55,5.58
mask_2,221.46,12.8,4.34
mask_3,246.43,11.4,5.43
mask_4,242.25,12.21,4.98
mask_5,245.57,13.9,4.43
mask_6,226.52,11.55,4.92
mask_7,266.01,12.12,5.51
mask_8,266.83,13.57,4.94
mask_9,235.73,10.96,5.4
mask_10,290.51,13.71,5.32
mask_11,163.32,9.73,4.21
mask_12,250.94,13.01,4.84
mask_13,219.7,11.51,4.79
mask_14,269.47,14.21,4.76
mask_15,255.78,12.21,5.26
mask_16,241.75,12.28,4.94
mask_17,212.88,11.0,4.86
mask_18,255.39,12.71,5.04
mask_19,153.2,7.53,5.11
mask_20,268.04,12.11,5.55
mask_21,155.29,9.99,3.9
mask_22,258.2,15.42,4.2
mask_23,244.12,12.57,4.88
mask_24,294.0,14.17,5.21
mask_25,185.21,11.38,4.09
mask_26,134.72,10.61,3.19
mask_27,187.8,10.53,4.48
mask_28,265.05,12.67,5.25
mask_29,203.69,10.33,4.95
mask_30,183.45,10.01,4.6
mask_31,281.85,13.65,5.18
mask_32,235.32,11.9,4.96
mask_33,228.99,12.4,4.64
mask_34,214.75,11.95,4.51
mask_35,158.48,9.67,4.11
mask_36,190.44,10.67,4.48
mask_37,210.02,11.31,4.66
mask_38,252.37,13.7,4.62
mask_39,160.74,8.68,4.65
mask_40,222.01,13.19,4.22
mask_41,231.19,12.23,4.75
mask_42,239.25,14.05,4.28
mask_43,228.55,12.47,4.6
mask_44,211.28,9.63,5.51
mask_45,194.89,12.78,3.83
mask_46,236.75,14.05,4.23
mask_47,265.68,12.48,5.34
mask_48,184.5,11.8,3.92
mask_49,260.29,13.9,4.7
mask_50,174.82,12.78,3.43
mask_51,243.24,12.06,5.06
mask_52,215.79,12.69,4.27
mask_53,161.95,9.46,4.3
mask_54,175.04,10.57,4.16
mask_55,208.15,11.66,4.48
mask_56,232.84,12.71,4.6
mask_57,184.22,11.07,4.18
mask_58,208.75,11.45,4.58
mask_59,202.92,10.61,4.8
mask_60,254.18,12.35,5.17
mask_61,188.51,10.19,4.65
mask_62,227.07,11.12,5.13
mask_63,216.62,11.95,4.55
mask_64,227.34,12.54,4.55
mask_65,234.99,11.35,5.2
mask_66,178.39,8.37,5.35
mask_67,224.7,12.6,4.48
mask_68,218.43,11.93,4.6
mask_69,202.92,10.9,4.67
mask_70,205.4,12.24,4.21
mask_71,200.94,10.32,4.89
mask_72,215.3,12.52,4.32
mask_73,184.44,11.44,4.05
mask_74,220.96,11.39,4.87
mask_75,188.13,10.9,4.33
mask_76,121.3,7.99,3.81
mask_77,222.67,10.79,5.18
mask_78,192.86,10.64,4.55
mask_79,242.41,13.83,4.4
mask_80,163.65,11.13,3.69
mask_81,108.93,9.43,2.9
mask_82,208.48,8.88,5.9
mask_83,190.91,10.88,4.41
mask_84,255.28,11.89,5.39
mask_85,155.84,9.29,4.21
mask_86,241.7,12.36,4.91
mask_87,186.48,10.27,4.56
mask_88,195.85,11.3,4.35
mask_89,258.14,11.53,5.62
mask_90,302.86,13.45,5.65
mask_91,260.67,13.29,4.92
mask_92,193.22,10.6,4.58
mask_93,184.61,11.49,4.03
mask_94,200.45,9.48,5.31
mask_95,166.51,10.3,4.06
mask_96,226.57,10.42,5.46
mask_97,171.63,9.53,4.52
mask_98,126.91,7.76,4.11
mask_99,206.39,11.59,4.47
mask_100,285.64,14.04,5.11
mask_101,175.15,10.48,4.19
mask_102,230.04,11.56,5.0
mask_103,214.31,11.82,4.55
mask_104,249.04,13.13,4.76
mask_105,212.03,11.54,4.61
mask_106,210.51,10.2,5.18
mask_107,205.4,12.69,4.06
mask_108,201.71,9.74,5.2
mask_109,204.08,11.66,4.39
mask_110,212.3,10.58,5.04
mask_111,227.18,11.73,4.86
mask_112,186.26,9.62,4.86
mask_113,151.22,9.42,4.03
mask_114,152.27,9.86,3.88
mask_115,127.13,8.53,3.74
mask_116,246.48,16.39,3.78
mask_117,245.69,12.5,4.93
mask_118,187.36,8.78,5.36
mask_119,242.3,13.33,4.56
mask_120,156.67,11.83,3.33
mask_121,241.75,12.1,5.01
mask_122,188.57,11.87,3.99
mask_123,101.67,8.04,3.18
mask_124,241.04,12.93,4.68
mask_125,155.4,11.28,3.46
mask_126,175.42,10.12,4.35
mask_127,208.81,12.61,4.16
mask_128,237.08,11.71,5.08
mask_129,254.9,13.83,4.63
mask_130,117.56,8.43,3.5
mask_131,183.95,11.55,4.0
mask_132,199.93,10.89,4.61
mask_133,242.74,11.62,5.24
mask_134,100.02,8.14,3.09
mask_135,244.56,11.77,5.22
mask_136,214.75,12.84,4.2
mask_137,176.16,10.58,4.18
mask_138,154.69,7.9,4.92
mask_139,209.19,12.79,4.11
mask_140,161.12,8.73,4.63
mask_141,266.83,12.31,5.44
mask_142,147.7,9.33,3.97
mask_143,193.35,10.32,4.7
mask_144,190.16,10.43,4.58
mask_145,174.05,11.06,3.95
mask_146,126.86,8.42,3.78
mask_147,152.38,8.55,4.47
mask_148,175.92,10.73,4.12
mask_149,204.41,11.34,4.53
mask_150,163.49,11.67,3.52
mask_151,246.65,12.83,4.83
mask_152,106.73,8.77,3.05
mask_153,226.41,9.87,5.76
mask_154,178.67,10.97,4.09
mask_155,184.11,10.26,4.5
mask_156,197.97,11.24,4.42
mask_157,299.89,13.23,5.69
mask_158,158.87,11.82,3.37
mask_159,181.14,11.09,4.1
mask_160,162.44,8.96,4.55
mask_161,138.63,9.67,3.6
mask_162,189.39,10.8,4.4
mask_163,211.15,11.79,4.5
mask_164,119.05,8.25,3.62
mask_165,175.7,10.59,4.17
mask_166,138.02,9.22,3.76
mask_167,206.33,10.29,5.03
mask_168,193.24,13.08,3.71
mask_169,310.45,13.52,5.76
mask_170,217.58,11.36,4.81
mask_171,190.55,10.97,4.36
mask_172,272.83,12.25,5.59
mask_173,213.1,12.25,4.37
mask_174,136.76,8.05,4.26
mask_175,248.93,12.77,4.89
mask_176,242.25,12.0,5.07
mask_177,277.89,14.52,4.8
mask_178,174.32,13.63,3.21
mask_179,175.04,10.33,4.25
mask_180,265.51,15.1,4.42
mask_181,185.43,11.5,4.05
mask_182,143.82,9.02,4.0
mask_183,102.0,8.86,2.89
mask_184,194.89,11.99,4.08
mask_185,114.04,8.81,3.25
mask_186,244.12,12.68,4.83
mask_187,133.07,8.27,4.04
mask_188,193.57,10.51,4.62
mask_189,165.8,9.98,4.17
mask_190,179.38,10.98,4.1
mask_191,218.05,13.34,4.1
mask_192,176.58,10.48,4.23
mask_193,115.64,8.56,3.39
mask_194,186.12,10.25,4.56
mask_195,188.4,10.48,4.51
mask_196,135.82,8.8,3.87
mask_197,155.57,9.25,4.22
mask_198,284.16,13.72,5.2
mask_199,74.06,6.98,2.66
mask_200,232.9,11.21,5.21
mask_201,226.74,11.7,4.86
mask_202,152.98,10.51,3.65
mask_203,261.44,14.22,4.62
mask_204,133.84,8.86,3.79
mask_205,263.56,15.76,4.2
mask_206,196.05,10.32,4.77
mask_207,120.81,7.53,4.03
mask_208,206.22,9.84,5.26
mask_209,195.33,9.41,5.21
mask_210,230.26,11.31,5.11
mask_211,219.64,11.95,4.62
mask_212,249.45,14.25,4.4
mask_213,141.54,10.94,3.25
mask_214,155.4,11.37,3.43
mask_215,178.89,11.65,3.85
mask_216,166.18,10.91,3.82
mask_217,109.75,8.86,3.11
mask_218,209.63,14.89,3.54
mask_219,209.03,14.58,3.6
mask_220,138.63,7.02,4.96
mask_221,166.02,10.02,4.16
mask_222,155.9,10.85,3.61
mask_223,225.64,11.52,4.92
mask_224,130.05,8.35,3.91
MaskID,Area(mm^2),Length(mm),Width(mm)
mask_0,290.1,13.64,5.34
mask_1,323.51,14.96,5.43
mask_2,262.98,13.4,4.93
mask_3,329.26,16.3,5.07
mask_4,232.79,12.0,4.87
mask_5,294.5,14.24,5.19
mask_6,239.66,10.43,5.77
mask_7,297.36,14.94,5.0
mask_8,263.37,14.06,4.7
mask_9,279.37,13.8,5.08
mask_10,239.5,13.3,4.52
mask_11,220.36,11.27,4.91
mask_12,278.63,12.38,5.65
mask_13,230.53,11.53,5.02
mask_14,191.59,10.33,4.65
mask_15,212.55,11.76,4.54
mask_16,244.78,12.11,5.08
mask_17,244.56,12.53,4.9
mask_18,222.39,12.91,4.32
mask_19,209.47,10.92,4.81
mask_20,190.33,12.41,3.85
mask_21,256.88,12.47,5.17
mask_22,253.52,12.18,5.22
mask_23,269.91,13.2,5.13
mask_24,293.45,13.64,5.4
mask_25,272.61,13.28,5.15
mask_26,266.28,12.92,5.17
mask_27,218.16,10.76,5.09
mask_28,279.32,13.94,5.03
mask_29,278.16,15.84,4.41
mask_30,198.77,10.23,4.88
mask_31,237.3,12.3,4.84
mask_32,197.37,9.82,5.05
mask_33,200.83,12.56,4.01
mask_34,215.24,10.19,5.3
mask_35,233.12,13.07,4.48
mask_36,194.07,13.13,3.71
mask_37,247.75,12.79,4.86
mask_38,247.25,12.08,5.14
mask_39,115.58,8.18,3.55
mask_40,216.84,11.67,4.66
mask_41,263.31,13.6,4.86
mask_42,171.35,9.85,4.37
mask_43,184.94,9.84,4.72
mask_44,148.64,9.7,3.85
mask_45,160.52,9.16,4.4
mask_46,309.35,14.21,5.46
mask_47,215.79,12.46,4.35
mask_48,192.53,10.3,4.69
mask_49,197.09,11.92,4.15
mask_50,221.35,12.12,4.58
mask_51,181.09,11.79,3.86
mask_52,275.99,13.8,5.02
mask_53,282.75,14.06,5.05
mask_54,238.51,13.01,4.6
mask_55,258.75,14.58,4.46
mask_56,135.05,8.59,3.94
mask_57,185.41,11.49,4.05
mask_58,230.2,11.65,4.96
mask_59,203.75,11.92,4.29
mask_60,250.83,13.84,4.55
mask_61,198.85,9.85,5.07
mask_62,201.05,12.28,4.11
mask_63,228.55,13.13,4.37
mask_64,189.39,9.99,4.76
mask_65,197.64,10.21,4.86
mask_66,220.63,12.29,4.51
mask_67,181.14,10.36,4.39
mask_68,205.56,11.21,4.6
mask_69,270.24,12.94,5.24
mask_70,196.71,12.69,3.89
mask_71,224.54,11.64,4.84
mask_72,257.1,13.26,4.87
mask_73,226.35,11.73,4.84
mask_74,196.49,11.15,4.42
mask_75,243.43,13.15,4.65
mask_76,224.62,12.12,4.65
mask_77,196.98,12.45,3.97
mask_78,286.47,14.69,4.89
mask_79,241.34,14.54,4.17
mask_80,138.08,7.37,4.7
mask_81,215.41,13.35,4.05
mask_82,179.49,11.46,3.93
mask_83,140.83,8.75,4.04
mask_84,225.86,12.86,4.41
mask_85,176.41,11.21,3.95
mask_86,174.82,10.61,4.13
mask_87,220.14,11.25,4.91
mask_88,211.83,10.91,4.87
mask_89,147.87,8.97,4.14
mask_90,307.75,16.4,4.71
mask_91,178.23,12.51,3.58
mask_92,210.02,12.33,4.27
mask_93,272.33,14.11,4.84
mask_94,191.04,12.9,3.72
mask_95,249.4,11.72,5.34
mask_96,181.64,10.84,4.21
mask_97,205.07,11.39,4.52
mask_98,180.32,10.92,4.15
mask_99,151.0,8.48,4.47
mask_100,158.1,8.87,4.47
mask_101,223.11,12.49,4.48
mask_102,180.76,11.16,4.07
mask_103,228.77,14.29,4.02
mask_104,146.22,11.77,3.12
mask_105,178.56,12.66,3.54
mask_106,110.03,8.39,3.29
mask_107,124.33,8.94,3.49
mask_108,216.67,13.46,4.04
mask_109,290.54,13.1,5.57
mask_110,182.02,11.06,4.13
mask_111,215.3,11.52,4.69
mask_112,227.67,12.13,4.71
mask_113,126.8,10.11,3.15
mask_114,169.81,10.23,4.17
mask_115,158.1,9.59,4.14
mask_116,187.52,10.67,4.41
mask_117,213.48,11.02,4.86
mask_118,174.27,10.9,4.01
mask_119,161.07,11.71,3.45
mask_120,160.19,9.61,4.19
mask_121,158.98,10.94,3.65
mask_122,92.87,7.39,3.15
mask_123,227.62,13.01,4.39
mask_124,189.06,12.7,3.74
mask_125,218.29,10.61,5.17
mask_126,219.97,11.36,4.86
mask_127,94.9,7.92,3.01
mask_128,222.78,10.38,5.39
mask_129,155.07,12.46,3.12
mask_130,229.43,10.74,5.36
mask_131,135.82,9.76,3.49
mask_132,157.99,10.92,3.63
mask_133,224.32,13.4,4.2
mask_134,153.86,12.96,2.98
mask_135,176.8,11.03,4.02
mask_136,227.56,12.01,4.76
mask_137,223.88,11.48,4.9
mask_138,199.1,13.17,3.79
mask_139,261.39,13.82,4.75
mask_140,196.05,10.68,4.61
mask_141,210.07,12.76,4.13
mask_142,182.08,13.57,3.37
mask_143,199.02,11.49,4.35
mask_144,189.78,12.2,3.9
mask_145,302.8,18.06,4.21
mask_146,265.73,14.12,4.72
mask_147,201.82,14.22,3.56
mask_148,308.14,16.39,4.72
mask_149,250.31,14.61,4.3
mask_150,115.91,8.95,3.25
mask_151,220.0,14.4,3.84
mask_152,153.2,10.26,3.75
mask_153,215.74,12.06,4.49
mask_154,209.91,10.44,5.05
mask_155,169.37,10.77,3.95
mask_156,228.06,10.89,5.26
mask_157,208.04,13.15,3.97
mask_158,192.36,12.78,3.78
mask_159,165.19,10.36,4.0
mask_160,210.79,11.71,4.52
mask_161,193.02,10.16,4.77
mask_162,209.52,10.99,4.78
mask_163,127.3,10.71,2.98
mask_164,163.68,10.74,3.83
mask_165,191.73,11.21,4.3
mask_166,119.1,8.81,3.39
mask_167,255.28,13.94,4.6
mask_168,164.75,9.94,4.16
mask_169,345.56,16.1,5.39
mask_170,286.3,17.96,4.0
mask_171,236.22,12.46,4.76
mask_172,180.21,10.15,4.46
mask_173,196.93,10.44,4.73
mask_174,272.39,12.77,5.35
mask_175,208.53,11.45,4.57
mask_176,192.64,10.92,4.43
mask_177,226.6,11.37,5.0
mask_178,160.96,10.09,4.01
mask_179,308.5,13.18,5.87
mask_180,285.31,14.49,4.94
mask_181,200.12,10.93,4.6
mask_182,229.16,12.64,4.55
mask_183,171.93,10.62,4.06
mask_184,177.4,11.54,3.86
mask_185,194.92,11.41,4.29
mask_186,147.32,10.55,3.5
mask_187,256.05,12.29,5.23
mask_188,168.6,11.17,3.79
mask_189,213.37,16.46,3.25
mask_190,149.74,8.85,4.25
mask_191,217.5,12.11,4.51
mask_192,140.72,8.77,4.03
mask_193,216.12,11.2,4.84
mask_194,111.4,9.0,3.11
mask_195,136.43,9.4,3.64
mask_196,162.88,13.11,3.12
mask_197,140.06,9.75,3.61
mask_198,178.78,10.72,4.19
mask_199,107.06,8.18,3.29
mask_200,224.54,11.89,4.74
mask_201,213.76,11.28,4.76
mask_202,174.27,10.56,4.14
mask_203,110.85,6.81,4.09
mask_204,250.11,12.95,4.85
mask_205,164.94,10.65,3.89
mask_206,266.23,12.84,5.21
mask_207,154.38,12.18,3.18
mask_208,115.8,8.49,3.42
mask_209,102.6,8.38,3.07
mask_210,292.13,14.87,4.93
mask_211,208.18,11.95,4.37
mask_212,219.09,13.14,4.18
mask_213,201.16,10.51,4.8
mask_214,193.79,12.04,4.04
mask_215,160.74,12.08,3.34
mask_216,189.5,13.12,3.63
mask_217,277.34,13.75,5.06
mask_218,231.91,12.77,4.56
mask_219,168.16,8.84,4.78
mask_220,194.45,10.51,4.64
mask_221,199.95,11.56,4.34
mask_222,174.87,11.06,3.97
mask_223,231.25,12.97,4.48
mask_224,176.03,10.9,4.05
mask_225,150.4,9.32,4.05
mask_226,151.88,10.73,3.55
mask_227,106.4,8.77,3.04
mask_228,250.97,12.32,5.11
mask_229,213.04,10.79,4.96
mask_230,179.05,13.36,3.36
mask_231,122.68,9.58,3.22
mask_232,138.85,8.63,4.04
mask_233,283.44,14.94,4.76
mask_234,213.54,14.08,3.81
mask_235,283.44,13.57,5.24
mask_236,154.91,9.74,3.99
mask_237,157.38,11.75,3.36
mask_238,248.46,16.63,3.75
mask_239,220.58,10.61,5.22
mask_240,165.41,12.55,3.31
mask_241,251.71,13.11,4.82
mask_242,140.83,10.1,3.5
mask_243,221.13,10.67,5.2
mask_244,110.14,8.5,3.25
mask_245,157.71,9.55,4.15
mask_246,177.24,10.74,4.14
mask_247,119.49,8.4,3.57
mask_248,131.92,8.99,3.68
mask_249,216.95,14.58,3.74
mask_250,197.5,12.91,3.84
mask_251,184.83,10.45,4.44
mask_252,150.4,9.68,3.9
mask_253,134.67,9.62,3.52
mask_254,160.19,9.86,4.08
mask_255,148.14,8.1,4.59
mask_256,190.88,12.44,3.85
mask_257,189.78,11.44,4.16
mask_258,182.02,10.16,4.5
mask_259,117.73,7.29,4.05
mask_260,199.98,10.27,4.89
mask_261,192.31,11.07,4.36
mask_262,106.84,9.25,2.9
mask_263,193.68,9.83,4.94
mask_264,158.54,10.06,3.96
mask_265,188.57,9.54,4.96
mask_266,208.97,11.24,4.67
mask_267,133.24,8.82,3.79
mask_268,212.49,12.52,4.26
mask_269,167.12,10.26,4.09
mask_270,276.73,12.5,5.56
mask_271,102.55,9.17,2.81
mask_272,170.53,10.9,3.93
mask_273,127.79,13.67,2.35
mask_274,206.06,12.63,4.1
mask_275,112.12,7.12,3.95
mask_276,240.87,12.21,4.95
mask_277,231.03,13.84,4.19
mask_278,113.88,8.45,3.38
mask_279,220.94,13.21,4.2
mask_280,202.32,14.58,3.48
mask_281,224.98,11.71,4.82
mask_282,149.63,9.13,4.11
mask_283,164.09,11.0,3.75
mask_284,182.02,10.48,4.36
mask_285,273.1,14.12,4.85
mask_286,99.3,12.07,2.06
mask_287,166.51,9.8,4.27
mask_288,258.97,12.95,5.02
mask_289,242.52,12.92,4.71
mask_290,243.35,14.9,4.1
mask_291,198.06,9.45,5.26
mask_292,212.93,11.44,4.67
mask_293,209.58,11.12,4.73
mask_294,306.93,15.29,5.04
mask_295,172.29,10.38,4.17
mask_296,199.24,12.49,4.0
mask_297,153.2,11.17,3.44
mask_298,197.92,10.49,4.73
mask_299,138.79,10.84,3.21
mask_300,259.41,11.87,5.49
mask_301,117.18,10.28,2.86
mask_302,207.05,11.89,4.37
mask_303,103.26,5.61,4.62
mask_304,168.71,8.72,4.85
mask_305,174.1,9.22,4.74
mask_306,114.76,8.29,3.47
mask_307,118.44,8.49,3.5
mask_308,215.57,12.11,4.47
mask_309,200.34,11.16,4.51
mask_310,198.36,11.84,4.2
mask_311,126.03,8.11,3.9
mask_312,156.12,10.3,3.8
mask_313,126.36,9.25,3.43
mask_314,223.52,12.3,4.56
mask_315,250.66,13.9,4.53
mask_316,196.98,12.2,4.05
mask_317,150.12,8.49,4.44
mask_318,216.29,12.23,4.44
mask_319,225.97,12.41,4.57
mask_320,153.86,12.1,3.19
mask_321,261.75,15.34,4.28
mask_322,211.5,11.28,4.71
mask_323,133.9,8.22,4.09
mask_324,179.47,10.57,4.26
mask_325,101.34,7.14,3.56
mask_326,196.87,10.6,4.66
mask_327,137.42,8.59,4.01
mask_328,166.51,14.51,2.88
mask_329,124.82,7.3,4.29
mask_330,191.37,8.55,5.62
mask_331,202.1,9.54,5.32
mask_332,233.06,13.83,4.23
mask_333,140.09,8.72,4.03
mask_334,181.36,9.66,4.71
mask_335,269.97,13.16,5.15
mask_336,113.6,8.84,3.22
mask_337,151.88,9.13,4.18
mask_338,139.78,8.96,3.92
mask_339,201.16,11.33,4.46
mask_340,224.15,12.19,4.62
mask_341,107.61,8.22,3.29
mask_342,202.56,15.74,3.23
mask_343,202.37,10.94,4.65
mask_344,175.59,8.7,5.07
mask_345,160.74,11.03,3.66
mask_346,244.12,13.12,4.67
mask_347,178.56,12.34,3.63
mask_348,181.8,9.29,4.91
mask_349,224.56,12.34,4.57
mask_350,256.0,14.39,4.47
mask_351,129.94,11.04,2.95
mask_352,132.03,9.0,3.68
mask_353,205.4,11.43,4.51
mask_354,129.55,8.4,3.87
mask_355,137.53,9.23,3.74
mask_356,147.48,8.72,4.25
mask_357,158.48,10.47,3.8
mask_358,193.3,9.76,4.97
mask_359,281.68,13.28,5.32
mask_360,152.49,10.57,3.62
mask_361,93.2,8.11,2.88
mask_362,220.03,11.0,5.02
mask_363,139.92,9.27,3.79
mask_364,107.06,9.41,2.86
mask_365,190.11,11.7,4.08
mask_366,199.68,11.93,4.2
mask_367,174.54,11.99,3.65
mask_368,112.17,9.16,3.07
mask_369,168.77,11.22,3.78
mask_370,115.64,7.81,3.72
mask_371,188.13,10.56,4.47
mask_372,162.0,11.84,3.43
mask_373,193.63,10.99,4.42
mask_374,190.22,9.4,5.08
mask_375,148.42,11.61,3.21
mask_376,164.75,11.3,3.66
mask_377,331.26,16.35,5.08
mask_378,147.37,10.97,3.37
mask_379,182.6,13.25,3.46
mask_380,150.73,10.2,3.71
mask_381,135.69,8.53,3.99
mask_382,113.99,7.02,4.08
mask_383,112.67,8.08,3.5
mask_384,134.72,10.07,3.36
mask_385,231.47,21.77,2.67
mask_386,142.2,9.65,3.7
mask_387,217.44,11.64,4.69
mask_388,155.07,11.01,3.54
mask_389,141.54,8.72,4.07
mask_390,166.68,10.07,4.15
mask_391,149.13,11.43,3.27
mask_392,307.37,19.01,4.06
mask_393,110.52,7.54,3.68
mask_394,144.02,9.44,3.83
mask_395,104.2,8.01,3.27
mask_396,247.75,13.39,4.65
mask_397,160.54,8.92,4.52
mask_398,174.43,9.48,4.62
mask_399,236.53,13.73,4.33
mask_400,181.83,11.66,3.92
mask_401,100.84,6.29,4.03
mask_402,212.3,20.33,2.62
mask_403,104.36,8.97,2.92
mask_404,168.91,10.2,4.16
MaskID,Area(mm^2),Length(mm),Width(mm)
mask_0,389.4,16.19,6.04
mask_1,397.81,15.44,6.47
mask_2,320.24,13.61,5.91
mask_3,354.72,14.89,5.98
mask_4,391.96,16.29,6.04
mask_5,382.06,16.98,5.65
mask_6,372.6,15.99,5.85
mask_7,344.3,16.06,5.38
mask_8,380.0,16.43,5.8
mask_9,366.22,15.39,5.97
mask_10,387.01,14.36,6.77
mask_11,358.02,14.95,6.01
mask_12,295.21,13.82,5.36
mask_13,396.77,16.43,6.06
mask_14,368.91,15.28,6.06
mask_15,328.71,14.52,5.68
mask_16,358.57,15.16,5.94
mask_17,370.78,16.57,5.62
mask_18,321.17,13.98,5.77
mask_19,375.46,15.54,6.07
mask_20,337.73,15.05,5.63
mask_21,393.44,16.12,6.13
mask_22,332.78,15.3,5.46
mask_23,350.93,14.34,6.14
mask_24,399.77,16.38,6.13
mask_25,408.84,15.54,6.6
mask_26,347.57,14.98,5.82
mask_27,334.7,15.96,5.27
mask_28,388.6,16.53,5.9
mask_29,378.54,16.46,5.77
mask_30,361.38,17.23,5.26
mask_31,380.11,15.33,6.23
mask_32,372.21,14.82,6.31
mask_33,429.94,15.79,6.83
mask_34,329.09,15.31,5.4
mask_35,346.39,16.9,5.15
mask_36,348.34,14.15,6.18
mask_37,364.93,14.62,6.27
mask_38,385.44,16.47,5.87
mask_39,311.05,13.7,5.7
mask_40,305.83,15.69,4.89
mask_41,407.63,17.04,6.01
mask_42,376.28,18.14,5.21
mask_43,349.39,15.1,5.81
mask_44,430.02,17.67,6.11
mask_45,382.17,15.35,6.25
mask_46,304.12,13.49,5.66
mask_47,324.5,13.91,5.86
mask_48,372.71,16.84,5.56
mask_49,318.2,15.81,5.05
mask_50,335.88,15.95,5.29
mask_51,342.05,13.99,6.14
mask_52,353.81,15.89,5.59
mask_53,415.0,16.75,6.22
mask_54,323.87,14.03,5.8
mask_55,441.29,17.79,6.23
mask_56,378.32,15.91,5.97
mask_57,365.72,15.61,5.88
mask_58,363.25,13.63,6.69
mask_59,387.17,16.04,6.06
mask_60,306.68,14.87,5.18
mask_61,448.0,15.98,7.04
mask_62,361.87,15.92,5.71
mask_63,303.85,14.77,5.16
mask_64,340.86,14.95,5.72
mask_65,334.37,14.98,5.6
mask_66,309.24,16.34,4.75
mask_67,329.48,15.68,5.28
mask_68,314.41,13.25,5.96
mask_69,374.85,16.37,5.75
mask_70,339.6,15.69,5.43
mask_71,344.13,14.19,6.09
mask_72,333.44,14.05,5.96
mask_73,391.74,16.63,5.91
mask_74,373.42,17.08,5.49
mask_75,329.48,16.91,4.89
mask_76,376.83,15.54,6.09
mask_77,361.1,15.77,5.75
mask_78,359.12,18.45,4.89
mask_79,375.35,16.33,5.77
mask_80,326.18,12.89,6.35
mask_81,399.44,15.88,6.31
mask_82,346.61,14.47,6.01
mask_83,372.05,15.88,5.88
mask_84,344.22,15.33,5.64
mask_85,330.52,15.07,5.5
mask_86,331.62,14.56,5.72
mask_87,356.37,14.53,6.16
mask_88,370.1,16.93,5.49
mask_89,334.48,14.54,5.77
mask_90,351.31,16.24,5.43
mask_91,318.59,14.14,5.66
mask_92,414.26,17.36,5.99
mask_93,399.49,15.76,6.36
mask_94,343.94,14.54,5.94
mask_95,381.2,15.9,6.02
mask_96,305.22,13.42,5.71
mask_97,268.92,14.22,4.75
mask_98,310.78,15.42,5.06
mask_99,357.67,14.73,6.1
mask_100,359.29,14.83,6.08
mask_101,325.74,14.62,5.59
mask_102,371.11,14.19,6.57
mask_103,386.57,16.59,5.85
mask_104,342.68,14.06,6.12
mask_105,348.01,15.53,5.63
mask_106,359.45,15.41,5.86
mask_107,386.07,15.31,6.33
mask_108,287.9,16.33,4.43
mask_109,327.66,12.16,6.77
mask_110,303.02,15.03,5.06
mask_111,321.2,16.3,4.95
mask_112,370.84,16.03,5.81
mask_113,301.92,13.75,5.51
mask_114,342.93,14.41,5.97
mask_115,310.94,14.64,5.33
mask_116,358.79,15.01,6.0
mask_117,407.63,15.57,6.57
mask_118,376.67,15.81,5.98
mask_119,334.51,13.84,6.07
mask_120,372.27,15.38,6.08
mask_121,315.34,14.34,5.52
mask_122,341.14,14.18,6.04
mask_123,369.52,15.71,5.9
mask_124,377.44,15.29,6.2
mask_125,373.04,15.97,5.86
mask_126,315.01,15.41,5.13
mask_127,328.32,14.21,5.8
mask_128,363.41,15.88,5.75
mask_129,393.72,16.28,6.07
mask_130,313.56,12.68,6.21
mask_131,322.6,13.17,6.15
mask_132,264.03,11.65,5.69
mask_133,376.01,15.05,6.27
mask_134,364.57,15.62,5.86
mask_135,308.91,13.88,5.59
mask_136,401.91,17.32,5.82
mask_137,368.69,15.53,5.96
mask_138,427.49,15.96,6.72
mask_139,351.53,15.55,5.68
mask_140,387.45,15.6,6.24
mask_141,346.42,14.67,5.93
mask_142,392.18,16.68,5.9
mask_143,356.29,13.14,6.8
mask_144,397.6,17.25,5.79
mask_145,380.82,17.66,5.41
mask_146,331.46,21.33,3.9
mask_147,335.12,13.04,6.45
mask_148,331.51,15.74,5.29
mask_149,267.49,15.56,4.32
mask_150,389.84,15.9,6.15
mask_151,306.65,14.08,5.47
mask_152,311.93,13.26,5.91
mask_153,442.45,16.69,6.65
mask_154,388.85,15.49,6.3
mask_155,349.83,16.16,5.43
mask_156,410.71,16.43,6.28
mask_157,338.06,15.52,5.47
mask_158,310.89,17.19,4.54
mask_159,305.94,12.87,5.97
mask_160,391.85,17.1,5.75
mask_161,296.83,15.59,4.78
mask_162,420.39,17.43,6.05
mask_163,306.79,15.18,5.07
mask_164,261.77,12.6,5.21
mask_165,313.25,16.75,4.69
mask_166,296.62,13.21,5.64
mask_167,351.7,15.87,5.56
mask_168,332.17,14.48,5.76
mask_169,356.45,16.02,5.59
mask_170,348.4,17.0,5.15
mask_171,285.81,14.75,4.86
mask_172,383.43,15.77,6.1
mask_173,283.66,11.63,6.12
mask_174,323.56,14.99,5.42
mask_175,374.96,15.36,6.13
mask_176,371.5,14.72,6.33
mask_177,255.78,15.16,4.24
mask_178,375.26,16.33,5.77
mask_179,310.01,14.04,5.54
mask_180,281.57,15.13,4.67
mask_181,335.09,14.77,5.69
mask_182,589.24,27.63,5.35
mask_183,277.01,12.18,5.71
mask_184,328.46,17.01,4.85
mask_185,333.16,14.28,5.86
mask_186,273.82,15.67,4.39
mask_187,236.47,12.4,4.79
mask_188,321.34,13.63,5.92
mask_189,179.33,10.76,4.19
mask_190,217.83,12.81,4.27
mask_191,302.67,14.76,5.15
mask_192,287.02,13.85,5.2
mask_193,252.94,12.53,5.07
mask_194,235.29,10.26,5.76
mask_195,286.69,11.42,6.3
MaskID,Area(mm^2),Length(mm),Width(mm)
mask_0,192.8,11.73,4.12
mask_1,231.41,14.71,3.95
mask_2,175.31,10.76,4.09
mask_3,154.58,9.74,3.99
mask_4,141.82,9.25,3.85
mask_5,185.71,11.35,4.11
mask_6,178.61,10.65,4.21
mask_7,277.28,13.28,5.24
mask_8,174.93,11.41,3.85
mask_9,185.6,12.75,3.65
mask_10,213.48,12.73,4.21
mask_11,183.89,9.92,4.65
mask_12,184.94,11.21,4.14
mask_13,141.38,9.01,3.94
mask_14,156.17,9.55,4.11
mask_15,180.37,12.65,3.58
mask_16,164.59,10.15,4.07
mask_17,160.08,11.05,3.64
mask_18,177.73,12.09,3.69
mask_19,163.82,9.54,4.31
mask_20,218.96,11.15,4.93
mask_21,233.61,13.74,4.27
mask_22,240.93,13.18,4.59
mask_23,190.6,10.48,4.56
MaskID,Area(mm^2),Length(mm),Width(mm)
mask_0,264.41,12.34,5.38
mask_1,223.49,12.48,4.5
mask_2,239.77,11.38,5.29
mask_3,265.79,14.09,4.74
mask_4,252.78,11.8,5.38
mask_5,275.91,15.87,4.37
mask_6,267.71,12.52,5.37
mask_7,262.6,13.35,4.94
mask_8,216.07,12.17,4.46
mask_9,254.62,14.77,4.33
mask_10,237.44,13.82,4.31
mask_11,243.35,13.56,4.5
mask_12,252.92,15.31,4.15
mask_13,241.37,11.24,5.39
mask_14,297.19,14.9,5.01
mask_15,257.32,12.28,5.26
mask_16,254.32,14.18,4.5
mask_17,196.76,11.31,4.37
mask_18,202.1,10.89,4.66
mask_19,226.68,12.56,4.53
mask_20,300.08,15.42,4.88
mask_21,345.15,17.02,5.09
mask_22,251.43,12.48,5.06
mask_23,293.34,15.66,4.7
mask_24,190.44,11.03,4.33
mask_25,224.21,11.53,4.88
mask_26,159.47,9.63,4.16
mask_27,229.05,12.33,4.66
mask_28,253.41,11.33,5.61
mask_29,227.34,12.65,4.51
mask_30,245.49,11.67,5.28
mask_31,262.41,13.61,4.84
mask_32,170.86,9.75,4.4
mask_33,231.91,12.22,4.77
mask_34,233.09,12.13,4.82
mask_35,286.19,13.19,5.45
mask_36,217.11,10.38,5.25
mask_37,240.76,12.28,4.92
mask_38,242.03,12.66,4.8
mask_39,196.71,12.32,4.01
mask_40,168.11,9.82,4.3
mask_41,176.08,10.45,4.23
mask_42,226.13,11.63,4.88
mask_43,191.98,9.96,4.84
mask_44,244.72,13.37,4.59
mask_45,273.98,11.51,5.97
mask_46,226.85,11.43,4.98
mask_47,229.82,13.12,4.4
mask_48,181.42,10.72,4.25
mask_49,164.81,9.6,4.31
mask_50,305.39,14.48,5.3
mask_51,291.47,15.06,4.86
mask_52,257.81,12.83,5.05
mask_53,189.91,10.49,4.55
mask_54,210.46,11.76,4.49
mask_55,309.51,14.33,5.42
mask_56,165.47,11.51,3.61
mask_57,303.02,11.99,6.34
mask_58,269.09,12.04,5.61
mask_59,188.4,10.23,4.62
mask_60,216.23,10.75,5.05
mask_61,157.6,8.22,4.82
mask_62,265.07,12.54,5.31
mask_63,243.57,13.38,4.57
mask_64,253.3,14.01,4.54
mask_65,318.75,15.14,5.28
mask_66,255.34,12.3,5.21
mask_67,195.0,10.86,4.51
mask_68,172.95,11.55,3.76
mask_69,207.16,12.81,4.06
mask_70,234.71,12.5,4.71
mask_71,232.9,11.4,5.13
mask_72,224.21,10.12,5.56
mask_73,196.21,10.85,4.54
mask_74,219.48,11.43,4.82
mask_75,149.3,9.13,4.11
mask_76,244.78,11.8,5.21
mask_77,191.46,14.09,3.41
mask_78,176.52,11.06,4.01
mask_79,320.51,14.76,5.45
mask_80,140.77,8.56,4.13
mask_81,224.21,12.77,4.41
mask_82,253.69,12.58,5.06
mask_83,199.51,10.32,4.85
mask_84,292.46,14.4,5.1
mask_85,173.39,12.27,3.55
mask_86,126.69,9.71,3.27
mask_87,191.04,11.07,4.33
mask_88,263.92,11.81,5.61
mask_89,242.33,11.98,5.08
mask_90,158.21,11.29,3.52
mask_91,163.54,12.49,3.29
mask_92,186.97,13.22,3.55
mask_93,180.37,11.57,3.91
mask_94,122.51,8.21,3.74
mask_95,199.51,11.58,4.32
mask_96,252.31,11.23,5.64
mask_97,196.82,12.37,4.0
mask_98,163.98,9.58,4.3
mask_99,288.5,13.92,5.2
mask_100,290.07,13.3,5.47
mask_101,231.16,11.65,4.98
mask_102,195.83,10.13,4.85
mask_103,208.97,14.42,3.64
mask_104,163.05,9.55,4.29
mask_105,244.72,12.29,5.0
mask_106,241.04,9.39,6.44
mask_107,170.31,9.63,4.44
mask_108,238.84,12.16,4.93
mask_109,302.91,13.56,5.61
mask_110,229.49,11.41,5.05
mask_111,159.97,12.07,3.33
mask_112,162.39,9.61,4.24
mask_113,229.32,13.29,4.33
mask_114,231.3,14.97,3.88
mask_115,183.78,11.53,4.0
mask_116,203.36,11.98,4.26
mask_117,179.99,9.18,4.92
mask_118,214.31,11.98,4.49
mask_119,198.52,11.36,4.39
mask_120,195.11,10.6,4.62
mask_121,236.53,11.53,5.15
mask_122,141.6,9.36,3.8
mask_123,261.83,13.05,5.04
mask_124,202.21,10.93,4.65
mask_125,214.97,13.24,4.08
mask_126,182.35,10.15,4.51
mask_127,293.18,14.51,5.07
mask_128,235.98,11.61,5.1
mask_129,160.02,12.16,3.3
mask_130,288.56,12.96,5.59
mask_131,287.57,14.81,4.87
mask_132,214.97,12.14,4.45
mask_133,241.2,11.69,5.18
mask_134,311.44,14.51,5.39
mask_135,234.55,16.24,3.62
mask_136,240.65,13.75,4.39
mask_137,201.38,9.56,5.29
mask_138,167.72,11.23,3.75
mask_139,294.77,16.72,4.42
mask_140,180.34,11.38,3.98
mask_141,88.69,7.95,2.8
mask_142,192.36,11.7,4.13
mask_143,234.74,13.74,4.29
mask_144,198.82,10.24,4.87
mask_145,170.47,10.94,3.91
mask_146,194.4,11.36,4.29
mask_147,302.58,13.89,5.47
mask_148,200.5,11.13,4.52
mask_149,138.3,9.15,3.79
mask_150,204.63,13.58,3.78
mask_151,243.29,14.61,4.18
mask_152,250.22,13.01,4.83
mask_153,202.87,12.57,4.05
mask_154,200.28,9.62,5.22
mask_155,325.08,14.71,5.55
mask_156,171.68,11.06,3.9
mask_157,172.62,13.48,3.22
mask_158,192.14,10.38,4.65
mask_159,200.34,13.19,3.81
mask_160,189.56,11.62,4.1
mask_161,192.09,12.95,3.72
mask_162,259.88,12.51,5.21
mask_163,136.29,10.07,3.4
mask_164,247.75,12.5,4.98
mask_165,115.86,8.84,3.29
mask_166,163.21,11.02,3.72
mask_167,138.24,8.9,3.9
mask_168,210.35,12.67,4.17
mask_169,149.93,9.89,3.81
mask_170,280.09,13.46,5.22
mask_171,237.13,12.89,4.62
mask_172,221.79,12.0,4.64
mask_173,169.15,11.17,3.8
mask_174,246.15,11.68,5.29
mask_175,274.53,13.38,5.15
mask_176,191.26,11.24,4.27
mask_177,281.63,14.29,4.95
mask_178,135.05,9.95,3.41
mask_179,161.56,11.09,3.66
mask_180,238.07,13.3,4.49
mask_181,205.51,9.33,5.53
mask_182,227.48,11.34,5.04
mask_183,106.4,8.6,3.11
mask_184,165.8,10.03,4.15
mask_185,125.32,8.21,3.83
mask_186,160.74,10.81,3.73
mask_187,197.59,10.25,4.84
mask_188,178.17,8.63,5.18
mask_189,219.15,11.3,4.87
mask_190,140.0,9.53,3.69
mask_191,213.21,11.12,4.81
mask_192,177.93,11.64,3.84
mask_193,312.79,14.84,5.29
mask_194,127.63,9.64,3.32
mask_195,217.28,12.59,4.33
mask_196,177.02,11.57,3.84
mask_197,263.48,13.91,4.75
mask_198,126.86,7.97,4.0
mask_199,247.97,13.22,4.71
mask_200,156.61,10.62,3.7
mask_201,120.97,9.71,3.13
mask_202,182.85,10.98,4.18
mask_203,176.08,10.64,4.16
mask_204,228.94,11.53,4.99
mask_205,229.71,12.35,4.67
mask_206,154.47,9.05,4.28
mask_207,82.03,6.58,3.13
mask_208,148.2,10.33,3.6
mask_209,189.5,11.47,4.15
mask_210,250.22,16.16,3.89
mask_211,186.26,10.5,4.45
mask_212,202.87,12.01,4.24
mask_213,122.9,7.17,4.3
mask_214,213.65,11.32,4.74
mask_215,191.43,9.43,5.09
mask_216,257.43,14.34,4.51
mask_217,224.4,13.06,4.31
mask_218,229.87,13.1,4.41
mask_219,117.29,8.08,3.64
mask_220,142.92,8.68,4.13
mask_221,170.36,11.13,3.84
mask_222,174.38,10.27,4.26
mask_223,159.42,11.85,3.38
mask_224,143.58,10.08,3.58
mask_225,237.9,12.15,4.91
mask_226,120.31,7.93,3.81
mask_227,152.21,11.02,3.47
mask_228,180.92,10.36,4.38
mask_229,178.28,11.03,4.06
mask_230,142.97,10.59,3.39
mask_231,271.4,13.67,4.98
mask_232,162.99,10.66,3.84
mask_233,231.41,11.16,5.2
mask_234,158.04,8.45,4.69
mask_235,145.5,10.71,3.41
mask_236,227.15,13.12,4.35
mask_237,224.54,13.52,4.17
mask_238,170.17,12.03,3.55
mask_239,171.63,10.2,4.23
mask_240,184.0,13.44,3.44
mask_241,247.91,12.71,4.9
mask_242,193.46,9.8,4.96
mask_243,210.35,10.42,5.07
mask_244,109.42,8.82,3.12
mask_245,191.1,10.79,4.45
mask_246,204.57,10.75,4.78
mask_247,158.26,10.6,3.75
mask_248,235.37,11.0,5.37
mask_249,109.64,9.01,3.05
mask_250,235.54,10.96,5.39
mask_251,265.62,13.87,4.81
mask_252,186.59,11.86,3.95
mask_253,234.05,14.55,4.04
mask_254,238.23,12.42,4.82
mask_255,156.61,9.17,4.29
mask_256,135.99,7.86,4.34
mask_257,122.46,9.06,3.39
mask_258,202.24,11.73,4.33
mask_259,175.53,12.62,3.49
mask_260,163.27,9.53,4.3
mask_261,153.97,10.3,3.75
mask_262,199.24,11.74,4.26
mask_263,221.73,13.35,4.17
mask_264,200.01,11.98,4.19
mask_265,83.02,6.77,3.08
mask_266,247.69,12.65,4.92
mask_267,188.24,11.27,4.19
mask_268,120.75,7.72,3.93
mask_269,136.26,11.16,3.07
mask_270,114.54,8.59,3.35
mask_271,188.35,13.06,3.62
mask_272,168.05,9.81,4.3
mask_273,195.17,12.19,4.02
mask_274,123.5,8.63,3.59
mask_275,186.31,11.76,3.98
mask_276,144.84,10.97,3.32
mask_277,170.2,10.52,4.06
mask_278,210.29,14.05,3.76
mask_279,147.43,9.77,3.79
mask_280,211.01,14.29,3.71
mask_281,123.12,9.16,3.38
mask_282,110.85,10.03,2.77
mask_283,330.22,16.61,4.99
mask_284,275.36,13.08,5.29
mask_285,98.86,7.55,3.29
mask_286,233.12,10.6,5.52
mask_287,118.97,9.63,3.1
mask_288,214.03,18.36,2.93
mask_289,169.87,11.54,3.7
mask_290,140.22,10.25,3.43
mask_291,131.31,9.38,3.52
mask_292,128.23,8.83,3.64
mask_293,178.67,8.28,5.41
mask_294,235.76,11.66,5.07
mask_295,96.88,7.91,3.08
mask_296,212.77,12.59,4.24
mask_297,171.02,9.5,4.52
mask_298,267.85,12.02,5.59
mask_299,209.14,13.02,4.03
mask_300,250.55,12.22,5.15
mask_301,149.41,9.59,3.91
mask_302,137.42,10.38,3.32
mask_303,268.68,13.83,4.88
mask_304,113.93,7.74,3.7
mask_305,152.76,10.89,3.52
mask_306,262.05,13.12,5.02
mask_307,146.66,9.1,4.05
mask_308,156.69,9.46,4.16
mask_309,133.35,6.23,5.31
mask_310,190.49,11.37,4.21
mask_311,217.25,13.05,4.18
mask_312,2358.57,48.91,12.11
mask_313,127.13,9.25,3.45
mask_314,136.21,10.9,3.14
mask_315,165.25,10.92,3.8
mask_316,174.76,10.31,4.25
mask_317,179.49,9.46,4.76
mask_318,198.6,12.81,3.89
mask_319,180.87,11.53,3.94
mask_320,213.43,11.88,4.51
mask_321,241.7,14.39,4.22
mask_322,129.06,8.31,3.9
mask_323,164.97,14.32,2.89
mask_324,109.81,8.13,3.39
mask_325,186.31,12.05,3.88
mask_326,194.45,10.01,4.87
mask_327,178.17,12.14,3.68
mask_328,197.7,11.74,4.23
mask_329,216.51,11.91,4.56
mask_330,186.75,11.94,3.93
mask_331,218.32,12.92,4.24
mask_332,132.03,8.53,3.88
mask_333,73.78,7.08,2.62
mask_334,140.99,10.62,3.33
mask_335,167.28,10.11,4.15
mask_336,143.82,10.37,3.48
mask_337,315.64,20.85,3.8
mask_338,263.48,13.1,5.05
mask_339,145.28,13.03,2.8
mask_340,191.98,10.56,4.56
mask_341,236.31,14.75,4.02
mask_342,176.63,10.18,4.36
mask_343,229.1,11.84,4.86
mask_344,162.72,10.41,3.92
mask_345,183.15,14.07,3.27
mask_346,182.46,9.49,4.83
mask_347,193.74,11.14,4.37
mask_348,144.02,8.91,4.06
mask_349,112.94,7.76,3.65
mask_350,182.57,11.28,4.06
mask_351,118.83,10.03,2.97
mask_352,186.7,9.18,5.11
mask_353,171.85,11.18,3.86
mask_354,262.43,16.7,3.94
mask_355,110.08,8.38,3.3
mask_356,155.9,9.37,4.17
mask_357,182.49,9.79,4.68
mask_358,139.23,10.42,3.36
mask_359,196.87,13.96,3.54
mask_360,87.7,7.19,3.06
mask_361,206.99,12.69,4.09
mask_362,141.71,11.24,3.16
mask_363,86.93,8.49,2.57
mask_364,192.25,8.45,5.71
mask_365,205.89,11.27,4.58
mask_366,174.16,10.19,4.29
mask_367,229.54,11.18,5.16
mask_368,217.5,13.24,4.12
mask_369,132.47,9.63,3.45
mask_370,162.77,9.9,4.13
mask_371,208.09,11.52,4.53
mask_372,283.39,17.25,4.12
mask_373,167.45,10.87,3.87
mask_374,195.22,11.22,4.37
mask_375,84.73,8.22,2.59
mask_376,145.23,8.85,4.12
mask_377,150.29,8.22,4.59
mask_378,176.58,9.03,4.91
mask_379,199.84,12.74,3.94
mask_380,95.4,8.94,2.68
mask_381,147.21,9.17,4.03
mask_382,158.62,10.22,3.9
mask_383,169.04,10.18,4.17
mask_384,97.1,7.99,3.05
mask_385,134.72,10.06,3.36
mask_386,118.17,8.18,3.63
mask_387,84.62,7.54,2.82
mask_388,167.06,9.59,4.37
mask_389,106.81,10.02,2.68
mask_390,133.46,9.1,3.68
mask_391,105.85,7.28,3.65
mask_392,173.77,8.89,4.91
mask_393,231.19,12.46,4.66
mask_394,190.55,12.14,3.94
mask_395,126.09,9.4,3.37
mask_396,183.59,13.55,3.4
mask_397,151.72,10.37,3.67
mask_398,117.89,8.47,3.49
mask_399,281.46,14.11,5.01
mask_400,94.68,7.7,3.09
mask_401,126.97,9.32,3.42
mask_402,198.47,9.91,5.03
mask_403,242.6,11.88,5.13
mask_404,289.66,14.02,5.19
mask_405,113.99,9.66,2.96
mask_406,175.31,13.19,3.34
mask_407,223.11,11.92,4.7
mask_408,200.61,8.86,5.68
mask_409,187.6,11.58,4.07
mask_410,146.05,8.32,4.41
mask_411,154.85,11.28,3.45
mask_412,149.16,7.96,4.7
mask_413,148.58,10.03,3.72
mask_414,118.06,10.31,2.87
mask_415,129.06,9.63,3.36
mask_416,195.77,11.57,4.25
mask_417,90.78,7.05,3.23
mask_418,195.22,12.04,4.07
mask_419,135.66,10.02,3.4
mask_420,197.64,9.04,5.49
mask_421,122.51,8.29,3.71
mask_422,105.74,6.95,3.82
mask_423,207.21,14.93,3.48
mask_424,140.88,10.53,3.36
mask_425,85.42,5.13,4.18
mask_426,141.76,9.52,3.74
mask_427,206.39,10.86,4.77
mask_428,270.57,14.4,4.72
mask_429,133.9,9.54,3.52
mask_430,100.13,7.48,3.36
mask_431,251.27,13.96,4.52
mask_432,198.19,11.7,4.25
mask_433,220.28,11.83,4.67
mask_434,175.86,11.78,3.75
mask_435,181.97,11.17,4.09
mask_436,141.98,9.8,3.64
mask_437,133.13,9.37,3.57
mask_438,103.18,9.58,2.7
mask_439,170.58,10.99,3.9
mask_440,91.11,5.2,4.4
mask_441,194.84,11.38,4.3
mask_442,130.71,10.85,3.03
mask_443,72.63,7.6,2.4
mask_444,167.45,11.06,3.8
mask_445,252.92,13.61,4.67
mask_446,84.78,8.05,2.64
mask_447,93.72,9.42,2.5
mask_448,157.55,8.14,4.86
mask_449,139.34,8.23,4.25
mask_450,80.52,6.14,3.29
mask_451,225.09,12.0,4.71
mask_452,164.48,8.72,4.73
mask_453,212.55,11.87,4.5
mask_454,144.62,10.12,3.59
mask_455,170.97,11.94,3.59
mask_456,155.24,10.77,3.62
mask_457,91.71,10.7,2.15
MaskID,Area(mm^2),Length(mm),Width(mm)
mask_0,313.8,14.49,5.44
mask_1,238.51,11.98,5.0
mask_2,214.14,11.99,4.48
mask_3,262.1,13.79,4.77
mask_4,272.66,13.75,4.98
mask_5,340.04,16.89,5.05
mask_6,274.5,12.65,5.45
mask_7,289.82,14.0,5.2
mask_8,291.64,14.05,5.21
mask_9,213.21,12.39,4.32
mask_10,213.34,12.45,4.3
mask_11,230.97,13.32,4.35
mask_12,246.76,11.62,5.33
mask_13,259.13,12.41,5.24
mask_14,248.3,12.53,4.98
mask_15,338.25,16.7,5.09
mask_16,179.88,10.39,4.35
mask_17,298.84,19.14,3.92
mask_18,153.26,10.3,3.73
mask_19,232.46,11.52,5.07
mask_20,247.91,11.86,5.25
mask_21,209.8,11.99,4.39
mask_22,248.08,12.46,5.0
mask_23,243.24,11.17,5.47
mask_24,210.95,11.11,4.76
mask_25,186.37,9.99,4.68
mask_26,244.78,12.23,5.02
mask_27,182.85,10.42,4.41
mask_28,303.68,14.04,5.43
mask_29,285.04,13.74,5.21
mask_30,205.07,11.94,4.31
mask_31,218.82,12.37,4.44
mask_32,188.4,10.35,4.57
mask_33,177.57,11.02,4.04
mask_34,198.85,11.75,4.25
mask_35,142.31,9.73,3.67
mask_36,174.02,11.77,3.71
mask_37,197.37,11.52,4.3
mask_38,256.93,14.38,4.49
mask_39,308.36,14.29,5.42
mask_40,198.99,11.65,4.29
mask_41,223.77,13.35,4.21
mask_42,252.42,11.19,5.66
mask_43,146.49,8.42,4.37
mask_44,215.74,12.38,4.37
mask_45,231.03,12.11,4.79
mask_46,151.99,10.53,3.62
mask_47,245.11,11.39,5.4
mask_48,156.28,10.96,3.58
mask_49,137.8,9.19,3.76
mask_50,188.57,9.35,5.06
mask_51,218.65,11.15,4.92
mask_52,171.3,13.0,3.31
mask_53,250.99,12.74,4.94
mask_54,224.48,12.58,4.48
mask_55,295.82,14.16,5.25
mask_56,199.02,10.58,4.72
mask_57,249.92,10.86,5.78
mask_58,211.61,12.03,4.42
mask_59,122.57,9.46,3.25
mask_60,305.19,15.19,5.04
mask_61,239.61,14.61,4.12
mask_62,158.48,10.49,3.79
mask_63,224.81,12.04,4.69
mask_64,244.01,14.13,4.33
mask_65,154.03,8.41,4.6
mask_66,205.84,12.6,4.1
mask_67,200.5,10.57,4.76
mask_68,194.84,11.29,4.33
mask_69,160.08,9.14,4.4
mask_70,232.07,13.97,4.17
mask_71,210.62,9.95,5.31
mask_72,160.35,11.66,3.45
mask_73,257.48,13.72,4.71
mask_74,203.75,9.59,5.34
mask_75,137.25,9.48,3.64
mask_76,259.68,12.81,5.09
mask_77,317.87,16.97,4.7
mask_78,233.17,11.55,5.07
mask_79,233.45,11.94,4.91
mask_80,258.2,14.21,4.56
mask_81,139.67,10.35,3.39
mask_82,231.3,12.48,4.65
mask_83,204.46,9.33,5.5
mask_84,178.06,11.09,4.03
mask_85,239.97,12.06,4.99
mask_86,178.28,11.64,3.85
mask_87,229.1,11.68,4.92
mask_88,327.06,14.51,5.66
mask_89,251.38,13.57,4.65
mask_90,239.77,11.35,5.3
mask_91,181.97,12.07,3.79
mask_92,264.8,13.76,4.83
mask_93,225.58,10.62,5.33
mask_94,167.39,10.7,3.93
mask_95,171.85,7.78,5.55
mask_96,114.04,8.86,3.23
mask_97,166.02,11.09,3.76
mask_98,192.97,10.57,4.58
mask_99,146.05,10.73,3.42
mask_100,229.38,12.04,4.78
mask_101,213.21,11.29,4.74
mask_102,214.91,13.54,3.98
mask_103,247.2,12.42,5.0
mask_104,205.07,11.28,4.57
mask_105,154.8,9.93,3.91
mask_106,198.14,11.74,4.24
mask_107,202.26,12.16,4.18
mask_108,167.78,10.38,4.06
mask_109,266.78,13.82,4.85
mask_110,243.13,11.67,5.23
mask_111,195.33,12.52,3.92
mask_112,250.11,11.97,5.24
mask_113,208.04,11.5,4.54
mask_114,158.54,9.93,4.01
mask_115,220.85,12.09,4.59
mask_116,246.43,12.81,4.83
mask_117,184.28,11.66,3.97
mask_118,140.33,9.2,3.83
mask_119,177.07,11.27,3.94
mask_120,129.66,8.65,3.76
mask_121,143.19,9.19,3.91
mask_122,222.5,12.71,4.4
mask_123,151.17,8.11,4.68
mask_124,234.11,9.76,6.02
mask_125,197.31,9.63,5.14
mask_126,111.51,7.38,3.8
mask_127,225.91,11.57,4.9
mask_128,168.38,9.54,4.43
mask_129,247.25,12.37,5.02
mask_130,246.37,13.57,4.56
mask_131,184.83,12.45,3.73
mask_132,216.4,12.73,4.27
mask_133,172.62,10.54,4.11
mask_134,235.21,12.81,4.61
mask_135,257.81,13.21,4.9
mask_136,158.21,9.56,4.16
mask_137,153.04,8.72,4.41
mask_138,235.48,12.85,4.6
mask_139,297.22,14.16,5.27
mask_140,263.7,13.21,5.01
mask_141,258.97,14.35,4.53
mask_142,160.49,9.59,4.2
mask_143,195.17,11.64,4.21
mask_144,190.38,9.95,4.8
mask_145,124.49,10.44,2.99
mask_146,268.15,13.98,4.82
mask_147,176.41,10.54,4.2
mask_148,163.54,8.37,4.91
mask_149,159.25,9.21,4.34
mask_150,144.13,9.98,3.63
mask_151,151.44,9.97,3.81
mask_152,136.78,9.01,3.81
mask_153,219.75,10.99,5.02
mask_154,163.43,10.06,4.08
mask_155,178.39,10.68,4.19
mask_156,212.22,12.14,4.39
mask_157,235.48,12.57,4.7
mask_158,143.91,8.55,4.23
mask_159,147.87,9.43,3.94
mask_160,215.96,13.69,3.96
mask_161,118.22,8.54,3.48
mask_162,300.66,15.41,4.9
mask_163,252.04,12.38,5.11
mask_164,124.05,9.37,3.32
mask_165,206.5,16.14,3.21
mask_166,256.66,13.6,4.74
mask_167,233.89,11.83,4.96
mask_168,130.87,9.21,3.57
mask_169,175.92,10.37,4.26
mask_170,221.84,11.76,4.74
mask_171,141.6,8.85,4.02
mask_172,188.62,8.39,5.64
mask_173,238.67,11.89,5.04
mask_174,215.96,10.4,5.21
mask_175,126.97,10.26,3.11
mask_176,222.83,11.86,4.72
mask_177,151.44,10.68,3.56
mask_178,195.06,11.25,4.35
mask_179,200.61,11.13,4.53
mask_180,166.9,11.28,3.72
mask_181,176.3,8.99,4.92
mask_182,187.58,10.08,4.67
mask_183,234.6,11.23,5.24
mask_184,188.79,10.25,4.62
mask_185,197.04,10.33,4.79
mask_186,226.74,13.43,4.24
mask_187,237.41,12.04,4.95
mask_188,222.61,10.78,5.19
mask_189,254.38,13.68,4.67
mask_190,201.82,11.88,4.26
mask_191,158.04,9.09,4.36
mask_192,276.51,10.9,6.37
mask_193,197.26,10.34,4.79
mask_194,258.09,13.02,4.98
mask_195,255.94,13.57,4.74
mask_196,217.94,15.19,3.6
mask_197,131.75,8.71,3.8
mask_198,173.06,10.58,4.11
mask_199,190.05,12.25,3.89
mask_200,201.55,10.81,4.68
mask_201,222.39,10.64,5.25
mask_202,246.21,12.72,4.86
mask_203,205.56,11.62,4.44
mask_204,189.56,9.5,5.01
mask_205,181.97,8.52,5.36
mask_206,119.71,8.76,3.43
mask_207,133.62,8.67,3.87
mask_208,171.08,9.28,4.63
mask_209,214.09,10.77,4.99
mask_210,176.69,10.37,4.28
mask_211,222.23,12.83,4.35
mask_212,192.75,12.32,3.93
mask_213,171.13,9.52,4.51
mask_214,278.52,14.07,4.97
mask_215,160.35,9.88,4.07
mask_216,163.21,10.27,3.99
mask_217,204.96,12.26,4.2
mask_218,179.41,10.49,4.29
mask_219,211.39,12.6,4.21
mask_220,157.55,10.56,3.75
mask_221,242.96,13.45,4.53
mask_222,94.35,8.31,2.85
mask_223,204.79,12.76,4.03
mask_224,244.45,12.35,4.97
mask_225,125.59,11.01,2.86
mask_226,229.32,11.17,5.15
mask_227,211.39,10.84,4.9
mask_228,199.62,11.73,4.27
mask_229,171.68,11.13,3.87
mask_230,142.09,10.04,3.55
mask_231,134.34,10.69,3.16
mask_232,173.44,12.0,3.63
mask_233,137.47,8.57,4.03
mask_234,223.99,12.21,4.6
mask_235,185.76,11.75,3.97
mask_236,236.09,12.73,4.66
mask_237,124.77,9.03,3.47
mask_238,223.11,11.07,5.06
mask_239,175.59,8.37,5.26
mask_240,207.54,11.84,4.4
mask_241,169.32,11.97,3.55
mask_242,134.83,11.03,3.07
mask_243,190.49,12.17,3.93
mask_244,137.53,10.33,3.34
mask_245,230.31,12.97,4.46
mask_246,189.72,9.53,5.0
mask_247,180.7,11.3,4.01
mask_248,115.86,8.88,3.28
mask_249,170.75,9.78,4.38
mask_250,227.18,17.79,3.21
mask_251,212.6,11.82,4.51
mask_252,328.27,14.15,5.83
mask_253,182.46,11.67,3.93
mask_254,152.16,10.38,3.68
mask_255,253.38,13.66,4.66
mask_256,153.81,9.64,4.0
mask_257,230.31,12.3,4.7
mask_258,105.19,9.72,2.72
mask_259,189.23,9.93,4.79
mask_260,165.14,8.8,4.71
mask_261,155.84,9.28,4.22
mask_262,128.07,8.88,3.62
mask_263,155.4,11.94,3.27
mask_264,157.33,9.61,4.11
mask_265,193.85,9.19,5.29
mask_266,231.69,11.66,4.99
mask_267,209.41,11.02,4.77
mask_268,189.83,10.87,4.38
mask_269,211.94,11.4,4.67
mask_270,105.19,8.5,3.11
mask_271,219.26,13.28,4.14
mask_272,109.15,10.09,2.72
mask_273,253.22,13.37,4.75
mask_274,232.02,11.54,5.05
mask_275,87.15,8.24,2.66
mask_276,165.63,8.99,4.63
mask_277,131.59,7.38,4.48
mask_278,235.51,13.81,4.28
mask_279,118.55,8.51,3.5
mask_280,151.77,9.77,3.9
mask_281,179.22,10.53,4.27
mask_282,198.74,11.47,4.35
mask_283,110.69,8.86,3.14
mask_284,169.92,10.6,4.03
mask_285,151.72,10.14,3.76
mask_286,115.97,8.81,3.3
mask_287,149.79,9.68,3.89
mask_288,242.03,12.41,4.89
mask_289,211.42,12.54,4.23
mask_290,190.6,10.38,4.61
mask_291,258.58,14.53,4.47
mask_292,104.53,6.94,3.78
mask_293,146.6,8.56,4.3
mask_294,172.89,10.49,4.14
mask_295,140.5,9.03,3.91
mask_296,216.01,10.83,5.01
mask_297,259.13,15.16,4.29
mask_298,147.48,8.88,4.17
mask_299,134.23,11.32,2.98
mask_300,173.06,11.81,3.68
mask_301,246.98,13.11,4.73
mask_302,160.35,10.31,3.9
mask_303,268.04,15.05,4.47
mask_304,219.81,12.98,4.25
mask_305,108.16,8.47,3.21
mask_306,147.54,9.35,3.96
mask_307,213.7,10.78,4.98
mask_308,143.63,9.35,3.86
mask_309,157.55,10.18,3.88
mask_310,261.8,14.27,4.61
mask_311,244.34,11.79,5.2
mask_312,151.17,7.88,4.81
mask_313,149.02,9.5,3.94
mask_314,177.76,10.23,4.36
mask_315,231.19,11.93,4.87
mask_316,216.51,11.49,4.73
mask_317,180.65,10.29,4.41
MaskID,Area(mm^2),Length(mm),Width(mm)
mask_0,322.44,14.95,5.41
mask_1,271.23,12.54,5.43
mask_2,295.16,14.22,5.21
mask_3,192.2,10.53,4.58
mask_4,233.09,12.61,4.64
mask_5,278.16,13.72,5.09
mask_6,157.93,10.6,3.74
mask_7,315.45,14.12,5.61
mask_8,241.2,11.71,5.17
mask_9,264.19,12.21,5.43
mask_10,232.73,12.06,4.84
mask_11,232.68,11.41,5.12
mask_12,190.77,9.82,4.88
mask_13,263.67,14.08,4.7
mask_14,243.4,10.75,5.68
mask_15,272.61,14.32,4.78
mask_16,254.13,12.61,5.06
mask_17,208.97,11.48,4.57
mask_18,209.25,13.09,4.01
mask_19,279.21,13.89,5.04
mask_20,271.51,13.49,5.05
mask_21,286.96,14.7,4.9
mask_22,234.05,12.22,4.81
mask_23,171.24,9.93,4.33
mask_24,210.24,9.97,5.29
mask_25,218.38,11.34,4.84
mask_26,228.28,13.69,4.19
mask_27,232.68,11.54,5.06
mask_28,221.54,10.95,5.08
mask_29,186.31,11.87,3.94
mask_30,206.0,11.05,4.68
mask_31,239.31,11.79,5.09
mask_32,274.86,12.0,5.75
mask_33,173.44,10.35,4.21
mask_34,184.99,12.49,3.72
mask_35,241.37,14.34,4.23
mask_36,257.81,13.38,4.84
mask_37,222.78,12.21,4.58
mask_38,220.52,12.11,4.57
mask_39,240.54,13.74,4.4
mask_40,276.79,13.47,5.16
mask_41,188.46,9.57,4.95
mask_42,233.67,12.68,4.63
mask_43,248.9,14.21,4.4
mask_44,184.66,9.3,4.98
mask_45,260.56,12.55,5.21
mask_46,221.51,11.07,5.02
mask_47,158.76,10.99,3.63
mask_48,120.97,8.21,3.7
mask_49,156.56,10.83,3.63
mask_50,254.87,13.44,4.76
mask_51,230.92,10.99,5.28
mask_52,224.76,11.46,4.92
mask_53,146.33,8.88,4.14
mask_54,264.85,11.07,6.01
mask_55,222.61,11.22,4.98
mask_56,292.85,14.6,5.03
mask_57,336.74,16.62,5.08
mask_58,228.41,13.34,4.3
mask_59,240.82,11.41,5.3
mask_60,245.82,11.59,5.32
mask_61,223.05,13.78,4.06
mask_62,208.53,11.62,4.51
mask_63,195.44,9.99,4.91
mask_64,254.35,12.66,5.04
mask_65,201.38,11.3,4.47
mask_66,192.53,10.85,4.46
mask_67,147.32,9.93,3.72
mask_68,176.36,12.21,3.63
mask_69,215.13,11.81,4.57
mask_70,195.0,12.76,3.84
mask_71,272.06,14.28,4.78
mask_72,201.82,10.86,4.67
mask_73,217.44,12.23,4.46
mask_74,208.75,12.69,4.13
mask_75,199.49,11.49,4.36
mask_76,169.15,9.88,4.3
mask_77,177.24,10.95,4.06
mask_78,215.35,11.26,4.8
mask_79,204.9,9.61,5.35
mask_80,268.54,12.0,5.62
mask_81,239.83,11.67,5.16
mask_82,141.98,9.38,3.8
mask_83,195.55,10.98,4.47
mask_84,188.84,10.7,4.43
mask_85,168.0,12.54,3.36
mask_86,274.62,14.63,4.71
mask_87,291.86,19.67,3.73
mask_88,147.54,8.67,4.27
mask_89,229.38,10.49,5.49
mask_90,184.5,10.58,4.38
mask_91,154.06,8.77,4.41
mask_92,248.79,13.47,4.64
mask_93,117.4,8.6,3.43
mask_94,219.81,12.94,4.26
mask_95,242.63,11.6,5.25
mask_96,247.25,12.32,5.04
mask_97,149.16,13.25,2.83
mask_98,181.2,10.78,4.22
mask_99,226.9,12.06,4.72
mask_100,206.83,12.58,4.13
mask_101,262.6,13.44,4.91
mask_102,159.14,10.58,3.78
mask_103,217.22,11.53,4.73
mask_104,171.79,12.32,3.5
mask_105,116.52,8.29,3.53
mask_106,174.6,10.12,4.33
mask_107,258.86,11.88,5.47
mask_108,178.17,10.94,4.09
mask_109,269.36,13.83,4.89
mask_110,231.63,12.43,4.68
mask_111,253.63,12.53,5.08
mask_112,272.61,13.61,5.03
mask_113,171.24,10.34,4.16
mask_114,161.92,11.65,3.49
mask_115,256.33,12.39,5.19
mask_116,171.96,11.94,3.62
mask_117,132.47,9.38,3.55
mask_118,191.59,10.43,4.61
mask_119,191.76,11.88,4.05
mask_120,267.71,14.27,4.71
mask_121,202.84,10.09,5.05
mask_122,306.93,14.14,5.45
mask_123,195.83,11.19,4.39
mask_124,179.99,10.98,4.11
mask_125,216.12,11.91,4.56
mask_126,193.13,11.9,4.07
mask_127,225.97,13.19,4.3
mask_128,224.43,10.87,5.18
mask_129,229.05,12.12,4.75
mask_130,193.13,10.53,4.6
mask_131,163.32,9.77,4.2
mask_132,227.73,13.72,4.17
mask_133,104.91,7.74,3.4
mask_134,145.83,9.05,4.04
mask_135,176.3,10.87,4.07
mask_136,212.05,11.08,4.8
mask_137,197.97,9.43,5.27
mask_138,184.39,10.52,4.4
mask_139,221.73,10.33,5.39
mask_140,253.36,13.96,4.56
mask_141,240.71,14.95,4.04
mask_142,142.53,16.09,2.22
mask_143,274.97,17.2,4.01
mask_144,162.66,10.93,3.73
mask_145,261.83,14.17,4.64
mask_146,213.1,13.51,3.96
mask_147,217.28,12.01,4.54
mask_148,200.47,10.55,4.77
mask_149,127.52,9.95,3.22
mask_150,180.1,10.26,4.41
mask_151,195.5,10.58,4.64
mask_152,168.93,9.74,4.35
mask_153,211.01,12.7,4.17
mask_154,225.86,14.79,3.83
mask_155,129.55,10.47,3.11
mask_156,139.29,9.42,3.71
mask_157,145.75,8.29,4.41
mask_158,135.6,8.5,4.0
mask_159,201.99,13.64,3.72
mask_160,192.91,10.72,4.52
mask_161,189.94,12.46,3.83
mask_162,194.18,11.78,4.14
mask_163,247.58,14.94,4.16
mask_164,114.04,8.76,3.27
mask_165,170.91,9.88,4.34
mask_166,167.78,10.7,3.94
mask_167,158.92,10.33,3.86
mask_168,125.76,7.64,4.13
mask_169,114.65,8.08,3.56
mask_170,180.76,10.27,4.42
mask_171,170.75,12.89,3.33
mask_172,216.12,12.76,4.25
mask_173,250.28,12.38,5.08
mask_174,173.28,9.37,4.64
mask_175,189.01,10.58,4.49
mask_176,173.22,11.05,3.93
mask_177,276.68,12.22,5.68
mask_178,281.55,14.38,4.92
mask_179,142.48,11.26,3.18
mask_180,203.53,10.93,4.68
mask_181,132.3,10.06,3.3
mask_182,158.92,9.15,4.36
mask_183,216.07,11.16,4.86
mask_184,168.11,10.19,4.14
mask_185,186.53,11.62,4.03
mask_186,171.19,9.24,4.65
mask_187,122.62,8.56,3.59
mask_188,183.95,11.78,3.92
mask_189,173.44,12.07,3.61
mask_190,189.89,9.61,4.96
mask_191,201.77,10.69,4.74
mask_192,183.73,11.1,4.15
mask_193,233.34,11.98,4.89
mask_194,206.22,12.01,4.31
mask_195,190.77,12.33,3.88
mask_196,219.04,12.49,4.4
mask_197,147.21,8.91,4.15
mask_198,163.1,10.19,4.02
mask_199,266.23,14.88,4.49
mask_200,157.33,8.14,4.85
mask_201,228.11,14.83,3.86
mask_202,227.73,12.55,4.56
mask_203,285.86,12.7,5.65
mask_204,230.37,11.01,5.25
mask_205,156.83,9.75,4.04
mask_206,114.26,7.55,3.8
mask_207,192.64,10.68,4.53
mask_208,154.63,9.04,4.29
mask_209,168.93,10.8,3.93
mask_210,196.16,10.19,4.83
mask_211,244.83,11.55,5.32
mask_212,184.61,10.09,4.59
mask_213,135.44,9.17,3.71
mask_214,168.44,14.2,2.98
mask_215,191.04,12.92,3.71
mask_216,219.34,10.63,5.18
mask_217,166.9,11.3,3.71
mask_218,204.9,11.27,4.56
mask_219,186.26,10.54,4.43
mask_220,151.33,9.44,4.02
mask_221,117.51,7.24,4.08
mask_222,168.6,10.93,3.87
mask_223,162.0,10.49,3.88
mask_224,224.21,13.65,4.12
mask_225,95.45,7.19,3.33
mask_226,194.07,12.06,4.04
mask_227,266.31,12.8,5.22
mask_228,158.81,10.74,3.71
mask_229,197.34,8.55,5.79
mask_230,224.37,12.49,4.51
mask_231,165.8,11.74,3.54
mask_232,212.88,12.9,4.14
mask_233,184.94,9.17,5.06
mask_234,146.27,11.66,3.15
mask_235,281.96,13.59,5.21
mask_236,213.43,11.75,4.56
mask_237,84.12,8.06,2.62
mask_238,116.08,9.39,3.1
mask_239,209.85,11.17,4.71
mask_240,132.8,10.11,3.3
mask_241,217.17,10.72,5.08
mask_242,250.33,12.66,4.96
mask_243,159.75,9.5,4.22
mask_244,209.74,15.03,3.5
mask_245,193.74,11.8,4.12
mask_246,130.54,11.12,2.95
mask_247,137.14,8.64,3.98
mask_248,180.26,11.2,4.04
mask_249,159.14,8.87,4.5
mask_250,129.19,10.01,3.24
mask_251,168.05,11.12,3.79
mask_252,216.4,13.02,4.17
mask_253,117.62,9.15,3.23
mask_254,202.43,8.71,5.83
mask_255,219.89,11.25,4.91
mask_256,137.69,9.24,3.74
mask_257,142.92,9.42,3.81
mask_258,243.95,13.66,4.48
mask_259,2401.74,47.95,12.57
mask_260,161.78,16.24,2.5
mask_261,125.59,9.34,3.38
mask_262,162.55,9.69,4.21
mask_263,142.59,10.88,3.29
mask_264,168.85,11.73,3.61
mask_265,141.27,10.33,3.43
mask_266,165.74,10.67,3.9
mask_267,199.95,10.94,4.59
mask_268,91.22,7.08,3.23
mask_269,221.84,12.38,4.5
mask_270,225.25,12.16,4.65
mask_271,195.28,11.93,4.11
mask_272,67.02,6.52,2.58
mask_273,118.0,10.14,2.92
mask_274,149.77,11.38,3.3
mask_275,230.7,12.84,4.51
mask_276,135.0,9.54,3.55
mask_277,189.5,12.37,3.85
mask_278,201.93,12.05,4.21
mask_279,109.97,7.98,3.46
mask_280,177.29,9.68,4.6
mask_281,168.71,9.59,4.42
mask_282,197.67,10.6,4.68
mask_283,120.7,8.9,3.4
mask_284,278.71,13.84,5.06
mask_285,128.34,9.87,3.26
mask_286,124.88,9.52,3.29
mask_287,229.16,15.13,3.8
mask_288,227.78,13.1,4.36
mask_289,205.95,13.45,3.84
mask_290,104.0,9.55,2.73
mask_291,122.35,9.13,3.36
mask_292,120.2,8.6,3.51
mask_293,261.06,11.49,5.7
mask_294,130.49,8.17,4.01
mask_295,103.32,8.34,3.11
mask_296,231.36,12.44,4.67
mask_297,84.01,6.13,3.44
mask_298,127.52,9.03,3.54
mask_299,199.84,10.76,4.66
mask_300,114.1,8.64,3.32
mask_301,158.37,11.93,3.33
mask_302,332.48,21.45,3.89
mask_303,139.95,11.64,3.02
mask_304,212.82,12.19,4.38
mask_305,210.29,11.35,4.65
mask_306,108.98,8.39,3.26
mask_307,160.1,9.65,4.17
mask_308,138.52,7.72,4.51
mask_309,121.41,8.09,3.77
mask_310,98.75,8.7,2.85
mask_311,176.69,12.55,3.54
mask_312,170.86,12.61,3.4
mask_313,174.87,8.55,5.13
mask_314,155.79,11.01,3.55
mask_315,290.92,15.68,4.66
mask_316,105.68,7.58,3.5
mask_317,169.15,9.31,4.56
mask_318,195.39,13.99,3.51
mask_319,220.52,12.68,4.36
mask_320,127.9,11.19,2.87
mask_321,164.53,10.77,3.84
mask_322,201.82,11.32,4.47
mask_323,125.54,9.14,3.45
mask_324,102.55,9.31,2.76
mask_325,106.01,7.5,3.55
mask_326,100.84,9.46,2.68
mask_327,181.75,11.07,4.12
mask_328,142.97,9.07,3.95
mask_329,212.41,12.15,4.39
mask_330,133.57,9.77,3.43
mask_331,207.49,12.52,4.16
mask_332,116.52,8.89,3.29
mask_333,117.73,9.41,3.14
mask_334,177.24,12.73,3.49
mask_335,131.59,8.3,3.98
mask_336,188.13,11.31,4.18
mask_337,201.22,12.33,4.1
mask_338,170.2,9.55,4.47
mask_339,111.9,7.99,3.52
mask_340,173.66,10.24,4.26
mask_341,146.66,9.73,3.78
mask_342,220.14,10.62,5.2
mask_343,196.41,11.82,4.17
mask_344,142.2,9.54,3.74
mask_345,176.74,10.25,4.33
mask_346,174.54,10.46,4.19
mask_347,203.42,12.06,4.23
mask_348,118.17,8.99,3.3
mask_349,151.22,7.23,4.86
mask_350,200.12,12.98,3.87
mask_351,198.96,13.19,3.79
mask_352,203.86,12.5,4.09
mask_353,140.83,7.15,4.95
mask_354,123.23,10.03,3.08
mask_355,204.02,11.89,4.31
mask_356,219.09,10.09,5.45
mask_357,95.89,8.35,2.88
mask_358,125.32,8.65,3.64
mask_359,162.94,10.69,3.83
mask_360,214.09,12.38,4.34
mask_361,123.61,8.53,3.64
mask_362,130.21,9.39,3.48
mask_363,141.1,9.5,3.73
mask_364,123.17,7.84,3.94
mask_365,136.04,12.06,2.83
mask_366,121.96,7.93,3.86
mask_367,152.43,9.01,4.25
mask_368,91.66,7.58,3.04
mask_369,176.74,11.78,3.77
mask_370,216.4,11.12,4.88
mask_371,106.95,9.33,2.88
mask_372,145.45,9.71,3.76
mask_373,130.1,9.19,3.55
mask_374,132.25,8.66,3.83
mask_375,122.13,9.72,3.16
mask_376,159.88,10.63,3.78
MaskID,Area(mm^2),Length(mm),Width(mm)
mask_0,205.34,10.96,4.7
mask_1,217.17,12.07,4.52
mask_2,147.76,9.64,3.85
mask_3,235.48,12.8,4.62
mask_4,271.4,14.22,4.79
mask_5,265.02,12.26,5.43
mask_6,267.27,13.64,4.92
mask_7,173.0,9.66,4.5
mask_8,247.31,13.26,4.68
mask_9,229.76,12.42,4.64
mask_10,269.64,15.77,4.29
mask_11,243.18,12.17,5.02
mask_12,290.76,14.64,4.99
mask_13,243.4,12.41,4.92
mask_14,214.75,11.9,4.53
mask_15,181.44,11.51,3.96
mask_16,301.68,14.89,5.09
mask_17,170.2,9.05,4.72
mask_18,251.54,12.17,5.19
mask_19,221.57,12.25,4.54
mask_20,180.15,10.21,4.43
mask_21,287.84,12.8,5.64
mask_22,232.13,10.63,5.48
mask_23,259.41,13.36,4.87
mask_24,200.83,11.57,4.36
mask_25,238.12,12.75,4.69
mask_26,156.12,11.28,3.47
mask_27,213.54,13.65,3.93
mask_28,229.93,12.83,4.5
mask_29,277.97,11.83,5.9
mask_30,249.95,12.17,5.16
mask_31,215.85,11.92,4.55
mask_32,179.22,11.53,3.9
mask_33,239.28,12.84,4.68
mask_34,125.32,8.44,3.73
mask_35,183.34,11.92,3.86
mask_36,183.62,10.87,4.24
mask_37,214.09,13.96,3.85
mask_38,217.55,11.93,4.58
mask_39,258.5,12.65,5.13
mask_40,177.79,11.88,3.76
mask_41,244.94,11.11,5.54
mask_42,190.82,11.77,4.07
mask_43,186.64,11.47,4.09
mask_44,216.81,11.89,4.58
mask_45,220.47,10.51,5.26
mask_46,202.98,10.9,4.67
mask_47,221.81,13.68,4.07
mask_48,158.1,9.19,4.32
mask_49,119.43,8.75,3.43
mask_50,166.07,11.4,3.66
mask_51,123.06,9.15,3.38
mask_52,262.71,13.09,5.04
mask_53,265.9,14.81,4.51
mask_54,281.13,14.0,5.04
mask_55,178.67,10.78,4.16
mask_56,199.18,9.57,5.22
mask_57,196.1,13.17,3.74
mask_58,277.45,13.41,5.19
mask_59,247.36,12.16,5.11
mask_60,252.92,13.5,4.7
mask_61,256.71,12.53,5.14
mask_62,187.52,10.79,4.36
mask_63,188.29,12.49,3.79
mask_64,206.44,12.15,4.26
mask_65,196.82,12.01,4.11
mask_66,159.75,9.57,4.19
mask_67,270.24,13.43,5.05
mask_68,239.28,11.1,5.41
mask_69,283.96,14.5,4.92
mask_70,141.93,9.46,3.77
mask_71,149.08,11.17,3.35
mask_72,113.33,8.92,3.19
mask_73,202.1,11.87,4.28
mask_74,264.47,12.77,5.2
mask_75,215.82,12.38,4.38
mask_76,273.24,14.14,4.85
mask_77,131.64,9.79,3.38
mask_78,207.6,11.34,4.6
mask_79,197.64,13.26,3.74
mask_80,184.61,10.17,4.56
mask_81,198.69,12.04,4.14
mask_82,210.35,12.26,4.31
mask_83,274.89,12.16,5.67
mask_84,230.04,11.26,5.13
mask_85,316.72,15.28,5.2
mask_86,248.9,13.82,4.52
mask_87,163.98,10.04,4.1
mask_88,218.71,10.43,5.26
mask_89,162.39,11.73,3.48
mask_90,226.79,10.9,5.22
mask_91,194.01,10.58,4.6
mask_92,230.78,11.49,5.04
mask_93,194.4,10.6,4.61
mask_94,197.09,12.84,3.85
mask_95,140.88,11.16,3.17
mask_96,149.13,8.7,4.3
mask_97,213.02,12.67,4.22
mask_98,184.33,8.53,5.42
mask_99,136.04,9.71,3.52
mask_100,225.36,11.6,4.88
mask_101,247.25,13.89,4.47
mask_102,206.66,12.04,4.31
mask_103,209.63,11.86,4.44
mask_104,184.77,9.24,5.02
mask_105,210.02,11.78,4.47
mask_106,183.34,9.91,4.64
mask_107,137.14,8.69,3.96
mask_108,258.31,12.76,5.08
mask_109,188.68,11.49,4.12
mask_110,194.34,11.85,4.12
mask_111,253.08,11.46,5.54
mask_112,200.5,11.98,4.2
mask_113,150.34,11.14,3.39
mask_114,268.32,13.36,5.04
mask_115,209.3,10.46,5.02
mask_116,200.45,9.99,5.04
mask_117,100.02,7.02,3.57
mask_118,223.11,12.26,4.57
mask_119,226.3,12.39,4.59
mask_120,217.41,11.22,4.86
mask_121,267.71,13.97,4.81
mask_122,183.07,10.18,4.51
mask_123,149.85,10.82,3.48
mask_124,218.65,11.37,4.83
mask_125,161.73,12.36,3.28
mask_126,279.7,16.73,4.2
mask_127,236.36,12.88,4.61
mask_128,223.49,11.85,4.74
mask_129,256.0,12.93,4.97
mask_130,136.7,11.77,2.91
mask_131,183.18,10.13,4.54
mask_132,187.03,8.61,5.45
mask_133,162.94,14.98,2.73
mask_134,122.13,9.28,3.3
mask_135,91.77,7.48,3.08
mask_136,288.01,15.53,4.65
mask_137,233.17,12.37,4.73
mask_138,181.47,11.08,4.11
mask_139,110.69,10.0,2.78
mask_140,152.54,9.92,3.86
mask_141,219.59,11.93,4.62
mask_142,249.92,13.06,4.8
mask_143,211.06,9.74,5.44
mask_144,201.66,11.57,4.37
mask_145,266.06,16.64,4.01
mask_146,207.65,11.8,4.42
mask_147,187.63,11.65,4.04
mask_148,211.06,11.74,4.51
mask_149,295.32,17.82,4.16
mask_150,199.71,11.89,4.22
mask_151,235.59,12.52,4.73
mask_152,196.21,9.69,5.08
mask_153,213.24,10.52,5.09
mask_154,146.38,10.98,3.35
mask_155,308.25,16.5,4.69
mask_156,223.27,10.97,5.11
mask_157,177.13,10.72,4.15
mask_158,249.07,13.82,4.53
mask_159,181.14,12.09,3.76
mask_160,242.8,12.4,4.92
mask_161,184.83,11.93,3.89
mask_162,218.16,13.1,4.18
mask_163,227.73,11.18,5.11
mask_164,185.76,10.45,4.46
mask_165,193.02,9.69,5.0
mask_166,228.44,11.17,5.13
mask_167,190.3,13.63,3.51
mask_168,164.04,9.73,4.23
mask_169,169.15,9.09,4.67
mask_170,161.23,11.11,3.64
mask_171,195.17,10.78,4.54
mask_172,212.27,11.39,4.68
mask_173,130.87,8.51,3.86
mask_174,228.33,13.27,4.32
mask_175,168.71,10.62,3.99
mask_176,190.88,12.14,3.95
mask_177,164.7,12.28,3.37
mask_178,88.41,7.43,2.99
mask_179,143.36,9.22,3.9
mask_180,217.11,13.48,4.04
mask_181,169.65,9.32,4.57
mask_182,116.19,7.87,3.71
mask_183,207.57,11.41,4.57
mask_184,225.42,11.25,5.03
mask_185,201.6,12.06,4.2
mask_186,126.09,8.72,3.63
mask_187,135.38,8.37,4.06
mask_188,180.15,11.15,4.06
mask_189,164.64,9.27,4.46
mask_190,159.2,9.82,4.07
mask_191,191.59,10.85,4.43
mask_192,201.22,11.96,4.22
mask_193,135.88,8.88,3.84
mask_194,207.93,12.69,4.11
mask_195,238.89,14.37,4.17
mask_196,146.82,9.78,3.77
mask_197,216.67,10.69,5.09
mask_198,169.98,10.12,4.21
mask_199,148.8,9.74,3.84
mask_200,160.35,9.04,4.45
mask_201,132.85,8.05,4.14
mask_202,148.86,10.14,3.69
mask_203,188.62,9.43,5.02
mask_204,160.19,10.32,3.9
mask_205,222.34,14.73,3.79
mask_206,222.01,12.18,4.58
mask_207,92.48,8.33,2.79
mask_208,94.41,8.42,2.82
mask_209,245.6,12.73,4.84
mask_210,164.26,11.1,3.72
mask_211,170.25,9.78,4.37
mask_212,219.75,12.67,4.35
mask_213,239.83,13.21,4.56
mask_214,238.51,11.97,5.0
mask_215,193.46,11.68,4.16
mask_216,174.65,12.34,3.55
mask_217,209.69,11.6,4.54
mask_218,213.87,12.12,4.43
mask_219,197.86,11.06,4.49
mask_220,164.42,9.38,4.4
mask_221,172.01,9.16,4.71
mask_222,147.1,9.01,4.1
mask_223,166.51,10.16,4.12
mask_224,180.92,10.41,4.36
mask_225,223.71,10.38,5.41
mask_226,206.72,10.79,4.81
mask_227,161.56,10.49,3.86
mask_228,216.75,14.2,3.83
mask_229,247.42,13.34,4.66
mask_230,156.06,11.59,3.38
mask_231,181.69,10.71,4.26
mask_232,134.72,8.34,4.05
mask_233,181.25,10.52,4.33
mask_234,268.76,12.99,5.2
mask_235,167.37,9.92,4.24
mask_236,163.1,9.47,4.33
mask_237,162.17,10.38,3.92
mask_238,103.04,7.75,3.34
mask_239,180.92,10.43,4.35
mask_240,126.5,9.5,3.34
mask_241,226.85,10.82,5.27
mask_242,238.95,12.47,4.81
mask_243,265.43,14.33,4.65
mask_244,163.21,10.43,3.93
mask_245,137.58,8.54,4.04
mask_246,160.08,9.9,4.06
mask_247,234.77,12.13,4.86
mask_248,200.61,13.04,3.86
mask_249,186.86,11.37,4.13
mask_250,188.29,12.74,3.71
mask_251,125.04,8.49,3.7
mask_252,192.53,8.81,5.49
mask_253,187.03,9.09,5.17
mask_254,177.57,11.41,3.91
mask_255,136.7,8.99,3.82
mask_256,154.3,10.32,3.75
mask_257,218.32,10.56,5.19
mask_258,214.64,12.88,4.18
mask_259,140.55,10.58,3.34
mask_260,154.58,9.97,3.89
mask_261,124.27,8.93,3.49
mask_262,208.89,13.06,4.01
mask_263,194.01,11.01,4.43
mask_264,114.15,7.93,3.61
mask_265,125.59,9.78,3.22
mask_266,179.66,9.87,4.57
mask_267,269.58,11.88,5.7
mask_268,218.71,12.96,4.24
mask_269,286.47,15.44,4.66
mask_270,191.54,14.98,3.21
mask_271,190.66,10.95,4.37
mask_272,239.99,11.46,5.26
mask_273,209.03,10.46,5.02
mask_274,211.12,12.66,4.18
mask_275,100.62,7.24,3.49
mask_276,255.69,14.4,4.46
mask_277,204.08,11.39,4.5
mask_278,211.81,10.0,5.32
mask_279,192.56,11.7,4.13
mask_280,165.58,10.27,4.05
mask_281,120.12,11.24,2.68
mask_282,251.32,12.87,4.9
mask_283,214.86,10.27,5.25
mask_284,153.53,10.23,3.77
mask_285,258.91,13.96,4.65
mask_286,98.53,9.61,2.57
mask_287,134.72,9.9,3.42
mask_288,230.04,14.09,4.1
mask_289,131.53,8.42,3.92
mask_290,166.62,8.6,4.86
mask_291,145.34,8.74,4.17
mask_292,202.81,10.38,4.9
mask_293,149.57,11.28,3.33
mask_294,141.65,9.56,3.72
mask_295,156.17,9.99,3.92
mask_296,276.9,15.53,4.48
mask_297,234.05,14.55,4.04
mask_298,107.61,8.43,3.21
mask_299,138.85,9.2,3.79
mask_300,200.28,13.44,3.74
mask_301,108.21,8.03,3.38
mask_302,173.94,8.74,5.0
mask_303,178.06,9.32,4.8
mask_304,132.47,9.97,3.34
mask_305,191.43,11.28,4.26
mask_306,153.48,10.9,3.53
mask_307,103.37,11.06,2.35
mask_308,167.89,9.02,4.67
mask_309,195.39,11.51,4.26
mask_310,208.37,11.9,4.39
mask_311,116.08,8.13,3.58
mask_312,197.48,10.89,4.55
mask_313,251.43,15.27,4.13
mask_314,202.87,12.53,4.07
mask_315,94.79,6.56,3.62
mask_316,221.13,11.22,4.95
mask_317,128.18,9.79,3.29
mask_318,230.42,11.45,5.05
mask_319,188.46,10.35,4.57
mask_320,195.83,11.91,4.13
mask_321,78.51,5.58,3.53
mask_322,125.04,9.17,3.42
mask_323,211.61,11.07,4.8
mask_324,183.23,10.53,4.37
mask_325,158.15,9.49,4.19
mask_326,120.37,9.17,3.3
mask_327,99.08,8.44,2.95
mask_328,151.28,9.7,3.92
mask_329,218.6,13.02,4.21
mask_330,201.74,12.58,4.02
mask_331,124.82,8.2,3.82
mask_332,214.03,10.4,5.17
mask_333,272.47,13.73,4.98
mask_334,222.94,12.68,4.41
mask_335,159.03,9.3,4.29
mask_336,153.09,9.26,4.15
mask_337,155.57,12.74,3.07
mask_338,218.02,10.2,5.37
mask_339,173.72,11.64,3.75
mask_340,151.22,9.25,4.1
mask_341,129.0,9.28,3.49
mask_342,124.55,7.86,3.98
mask_343,149.3,11.45,3.27
mask_344,205.23,11.44,4.5
mask_345,146.66,7.79,4.73
mask_346,110.91,7.4,3.76
mask_347,155.51,12.0,3.25
mask_348,192.14,10.73,4.5
mask_349,192.58,11.09,4.36
mask_350,134.56,9.12,3.71
mask_351,190.82,9.85,4.86
mask_352,166.68,12.43,3.37
mask_353,196.87,10.64,4.64
mask_354,284.38,20.18,3.54
mask_355,170.09,9.18,4.65
mask_356,178.39,11.0,4.07
mask_357,128.45,9.67,3.33
mask_358,152.27,9.28,4.12
mask_359,115.5,8.99,3.22
mask_360,148.42,9.14,4.08
mask_361,182.35,9.99,4.58
mask_362,219.42,14.71,3.74
mask_363,170.03,10.45,4.08
mask_364,183.18,15.66,2.94
mask_365,243.02,12.9,4.73
mask_366,186.18,9.52,4.91
mask_367,106.18,7.27,3.66
mask_368,202.37,14.9,3.41
mask_369,140.83,9.15,3.86
mask_370,270.96,16.46,4.13
mask_371,201.57,14.06,3.6
mask_372,148.97,11.43,3.27
mask_373,186.26,10.51,4.45
mask_374,123.89,14.98,2.08
mask_375,225.64,15.3,3.7
mask_376,192.14,11.72,4.12
mask_377,162.39,9.41,4.33
mask_378,185.6,10.35,4.5
mask_379,160.08,12.6,3.19
mask_380,183.01,11.07,4.15
mask_381,191.37,12.65,3.8
mask_382,128.4,9.02,3.57
mask_383,98.37,7.82,3.16
mask_384,191.7,8.94,5.38
mask_385,184.83,11.48,4.04
mask_386,161.45,8.64,4.69
mask_387,101.72,8.07,3.16
mask_388,149.68,9.55,3.93
mask_389,201.93,11.93,4.25
mask_390,267.0,14.64,4.58
mask_391,213.15,13.13,4.08
mask_392,95.67,7.62,3.15
mask_393,159.09,11.98,3.33
mask_394,170.47,11.67,3.67
mask_395,145.72,9.82,3.73
mask_396,141.16,10.8,3.28
mask_397,211.61,8.4,6.32
mask_398,217.99,10.51,5.21
mask_399,146.66,10.07,3.66
mask_400,98.81,8.23,3.02
mask_401,151.5,9.33,4.08
mask_402,165.14,9.32,4.45
mask_403,139.73,10.57,3.32
mask_404,127.46,9.71,3.3
mask_405,188.57,10.14,4.67
mask_406,145.06,9.04,4.03
mask_407,233.61,12.7,4.62
mask_408,167.83,9.98,4.22
mask_409,162.72,11.45,3.57
mask_410,159.86,10.0,4.01
mask_411,143.47,9.92,3.63
mask_412,101.56,7.31,3.49
mask_413,146.05,10.39,3.53
mask_414,194.45,11.26,4.33
mask_415,205.56,11.3,4.57
mask_416,187.63,9.85,4.78
MaskID,Area(mm^2),Length(mm),Width(mm)
mask_0,358.79,15.49,5.82
mask_1,343.72,14.03,6.15
mask_2,375.65,15.4,6.12
mask_3,372.54,14.66,6.38
mask_4,422.81,16.81,6.31
mask_5,347.02,15.97,5.45
mask_6,388.49,15.53,6.28
mask_7,458.45,17.28,6.66
mask_8,365.61,14.74,6.23
mask_9,356.59,14.82,6.04
mask_10,411.54,16.36,6.32
mask_11,404.39,15.27,6.65
mask_12,359.23,14.17,6.36
mask_13,405.27,17.03,5.97
mask_14,409.14,16.35,6.28
mask_15,399.71,16.21,6.19
mask_16,425.29,16.43,6.5
mask_17,385.17,16.03,6.03
mask_18,385.03,14.55,6.64
mask_19,384.45,16.37,5.89
mask_20,355.96,16.72,5.34
mask_21,396.96,16.41,6.07
mask_22,357.25,16.08,5.58
mask_23,389.1,30.74,3.18
mask_24,394.43,16.63,5.95
mask_25,381.62,16.49,5.81
mask_26,413.66,15.88,6.54
mask_27,306.49,13.52,5.69
mask_28,391.13,16.48,5.96
mask_29,434.47,16.5,6.61
mask_30,326.73,13.82,5.93
mask_31,401.86,14.42,7.0
mask_32,376.2,15.66,6.03
mask_33,399.25,16.5,6.07
mask_34,294.0,12.38,5.96
mask_35,366.66,17.09,5.39
mask_36,353.84,15.92,5.58
mask_37,442.28,16.7,6.65
mask_38,334.32,14.8,5.67
mask_39,350.9,14.9,5.91
mask_40,348.29,14.83,5.89
mask_41,381.01,17.59,5.44
mask_42,265.62,12.53,5.32
mask_43,308.3,14.78,5.24
mask_44,348.67,15.28,5.73
mask_45,410.38,16.58,6.21
mask_46,361.76,16.57,5.48
mask_47,356.26,17.18,5.21
mask_48,395.64,15.64,6.35
mask_49,430.13,16.99,6.36
mask_50,382.75,14.95,6.43
mask_51,378.81,16.03,5.93
mask_52,436.95,17.52,6.26
mask_53,376.09,15.05,6.27
mask_54,425.98,17.88,5.98
mask_55,411.24,18.04,5.72
mask_56,369.96,15.18,6.12
mask_57,313.56,13.97,5.63
mask_58,349.33,14.72,5.96
mask_59,385.08,16.34,5.91
mask_60,367.54,15.3,6.03
mask_61,343.39,14.22,6.06
mask_62,290.45,14.9,4.89
mask_63,398.48,16.24,6.16
mask_64,347.79,15.82,5.52
mask_65,436.29,17.11,6.4
mask_66,319.74,15.48,5.19
mask_67,439.81,17.5,6.31
mask_68,359.31,14.61,6.18
mask_69,341.5,15.48,5.54
mask_70,317.6,14.93,5.34
mask_71,302.69,15.46,4.91
mask_72,406.53,16.14,6.32
mask_73,406.64,15.99,6.38
mask_74,212.38,16.45,3.24
MaskID,Area(mm^2),Length(mm),Width(mm)
mask_0,131.37,9.26,3.56
mask_1,280.86,14.44,4.88
mask_2,116.9,8.8,3.34
mask_3,159.86,8.92,4.5
mask_4,136.37,8.51,4.02
mask_5,170.42,8.48,5.05
mask_6,144.29,10.76,3.36
MaskID,Area(mm^2),Length(mm),Width(mm)
mask_0,201.85,10.56,4.8
mask_1,260.89,12.11,5.41
mask_2,335.8,14.29,5.9
mask_3,230.59,13.08,4.43
mask_4,316.17,13.75,5.77
mask_5,222.45,11.94,4.68
mask_6,213.15,12.68,4.22
mask_7,234.38,12.42,4.74
mask_8,310.25,14.25,5.46
mask_9,280.47,12.59,5.59
mask_10,307.04,13.83,5.57
mask_11,229.1,16.48,3.49
mask_12,213.92,11.59,4.63
mask_13,207.6,10.88,4.79
mask_14,227.97,13.38,4.28
mask_15,284.87,12.97,5.51
mask_16,237.46,13.36,4.46
mask_17,166.9,11.71,3.58
mask_18,220.19,11.73,4.71
mask_19,259.74,13.96,4.67
mask_20,242.03,10.27,5.92
mask_21,215.63,12.17,4.45
mask_22,216.51,11.36,4.78
mask_23,239.94,12.38,4.87
mask_24,277.86,13.23,5.27
mask_25,211.61,12.64,4.2
mask_26,220.41,10.09,5.48
mask_27,178.28,11.58,3.86
mask_28,168.33,10.5,4.02
mask_29,265.51,13.02,5.12
mask_30,242.52,12.9,4.72
mask_31,224.81,13.53,4.17
mask_32,325.3,13.93,5.86
mask_33,234.66,11.31,5.21
mask_34,276.68,12.26,5.67
mask_35,252.7,13.14,4.83
mask_36,264.25,9.73,6.82
mask_37,276.73,13.68,5.08
mask_38,273.71,13.91,4.94
mask_39,209.96,10.68,4.94
mask_40,249.18,12.23,5.12
mask_41,274.04,14.99,4.59
mask_42,234.05,10.82,5.43
mask_43,267.6,13.46,4.99
mask_44,245.49,14.1,4.37
mask_45,124.49,9.09,3.44
mask_46,222.12,12.05,4.63
mask_47,182.74,10.98,4.18
mask_48,253.96,10.98,5.81
mask_49,273.54,12.47,5.5
mask_50,254.24,14.19,4.5
mask_51,233.78,14.13,4.15
mask_52,170.25,11.52,3.71
mask_53,274.86,14.98,4.61
mask_54,215.85,10.27,5.27
mask_55,255.67,12.22,5.25
mask_56,149.79,9.91,3.79
mask_57,216.4,15.78,3.44
mask_58,211.72,12.06,4.41
mask_59,213.92,10.85,4.95
mask_60,148.97,12.61,2.97
mask_61,254.9,12.22,5.24
mask_62,218.98,13.23,4.16
mask_63,184.77,11.52,4.02
mask_64,174.71,9.96,4.4
mask_65,190.27,10.84,4.41
mask_66,120.92,8.86,3.43
mask_67,147.7,10.95,3.39
mask_68,270.99,15.16,4.49
mask_69,207.49,11.59,4.49
mask_70,211.17,11.54,4.59
mask_71,171.52,10.43,4.13
mask_72,223.0,11.38,4.92
mask_73,302.91,15.7,4.84
mask_74,219.92,11.1,4.97
mask_75,354.34,15.79,5.63
mask_76,202.92,12.51,4.07
mask_77,181.58,11.82,3.86
mask_78,259.96,11.9,5.48
mask_79,159.58,17.16,2.34
mask_80,148.42,10.31,3.62
mask_81,249.89,13.11,4.79
mask_82,193.19,10.92,4.44
mask_83,287.54,15.14,4.77
mask_84,219.2,10.17,5.41
mask_85,236.2,12.28,4.83
mask_86,256.88,12.56,5.13
mask_87,172.4,10.7,4.05
mask_88,227.4,12.75,4.48
mask_89,281.13,14.57,4.84
mask_90,101.89,7.67,3.34
mask_91,154.63,10.54,3.68
mask_92,278.11,14.54,4.8
mask_93,226.13,10.89,5.21
mask_94,159.69,10.11,3.96
mask_95,211.45,11.48,4.62
mask_96,224.92,10.86,5.2
mask_97,251.82,12.68,4.98
mask_98,247.09,13.19,4.7
mask_99,147.59,8.23,4.5
mask_100,250.11,12.97,4.84
mask_101,136.68,9.44,3.64
mask_102,258.36,12.58,5.15
mask_103,240.43,12.74,4.74
mask_104,194.34,9.77,4.99
mask_105,142.26,9.25,3.86
mask_106,192.03,11.13,4.33
mask_107,182.79,11.57,3.96
mask_108,321.01,15.55,5.18
mask_109,224.48,9.94,5.67
mask_110,282.12,14.04,5.04
mask_111,214.14,11.9,4.52
mask_112,180.98,11.68,3.89
mask_113,313.42,14.31,5.5
mask_114,215.74,12.0,4.51
mask_115,277.94,12.79,5.45
mask_116,205.51,11.5,4.48
mask_117,240.05,13.36,4.51
mask_118,290.59,13.66,5.34
mask_119,304.95,15.22,5.03
mask_120,235.32,11.0,5.37
mask_121,154.47,9.44,4.11
mask_122,191.04,10.71,4.48
mask_123,206.28,11.77,4.4
mask_124,179.05,10.91,4.12
mask_125,194.51,11.16,4.37
mask_126,260.56,17.05,3.84
mask_127,141.05,9.37,3.78
mask_128,210.62,11.97,4.42
mask_129,280.47,13.01,5.41
mask_130,232.65,11.66,5.01
mask_131,227.4,12.12,4.71
mask_132,245.49,14.23,4.33
mask_133,222.89,11.03,5.07
mask_134,157.88,8.64,4.58
mask_135,234.82,11.49,5.13
mask_136,273.38,13.71,5.01
mask_137,288.67,16.21,4.47
mask_138,179.6,12.21,3.69
mask_139,166.76,10.54,3.97
mask_140,235.04,11.46,5.15
mask_141,275.74,13.16,5.26
mask_142,178.56,11.07,4.05
mask_143,158.59,8.51,4.68
mask_144,115.25,9.03,3.2
mask_145,191.32,11.7,4.1
mask_146,142.04,9.15,3.9
mask_147,123.83,8.86,3.51
mask_148,265.13,13.77,4.83
mask_149,233.39,13.96,4.2
mask_150,284.05,13.9,5.13
mask_151,197.7,10.8,4.6
mask_152,341.99,17.94,4.78
mask_153,212.82,10.8,4.95
mask_154,204.41,11.76,4.36
mask_155,238.45,13.71,4.37
mask_156,217.91,11.23,4.87
mask_157,133.35,9.16,3.65
mask_158,263.01,12.95,5.1
mask_159,231.85,12.12,4.8
mask_160,180.87,11.6,3.91
mask_161,215.13,12.21,4.42
mask_162,261.39,13.91,4.72
mask_163,148.53,10.72,3.48
mask_164,150.73,9.45,4.0
mask_165,237.68,13.13,4.54
mask_166,147.43,9.02,4.1
mask_167,233.61,13.67,4.29
mask_168,144.79,9.93,3.66
mask_169,203.03,13.17,3.87
mask_170,230.04,11.65,4.96
mask_171,188.32,10.73,4.4
mask_172,168.77,10.82,3.92
mask_173,113.44,7.04,4.04
mask_174,109.97,7.59,3.63
mask_175,245.6,11.94,5.16
mask_176,254.18,11.27,5.66
mask_177,118.22,8.53,3.48
mask_178,218.82,12.04,4.56
mask_179,226.85,10.38,5.48
mask_180,182.3,13.07,3.5
mask_181,207.46,11.08,4.7
mask_182,250.28,14.47,4.34
mask_183,301.15,14.03,5.39
mask_184,135.38,9.09,3.74
mask_185,169.87,10.68,3.99
mask_186,109.86,8.34,3.31
mask_187,146.05,10.05,3.65
mask_188,170.64,10.16,4.21
mask_189,160.35,10.88,3.7
mask_190,239.58,14.3,4.2
mask_191,172.34,11.45,3.78
mask_192,223.77,10.32,5.44
mask_193,213.24,10.72,4.99
mask_194,251.38,13.3,4.74
mask_195,117.07,9.79,3.0
mask_196,267.77,12.19,5.51
mask_197,167.72,11.4,3.69
mask_198,168.88,11.2,3.79
mask_199,218.71,10.68,5.14
mask_200,127.3,9.74,3.28
mask_201,287.32,16.58,4.35
mask_202,226.13,12.83,4.42
mask_203,83.35,8.03,2.61
mask_204,200.94,14.16,3.56
mask_205,213.76,10.93,4.91
mask_206,178.78,11.08,4.05
mask_207,236.09,11.68,5.08
mask_208,231.3,12.45,4.66
mask_209,213.59,15.57,3.44
mask_210,234.49,12.47,4.72
mask_211,222.06,12.15,4.59
mask_212,219.42,11.51,4.78
mask_213,202.15,11.09,4.58
mask_214,176.25,11.76,3.76
mask_215,160.9,10.29,3.92
mask_216,343.37,14.55,5.92
mask_217,239.55,10.38,5.79
mask_218,249.45,12.85,4.87
mask_219,208.2,11.87,4.4
mask_220,249.12,12.95,4.83
mask_221,216.01,12.29,4.41
mask_222,186.09,11.3,4.14
mask_223,235.1,10.16,5.81
mask_224,298.4,15.28,4.9
mask_225,182.52,10.35,4.43
mask_226,254.35,21.03,3.04
mask_227,185.38,9.98,4.66
mask_228,198.19,11.98,4.15
mask_229,196.05,11.39,4.32
mask_230,177.95,9.69,4.61
mask_231,255.45,11.82,5.42
mask_232,234.27,11.74,5.01
mask_233,111.62,8.6,3.26
mask_234,118.17,6.68,4.44
mask_235,101.06,7.29,3.48
mask_236,175.86,16.57,2.66
mask_237,223.38,11.06,5.07
mask_238,213.7,15.88,3.38
mask_239,238.89,11.92,5.03
mask_240,214.03,12.07,4.45
mask_241,172.95,12.0,3.62
mask_242,94.46,7.97,2.98
mask_243,260.01,12.42,5.26
mask_244,198.85,12.09,4.13
mask_245,112.67,7.43,3.81
mask_246,251.38,12.09,5.22
mask_247,138.13,8.53,4.07
mask_248,120.7,9.6,3.15
mask_249,263.78,13.57,4.88
mask_250,223.93,10.82,5.19
mask_251,128.4,8.02,4.02
mask_252,253.74,12.92,4.93
mask_253,273.38,13.64,5.03
mask_254,130.65,10.26,3.2
mask_255,106.84,8.78,3.05
mask_256,137.36,10.43,3.31
mask_257,169.32,12.1,3.51
mask_258,233.47,13.53,4.33
mask_259,256.27,12.36,5.21
mask_260,290.65,15.55,4.69
mask_261,260.07,12.21,5.35
mask_262,181.31,8.83,5.16
mask_263,210.4,11.7,4.51
mask_264,130.1,9.95,3.28
mask_265,137.58,10.16,3.4
mask_266,163.49,9.89,4.15
mask_267,178.89,17.95,2.5
mask_268,212.11,10.71,4.97
mask_269,196.87,9.89,5.0
mask_270,283.22,13.18,5.39
mask_271,254.73,13.62,4.7
mask_272,214.42,11.24,4.79
mask_273,129.66,8.84,3.68
mask_274,265.18,12.33,5.4
mask_275,246.04,11.68,5.29
mask_276,177.73,11.29,3.95
mask_277,216.92,10.4,5.24
mask_278,255.39,14.52,4.42
mask_279,129.22,8.9,3.64
mask_280,128.18,9.51,3.38
mask_281,154.19,9.82,3.94
mask_282,117.29,9.21,3.2
mask_283,138.79,7.69,4.53
mask_284,192.42,10.87,4.44
mask_285,152.38,9.39,4.07
mask_286,222.06,10.46,5.33
mask_287,238.62,11.11,5.39
mask_288,195.58,12.23,4.02
mask_289,149.52,8.98,4.18
mask_290,196.13,13.44,3.66
mask_291,243.73,12.79,4.78
mask_292,189.94,11.41,4.18
mask_293,159.47,9.77,4.1
mask_294,226.13,13.12,4.33
mask_295,189.83,10.11,4.71
mask_296,112.61,7.27,3.89
mask_297,157.49,9.42,4.2
mask_298,184.06,10.33,4.47
mask_299,157.71,11.42,3.47
mask_300,234.22,11.55,5.09
mask_301,243.46,16.47,3.71
mask_302,182.9,10.34,4.44
mask_303,138.74,8.79,3.96
mask_304,211.28,13.21,4.01
mask_305,165.0,9.95,4.16
mask_306,224.15,11.88,4.73
mask_307,131.7,9.5,3.48
mask_308,122.02,8.34,3.67
mask_309,122.4,8.22,3.74
mask_310,215.77,12.05,4.49
mask_311,228.33,12.6,4.55
mask_312,313.42,14.76,5.33
mask_313,239.58,12.81,4.7
mask_314,132.58,8.94,3.72
mask_315,131.04,9.79,3.36
mask_316,162.44,10.27,3.97
mask_317,138.52,10.55,3.29
mask_318,245.33,11.37,5.42
mask_319,228.66,12.86,4.47
mask_320,230.31,11.98,4.83
mask_321,212.6,11.62,4.59
mask_322,142.81,10.64,3.37
mask_323,241.4,12.04,5.03
mask_324,109.15,7.35,3.73
mask_325,223.88,10.21,5.51
mask_326,108.82,7.07,3.86
mask_327,198.25,10.6,4.7
mask_328,153.42,8.98,4.29
mask_329,297.52,14.71,5.08
mask_330,145.45,8.65,4.22
mask_331,215.41,11.94,4.53
mask_332,216.78,12.04,4.52
mask_333,169.48,10.64,4.0
mask_334,130.27,9.16,3.57
mask_335,195.66,10.72,4.58
mask_336,131.09,8.41,3.91
mask_337,197.59,10.47,4.74
mask_338,94.57,6.55,3.63
mask_339,129.39,10.02,3.24
mask_340,108.93,9.91,2.76
mask_341,153.81,10.41,3.71
mask_342,207.76,11.21,4.65
mask_343,233.34,12.84,4.56
mask_344,153.97,9.52,4.06
mask_345,150.18,10.8,3.49
mask_346,207.57,9.71,5.37
mask_347,180.1,10.46,4.32
mask_348,300.16,14.31,5.26
mask_349,194.01,9.26,5.26
mask_350,110.08,7.24,3.82
mask_351,185.65,10.69,4.36
mask_352,179.38,10.4,4.33
mask_353,149.46,14.12,2.66
mask_354,83.57,7.01,2.99
mask_355,181.97,11.41,4.0
mask_356,143.16,9.44,3.81
mask_357,228.44,12.0,4.78
mask_358,131.92,8.81,3.76
mask_359,138.3,9.63,3.6
mask_360,197.64,10.6,4.68
mask_361,198.63,15.07,3.31
mask_362,224.48,12.98,4.34
mask_363,196.21,11.69,4.21
mask_364,184.17,12.8,3.61
mask_365,185.32,9.9,4.7
mask_366,175.53,10.63,4.14
mask_367,185.16,13.85,3.36
mask_368,174.54,9.75,4.49
mask_369,205.12,12.94,3.98
mask_370,204.96,9.81,5.25
mask_371,178.37,10.31,4.34
mask_372,188.35,12.85,3.68
mask_373,79.23,6.72,2.96
mask_374,215.35,14.6,3.7
mask_375,160.57,11.48,3.51
mask_376,196.6,12.11,4.08
mask_377,190.6,11.48,4.17
mask_378,107.11,7.35,3.66
mask_379,138.68,9.1,3.83
mask_380,87.26,7.85,2.79
mask_381,220.11,9.25,5.97
mask_382,178.72,10.06,4.46
mask_383,197.89,10.86,4.57
mask_384,192.64,11.33,4.27
mask_385,156.01,10.85,3.61
mask_386,144.79,8.75,4.15
mask_387,117.23,8.09,3.64
mask_388,183.18,10.68,4.31
mask_389,69.55,5.08,3.44
mask_390,198.91,9.3,5.37
mask_391,200.94,9.94,5.07
mask_392,236.64,13.42,4.43
mask_393,279.76,15.96,4.4
mask_394,167.56,9.75,4.31
mask_395,100.02,6.98,3.6
mask_396,73.51,6.29,2.94
mask_397,151.66,9.48,4.02
mask_398,169.43,10.69,3.98
mask_399,215.3,13.46,4.02
mask_400,163.24,9.68,4.23
mask_401,305.61,15.87,4.83
mask_402,241.45,12.54,4.83
mask_403,255.94,13.75,4.67
mask_404,214.5,12.33,4.37
mask_405,153.7,9.29,4.15
mask_406,165.8,10.15,4.1
mask_407,138.57,8.77,3.97
mask_408,254.68,13.0,4.92
mask_409,107.33,7.73,3.48
mask_410,125.32,7.66,4.11
mask_411,178.23,10.15,4.41
mask_412,129.61,11.18,2.91
mask_413,90.34,6.99,3.25
mask_414,132.3,7.75,4.28
mask_415,229.49,10.81,5.33
mask_416,303.46,14.96,5.09
mask_417,237.08,14.16,4.2
mask_418,149.13,9.86,3.8
mask_419,137.12,12.16,2.83
mask_420,253.85,12.1,5.27
MaskID,Area(mm^2),Length(mm),Width(mm)
mask_0,271.62,13.81,4.94
mask_1,324.42,14.49,5.62
mask_2,260.73,15.59,4.2
mask_3,252.42,12.47,5.08
mask_4,214.86,11.79,4.57
mask_5,219.81,10.69,5.16
mask_6,223.16,12.73,4.4
mask_7,228.0,11.68,4.9
mask_8,266.34,13.19,5.07
mask_9,219.64,11.02,5.0
mask_10,257.26,12.42,5.2
mask_11,307.42,15.24,5.06
mask_12,200.2,10.31,4.87
mask_13,250.5,12.07,5.21
mask_14,276.93,13.54,5.13
mask_15,269.14,12.35,5.47
mask_16,264.08,11.93,5.56
mask_17,276.24,13.66,5.08
mask_18,259.38,13.51,4.82
mask_19,218.49,11.16,4.91
mask_20,239.11,11.33,5.3
mask_21,272.83,14.88,4.6
mask_22,270.02,12.73,5.32
mask_23,171.41,10.31,4.17
mask_24,234.79,12.94,4.56
mask_25,109.2,9.5,2.89
mask_26,120.42,9.73,3.11
mask_27,216.89,12.18,4.47
mask_28,182.9,11.32,4.06
mask_29,219.04,11.52,4.77
mask_30,183.56,10.72,4.3
mask_31,193.08,11.79,4.11
mask_32,198.52,11.11,4.49
mask_33,213.92,11.76,4.57
mask_34,248.96,14.02,4.46
mask_35,235.59,11.82,5.0
mask_36,221.24,11.49,4.83
mask_37,169.59,10.81,3.94
mask_38,299.56,13.64,5.51
mask_39,191.59,13.21,3.64
mask_40,234.05,11.56,5.08
mask_41,182.41,10.27,4.46
mask_42,240.93,12.3,4.92
mask_43,195.88,11.0,4.47
mask_44,169.59,11.47,3.71
mask_45,238.01,13.36,4.47
mask_46,227.23,14.11,4.04
mask_47,247.64,12.66,4.91
mask_48,202.1,11.03,4.6
mask_49,259.41,12.54,5.19
mask_50,263.26,11.26,5.87
mask_51,257.48,12.32,5.25
mask_52,108.87,7.49,3.65
mask_53,172.4,9.1,4.76
mask_54,258.09,12.69,5.11
mask_55,96.39,7.34,3.3
mask_56,225.47,12.35,4.58
mask_57,250.72,12.98,4.85
mask_58,189.01,12.91,3.67
mask_59,208.34,13.2,3.96
mask_60,283.61,15.64,4.55
mask_61,202.1,10.63,4.77
mask_62,255.72,13.58,4.73
mask_63,239.72,11.95,5.04
mask_64,189.37,10.25,4.64
mask_65,230.86,12.06,4.81
mask_66,209.63,12.71,4.14
mask_67,216.18,11.06,4.91
mask_68,223.11,12.47,4.49
mask_69,226.24,11.01,5.16
mask_70,134.67,7.97,4.24
mask_71,142.7,9.62,3.72
mask_72,243.24,11.27,5.42
mask_73,319.03,12.9,6.21
mask_74,280.69,14.67,4.8
mask_75,214.25,11.13,4.83
mask_76,188.73,12.32,3.85
mask_77,235.04,12.44,4.74
mask_78,232.84,12.31,4.75
mask_79,218.49,11.6,4.73
mask_80,214.8,11.76,4.59
mask_81,217.99,12.47,4.39
mask_82,172.73,10.21,4.25
mask_83,213.54,14.02,3.82
mask_84,250.88,12.61,4.99
mask_85,213.59,11.37,4.72
mask_86,168.49,10.96,3.86
mask_87,145.75,10.48,3.49
mask_88,129.69,8.74,3.73
mask_89,139.51,10.82,3.24
mask_90,209.91,10.95,4.81
mask_91,180.15,10.33,4.38
mask_92,232.84,13.25,4.41
mask_93,132.52,9.59,3.47
mask_94,162.28,10.09,4.04
mask_95,237.93,14.0,4.27
mask_96,260.4,13.37,4.89
mask_97,255.83,13.85,4.64
mask_98,217.88,11.06,4.94
mask_99,143.8,12.08,2.99
mask_100,264.8,12.77,5.2
mask_101,223.05,12.74,4.4
mask_102,225.64,11.12,5.09
mask_103,228.33,11.69,4.9
mask_104,189.89,11.77,4.05
mask_105,212.08,10.77,4.94
mask_106,189.5,10.62,4.48
mask_107,212.55,11.17,4.78
mask_108,220.3,13.76,4.02
mask_109,130.27,11.74,2.79
mask_110,335.75,18.26,4.61
mask_111,180.43,10.66,4.25
mask_112,225.14,12.49,4.52
mask_113,240.6,12.16,4.97
mask_114,233.83,13.03,4.5
mask_115,156.61,9.69,4.06
mask_116,191.21,10.68,4.49
mask_117,204.57,12.03,4.27
mask_118,240.49,13.16,4.59
mask_119,196.6,10.73,4.6
mask_120,203.42,12.23,4.18
mask_121,204.02,12.52,4.09
mask_122,164.42,9.82,4.2
mask_123,200.12,14.92,3.37
mask_124,208.97,11.38,4.61
mask_125,170.53,12.56,3.41
mask_126,237.08,12.82,4.64
mask_127,86.05,7.2,3.0
mask_128,163.6,10.16,4.04
mask_129,179.88,10.5,4.3
mask_130,151.94,9.58,3.98
mask_131,189.34,9.86,4.82
mask_132,219.64,10.92,5.05
mask_133,203.97,11.17,4.58
mask_134,200.89,13.17,3.83
mask_135,227.07,12.76,4.47
mask_136,177.07,9.63,4.62
mask_137,186.81,10.41,4.5
mask_138,234.38,12.79,4.6
mask_139,248.52,13.67,4.56
mask_140,281.02,14.0,5.04
mask_141,213.04,11.18,4.78
mask_142,248.0,13.49,4.61
mask_143,194.89,9.96,4.91
mask_144,171.41,10.52,4.09
mask_145,235.87,11.67,5.07
mask_146,227.4,10.48,5.45
mask_147,237.02,16.46,3.62
mask_148,140.06,9.08,3.87
mask_149,188.73,10.89,4.35
mask_150,242.3,12.46,4.88
mask_151,119.21,8.94,3.35
mask_152,267.3,11.52,5.83
mask_153,217.5,12.23,4.46
mask_154,164.5,9.47,4.36
mask_155,148.8,8.92,4.19
mask_156,135.44,9.35,3.64
mask_157,222.83,13.15,4.26
mask_158,206.44,10.71,4.84
mask_159,178.89,11.43,3.93
mask_160,208.42,11.33,4.62
mask_161,166.9,9.89,4.24
mask_162,95.42,10.32,2.32
mask_163,142.59,9.27,3.86
mask_164,104.09,8.73,2.99
mask_165,118.06,9.22,3.21
mask_166,232.95,13.33,4.39
mask_167,144.51,8.64,4.2
mask_168,194.56,11.4,4.28
mask_169,137.42,8.28,4.17
mask_170,132.3,8.91,3.73
mask_171,296.2,14.85,5.01
mask_172,197.15,12.58,3.93
mask_173,280.31,14.59,4.82
mask_174,207.21,10.89,4.78
mask_175,233.25,12.94,4.53
mask_176,186.7,11.22,4.18
mask_177,185.32,10.12,4.6
mask_178,241.15,11.77,5.14
mask_179,116.35,8.07,3.62
mask_180,203.58,11.89,4.3
mask_181,231.96,13.34,4.37
mask_182,162.77,11.65,3.51
mask_183,200.06,10.83,4.64
mask_184,231.74,13.48,4.32
mask_185,213.81,11.32,4.74
mask_186,173.5,9.96,4.37
mask_187,235.29,13.54,4.36
mask_188,150.51,9.62,3.93
mask_189,120.7,6.43,4.72
mask_190,170.69,10.88,3.94
mask_191,199.35,10.32,4.85
mask_192,177.46,10.67,4.18
mask_193,241.31,15.28,3.96
mask_194,200.17,12.21,4.11
mask_195,225.69,15.39,3.68
mask_196,205.18,13.23,3.89
mask_197,138.08,8.62,4.02
mask_198,198.74,12.26,4.07
mask_199,196.65,11.21,4.4
mask_200,187.25,9.89,4.75
mask_201,263.04,14.5,4.55
mask_202,147.54,8.07,4.59
mask_203,227.73,14.59,3.92
mask_204,238.62,12.0,4.99
mask_205,139.78,8.88,3.95
mask_206,154.55,16.75,2.32
mask_207,175.31,10.49,4.19
mask_208,157.66,10.03,3.95
mask_209,167.17,11.27,3.72
mask_210,208.48,13.81,3.79
mask_211,110.8,7.42,3.75
mask_212,168.27,10.22,4.13
mask_213,255.12,14.61,4.38
mask_214,114.87,9.35,3.09
mask_215,169.92,9.96,4.28
mask_216,191.02,11.4,4.21
mask_217,218.93,12.34,4.45
mask_218,217.5,11.71,4.66
mask_219,165.85,9.49,4.39
mask_220,213.37,12.17,4.4
mask_221,97.54,8.59,2.85
mask_222,225.75,12.57,4.51
mask_223,164.7,9.66,4.28
mask_224,177.13,9.13,4.87
mask_225,175.97,11.02,4.01
mask_226,196.16,10.47,4.7
mask_227,253.36,17.33,3.67
mask_228,107.33,6.25,4.31
mask_229,171.85,11.08,3.89
mask_230,229.49,12.63,4.56
mask_231,172.4,10.74,4.03
mask_232,171.02,10.0,4.29
mask_233,234.6,12.18,4.83
mask_234,178.72,13.76,3.26
mask_235,126.42,8.6,3.69
mask_236,179.71,8.65,5.22
mask_237,148.03,9.94,3.74
mask_238,128.73,10.86,2.97
mask_239,173.0,11.23,3.87
mask_240,186.26,9.12,5.12
mask_241,182.35,11.5,3.98
mask_242,63.28,5.26,3.02
mask_243,209.3,10.6,4.96
mask_244,204.6,10.63,4.83
mask_245,137.14,10.41,3.31
mask_246,228.72,14.48,3.96
mask_247,134.56,7.98,4.23
mask_248,163.27,9.99,4.1
mask_249,163.16,8.96,4.57
mask_250,101.94,8.85,2.89
mask_251,220.25,11.93,4.64
mask_252,226.35,16.61,3.42
mask_253,244.56,12.36,4.97
mask_254,98.04,6.82,3.61
mask_255,131.48,10.03,3.29
mask_256,187.38,10.7,4.39
mask_257,163.16,11.31,3.62
mask_258,123.61,7.72,4.02
mask_259,138.52,9.31,3.74
mask_260,168.0,9.5,4.44
MaskID,Area(mm^2),Length(mm),Width(mm)
mask_0,229.27,13.53,4.25
mask_1,229.82,17.12,3.37
mask_2,210.29,13.46,3.92
MaskID,Area(mm^2),Length(mm),Width(mm)
mask_0,280.09,13.3,5.29
mask_1,279.98,11.54,6.09
mask_2,287.7,13.34,5.41
mask_3,326.23,15.77,5.19
mask_4,317.38,15.04,5.3
mask_5,297.41,14.07,5.31
mask_6,297.3,12.91,5.78
mask_7,248.13,12.29,5.07
mask_8,273.27,12.66,5.42
mask_9,358.96,15.81,5.7
mask_10,229.98,13.2,4.37
mask_11,336.68,16.73,5.05
mask_12,168.71,11.32,3.74
mask_13,271.67,12.6,5.41
mask_14,222.78,12.74,4.39
mask_15,218.38,11.75,4.67
mask_16,281.96,13.84,5.11
mask_17,277.5,13.48,5.17
mask_18,152.98,13.9,2.76
mask_19,287.43,13.77,5.24
mask_20,272.42,13.66,5.01
mask_21,171.9,10.55,4.09
mask_22,258.83,12.51,5.19
mask_23,242.55,12.7,4.79
mask_24,153.97,10.28,3.76
mask_25,247.25,13.15,4.72
mask_26,209.0,12.54,4.18
mask_27,275.96,12.58,5.51
mask_28,319.25,14.29,5.61
mask_29,203.47,11.96,4.27
mask_30,238.18,13.38,4.47
mask_31,221.02,11.6,4.78
mask_32,255.78,12.2,5.26
mask_33,219.06,12.74,4.32
mask_34,209.69,11.94,4.41
mask_35,206.91,11.54,4.5
mask_36,227.4,12.43,4.59
mask_37,339.27,15.59,5.46
mask_38,218.54,11.82,4.64
mask_39,209.25,10.6,4.96
mask_40,216.89,14.01,3.89
mask_41,275.63,12.04,5.75
mask_42,271.78,13.43,5.08
mask_43,248.38,13.66,4.57
mask_44,241.92,11.31,5.37
mask_45,117.56,6.91,4.27
mask_46,236.31,12.23,4.85
mask_47,259.19,13.4,4.86
mask_48,231.08,13.56,4.28
mask_49,246.98,10.35,5.99
mask_50,193.74,11.13,4.37
mask_51,213.65,11.39,4.71
mask_52,182.35,11.25,4.07
mask_53,178.01,12.15,3.68
mask_54,296.92,16.31,4.57
mask_55,265.81,12.47,5.35
mask_56,188.57,10.56,4.48
mask_57,211.67,11.85,4.48
mask_58,182.3,12.12,3.78
mask_59,229.1,13.3,4.32
mask_60,251.98,13.91,4.55
mask_61,336.6,14.8,5.71
mask_62,192.36,12.9,3.74
mask_63,224.54,11.88,4.74
mask_64,258.53,12.45,5.21
mask_65,268.73,14.18,4.76
mask_66,247.22,14.41,4.31
mask_67,318.92,17.13,4.67
mask_68,258.12,14.25,4.55
mask_69,240.98,12.54,4.82
mask_70,263.67,13.5,4.9
mask_71,182.3,11.94,3.83
mask_72,195.66,12.95,3.79
mask_73,256.63,11.64,5.53
mask_74,227.45,10.49,5.45
mask_75,255.45,12.21,5.25
mask_76,200.01,12.37,4.06
mask_77,260.07,12.58,5.19
mask_78,280.58,17.07,4.13
mask_79,147.1,10.07,3.67
mask_80,181.2,10.93,4.16
mask_81,267.38,13.05,5.14
mask_82,251.16,13.72,4.6
mask_83,275.91,13.3,5.21
mask_84,254.02,14.61,4.36
mask_85,109.31,8.23,3.33
mask_86,258.69,13.0,5.0
mask_87,274.75,13.56,5.09
mask_88,203.91,10.49,4.88
mask_89,143.36,8.97,4.01
mask_90,247.69,12.14,5.12
mask_91,308.03,15.02,5.15
mask_92,184.33,10.84,4.27
mask_93,210.24,12.2,4.33
mask_94,153.09,9.93,3.87
mask_95,203.75,10.97,4.66
mask_96,224.59,12.48,4.52
mask_97,262.65,12.78,5.16
mask_98,198.96,13.34,3.74
mask_99,106.73,9.07,2.95
mask_100,129.33,9.09,3.57
mask_101,196.98,11.22,4.41
mask_102,273.32,14.44,4.75
mask_103,224.92,11.02,5.12
mask_104,264.74,12.63,5.26
mask_105,154.25,9.77,3.96
mask_106,240.38,12.68,4.76
mask_107,134.01,7.83,4.29
mask_108,207.21,12.35,4.21
mask_109,212.44,13.81,3.86
mask_110,123.89,9.42,3.3
mask_111,291.25,14.74,4.96
mask_112,301.32,14.15,5.35
mask_113,123.34,9.17,3.38
mask_114,180.92,11.83,3.84
mask_115,197.7,9.83,5.05
mask_116,144.51,10.48,3.46
mask_117,208.64,10.12,5.18
mask_118,258.2,12.56,5.16
mask_119,211.28,11.88,4.47
mask_120,206.99,12.95,4.01
mask_121,201.63,10.23,4.95
mask_122,216.62,10.23,5.31
mask_123,268.43,13.5,4.99
mask_124,287.24,12.15,5.93
mask_125,169.15,9.66,4.39
mask_126,196.71,10.91,4.53
mask_127,218.32,14.4,3.8
mask_128,262.27,12.24,5.38
mask_129,219.64,12.68,4.35
mask_130,165.91,9.98,4.17
mask_131,246.21,12.42,4.98
mask_132,195.94,11.19,4.4
mask_133,228.06,12.57,4.55
mask_134,183.07,9.91,4.64
mask_135,151.53,10.15,3.75
mask_136,211.12,13.03,4.07
mask_137,161.67,10.74,3.78
mask_138,210.81,13.22,4.0
mask_139,171.3,10.23,4.2
mask_140,192.91,10.72,4.52
mask_141,201.93,11.04,4.59
mask_142,189.94,13.63,3.5
mask_143,296.81,14.24,5.23
mask_144,159.2,11.6,3.44
mask_145,219.75,11.38,4.85
mask_146,156.34,9.11,4.31
mask_147,212.05,10.91,4.88
mask_148,203.86,11.53,4.44
mask_149,183.62,10.85,4.25
mask_150,159.64,11.59,3.46
mask_151,284.32,13.37,5.34
mask_152,160.44,9.11,4.42
mask_153,232.95,13.27,4.41
mask_154,166.73,9.77,4.28
mask_155,321.69,17.17,4.7
mask_156,158.1,9.64,4.11
mask_157,188.46,10.65,4.44
mask_158,208.59,9.99,5.24
mask_159,234.93,11.86,4.97
mask_160,243.51,12.26,4.98
mask_161,243.46,12.35,4.95
mask_162,264.25,14.31,4.63
mask_163,166.02,10.85,3.84
mask_164,270.13,13.97,4.86
mask_165,157.11,10.18,3.87
mask_166,190.22,11.69,4.08
mask_167,231.85,12.91,4.51
mask_168,209.63,13.95,3.77
mask_169,295.43,13.33,5.56
mask_170,185.1,11.97,3.88
mask_171,233.72,12.43,4.72
mask_172,207.82,13.03,4.0
mask_173,271.4,12.86,5.3
mask_174,242.28,11.93,5.1
mask_175,263.73,11.45,5.78
mask_176,243.79,16.45,3.72
mask_177,102.05,7.99,3.21
mask_178,277.06,16.54,4.21
mask_179,252.64,16.37,3.87
mask_180,211.67,13.32,3.99
mask_181,230.31,11.6,4.98
mask_182,214.14,12.19,4.41
mask_183,180.32,11.33,3.99
mask_184,256.66,16.22,3.97
mask_185,287.29,13.02,5.54
mask_186,141.21,8.72,4.07
mask_187,116.96,8.95,3.28
mask_188,211.28,12.14,4.37
mask_189,242.58,12.32,4.94
mask_190,168.33,9.63,4.39
mask_191,221.24,11.23,4.94
mask_192,191.37,13.91,3.45
mask_193,224.7,10.79,5.23
mask_194,214.2,14.74,3.65
mask_195,223.52,10.7,5.24
mask_196,210.68,12.0,4.41
mask_197,195.88,10.54,4.67
mask_198,187.74,10.8,4.37
mask_199,139.51,8.67,4.04
mask_200,166.4,9.1,4.59
mask_201,177.35,11.15,3.99
mask_202,207.49,11.67,4.46
mask_203,158.15,10.7,3.71
mask_204,230.15,12.32,4.69
mask_205,107.66,9.24,2.92
mask_206,267.33,13.37,5.02
mask_207,151.11,10.26,3.7
mask_208,157.91,10.25,3.87
mask_209,230.2,13.31,4.34
mask_210,214.03,11.65,4.61
mask_211,218.1,13.73,3.99
mask_212,314.08,15.55,5.07
mask_213,122.95,9.84,3.14
mask_214,190.66,9.76,4.9
mask_215,227.18,12.58,4.53
mask_216,128.18,8.36,3.85
mask_217,248.19,13.58,4.59
mask_218,244.39,11.72,5.23
mask_219,190.93,10.85,4.42
mask_220,169.92,10.44,4.09
mask_221,169.92,9.51,4.49
mask_222,171.08,10.3,4.17
mask_223,131.53,10.07,3.28
mask_224,42.84,8.58,1.25
mask_225,192.36,13.48,3.58
mask_226,48.12,4.95,2.44
mask_227,186.37,9.54,4.9
mask_228,226.13,12.56,4.52
mask_229,166.73,9.73,4.3
mask_230,143.25,10.96,3.28
mask_231,175.92,9.33,4.73
mask_232,144.73,9.67,3.76
mask_233,237.63,11.86,5.03
mask_234,123.39,9.45,3.28
mask_235,174.1,10.07,4.34
mask_236,177.73,10.47,4.26
mask_237,272.94,17.47,3.92
mask_238,146.49,10.29,3.57
mask_239,237.46,10.95,5.44
mask_240,291.53,16.58,4.41
mask_241,137.36,7.02,4.91
mask_242,237.82,13.33,4.48
mask_243,124.55,9.19,3.4
mask_244,178.94,9.42,4.77
mask_245,224.04,12.98,4.33
mask_246,209.08,11.01,4.77
mask_247,227.67,12.88,4.44
mask_248,182.24,8.96,5.11
mask_249,153.92,8.6,4.49
mask_250,258.2,15.28,4.24
mask_251,246.92,11.62,5.33
mask_252,227.78,15.46,3.7
mask_253,202.37,12.67,4.01
mask_254,88.91,5.79,3.85
mask_255,141.1,10.17,3.48
mask_256,254.18,12.85,4.97
mask_257,156.42,9.5,4.13
mask_258,184.99,10.62,4.37
mask_259,100.18,7.0,3.59
mask_260,143.19,10.22,3.52
mask_261,168.93,9.03,4.7
mask_262,164.26,11.06,3.73
mask_263,225.14,11.29,5.0
mask_264,240.65,11.27,5.36
mask_265,153.26,8.4,4.58
mask_266,213.1,10.81,4.95
mask_267,230.92,11.8,4.91
mask_268,163.93,11.41,3.61
mask_269,95.07,7.64,3.12
mask_270,184.72,10.79,4.3
mask_271,226.13,10.24,5.54
mask_272,171.74,10.94,3.94
mask_273,100.68,7.23,3.49
mask_274,87.97,7.4,2.98
mask_275,215.35,11.07,4.88
mask_276,195.28,12.79,3.83
mask_277,261.08,13.99,4.68
mask_278,192.53,10.61,4.56
mask_279,134.69,8.77,3.86
mask_280,146.33,7.12,5.16
mask_281,124.88,10.19,3.08
mask_282,154.41,9.28,4.18
mask_283,179.16,11.51,3.91
mask_284,266.34,13.22,5.06
mask_285,145.91,8.82,4.15
mask_286,149.35,9.28,4.04
mask_287,128.67,9.91,3.26
mask_288,193.85,12.6,3.86
mask_289,241.81,12.24,4.96
mask_290,146.38,9.52,3.86
mask_291,130.27,8.37,3.91
mask_292,311.85,15.36,5.09
mask_293,148.03,10.35,3.59
mask_294,145.89,9.71,3.77
mask_295,124.33,8.45,3.69
mask_296,127.74,9.77,3.28
mask_297,194.45,10.5,4.65
mask_298,226.68,11.21,5.08
mask_299,209.96,11.29,4.67
mask_300,241.84,11.53,5.27
mask_301,232.57,11.41,5.12
mask_302,187.41,9.78,4.81
mask_303,203.86,11.25,4.55
mask_304,190.49,12.16,3.93
mask_305,223.93,11.46,4.9
mask_306,167.47,9.26,4.54
mask_307,140.28,10.12,3.48
mask_308,132.91,9.84,3.39
mask_309,143.74,11.58,3.12
mask_310,247.31,12.27,5.06
mask_311,121.8,8.33,3.67
mask_312,195.88,11.89,4.13
mask_313,276.35,13.04,5.32
mask_314,189.64,9.83,4.84
mask_315,245.11,13.14,4.68
mask_316,229.6,11.92,4.83
mask_317,181.53,11.76,3.87
mask_318,155.32,7.51,5.19
mask_319,154.69,8.33,4.66
mask_320,170.64,11.84,3.62
mask_321,267.55,11.88,5.65
mask_322,109.15,6.54,4.19
mask_323,204.82,12.08,4.26
mask_324,189.56,12.61,3.77
mask_325,209.96,10.65,4.95
mask_326,262.24,14.14,4.65
mask_327,226.27,13.8,4.11
mask_328,222.56,10.3,5.42
mask_329,129.83,9.65,3.38
mask_330,169.18,15.0,2.83
mask_331,182.24,10.35,4.42
mask_332,136.1,10.34,3.3
mask_333,167.45,8.59,4.89
mask_334,131.7,8.88,3.72
mask_335,149.79,9.09,4.14
mask_336,248.44,13.01,4.79
mask_337,227.29,14.36,3.97
mask_338,186.09,11.12,4.2
mask_339,222.67,12.57,4.45
mask_340,177.13,9.16,4.85
mask_341,214.86,12.96,4.16
mask_342,130.05,7.93,4.12
mask_343,158.7,10.13,3.93
mask_344,154.69,9.73,3.99
mask_345,168.27,9.95,4.24
mask_346,161.84,11.5,3.53
mask_347,207.27,10.93,4.76
mask_348,161.73,11.37,3.57
mask_349,152.76,10.98,3.49
mask_350,212.99,11.71,4.56
mask_351,132.63,9.24,3.6
mask_352,152.98,10.73,3.58
mask_353,132.85,9.11,3.66
mask_354,122.51,6.44,4.77
mask_355,214.14,13.14,4.09
mask_356,193.22,10.36,4.68
mask_357,196.38,10.06,4.9
mask_358,198.16,9.03,5.51
mask_359,238.62,10.4,5.76
mask_360,107.83,8.55,3.17
mask_361,240.82,13.53,4.47
mask_362,172.4,11.0,3.93
mask_363,113.55,7.07,4.03
mask_364,148.58,9.5,3.92
mask_365,226.79,11.6,4.91
mask_366,166.46,11.6,3.6
mask_367,191.46,10.88,4.42
mask_368,212.71,12.6,4.24
mask_369,200.17,11.5,4.37
mask_370,126.53,8.64,3.67
mask_371,193.85,12.46,3.91
mask_372,302.28,13.25,5.73
mask_373,202.26,11.6,4.38
mask_374,131.64,8.72,3.79
mask_375,163.76,10.55,3.9
mask_376,141.87,11.35,3.14
mask_377,153.04,8.75,4.39
mask_378,169.43,10.57,4.02
mask_379,292.93,13.6,5.41
mask_380,108.24,7.01,3.88
mask_381,149.52,10.05,3.74
mask_382,179.03,16.99,2.64
mask_383,186.42,10.19,4.59
mask_384,81.26,6.9,2.96
mask_385,140.39,8.77,4.02
mask_386,252.53,13.39,4.73
mask_387,188.46,13.6,3.48
mask_388,211.56,11.2,4.74
mask_389,172.12,10.57,4.09
mask_390,78.9,6.6,3.0
mask_391,105.63,8.79,3.02
mask_392,162.0,11.93,3.41
mask_393,159.69,9.74,4.12
mask_394,348.1,23.44,3.73
mask_395,180.1,14.76,3.06
mask_396,114.54,8.65,3.32
mask_397,250.5,14.49,4.34
mask_398,147.59,11.77,3.15
mask_399,218.93,11.95,4.6
mask_400,275.3,12.93,5.35
mask_401,220.8,13.3,4.17
mask_402,150.67,11.73,3.22
mask_403,252.04,12.98,4.87
mask_404,110.36,7.46,3.71
mask_405,117.62,9.73,3.03
mask_406,128.29,8.44,3.81
mask_407,229.98,14.61,3.95
mask_408,198.63,11.1,4.49
mask_409,201.88,9.21,5.5
mask_410,144.84,9.93,3.66
mask_411,144.13,10.08,3.59
mask_412,111.02,8.41,3.31
mask_413,127.08,11.06,2.88
mask_414,246.65,13.02,4.76
mask_415,160.19,9.79,4.11
mask_416,119.82,9.3,3.23
mask_417,228.0,13.94,4.1
mask_418,111.62,8.94,3.13
mask_419,81.21,6.68,3.05
mask_420,144.95,9.35,3.89
mask_421,179.47,8.86,5.08
mask_422,101.78,7.39,3.46
mask_423,143.03,9.48,3.79
mask_424,214.42,10.4,5.17
mask_425,264.3,14.73,4.5
mask_426,121.36,7.32,4.16
mask_427,184.66,9.89,4.69
mask_428,168.71,10.7,3.96
mask_429,68.45,6.59,2.61
mask_430,91.71,7.08,3.25
mask_431,180.87,10.12,4.49
mask_432,147.65,9.31,3.98
mask_433,164.67,12.39,3.34
mask_434,123.94,10.33,3.01
mask_435,145.06,11.83,3.08
mask_436,215.46,12.52,4.32
mask_437,79.83,7.09,2.83
mask_438,145.23,9.95,3.66
mask_439,170.64,12.0,3.57
mask_440,104.64,7.88,3.33
mask_441,189.23,9.7,4.9
mask_442,214.03,14.28,3.76
mask_443,159.2,9.85,4.06
mask_444,162.72,9.85,4.15
mask_445,188.07,12.23,3.86
mask_446,138.57,9.28,3.75
mask_447,159.58,9.25,4.33
mask_448,157.99,14.35,2.76
mask_449,123.5,9.52,3.26
mask_450,174.54,10.42,4.2
mask_451,186.64,11.6,4.04
mask_452,212.66,14.3,3.73
mask_453,152.16,8.98,4.25
mask_454,211.28,11.52,4.6
mask_455,152.32,11.43,3.34
mask_456,88.25,7.06,3.14
mask_457,128.95,8.81,3.67
mask_458,213.76,12.34,4.35
mask_459,130.38,7.9,4.14
mask_460,196.87,13.11,3.77
mask_461,127.96,9.26,3.47
mask_462,123.2,7.75,3.99
mask_463,267.88,13.48,4.99
MaskID,Area(mm^2),Length(mm),Width(mm)
mask_0,117.84,8.18,3.62
mask_1,170.58,9.53,4.5
MaskID,Area(mm^2),Length(mm),Width(mm)
mask_0,293.12,15.29,4.81
mask_1,307.86,14.1,5.48
mask_2,289.44,14.1,5.15
mask_3,210.13,10.78,4.89
mask_4,245.66,12.03,5.13
mask_5,257.15,12.05,5.36
mask_6,297.77,14.31,5.23
mask_7,266.97,13.37,5.01
mask_8,229.54,11.52,5.0
mask_9,204.9,11.96,4.3
mask_10,241.37,12.83,4.72
mask_11,218.87,12.26,4.48
mask_12,229.71,13.65,4.22
mask_13,141.82,9.57,3.72
mask_14,346.28,16.62,5.23
mask_15,262.87,11.97,5.51
mask_16,246.59,12.85,4.82
mask_17,243.51,12.12,5.04
mask_18,214.31,11.14,4.83
mask_19,286.08,13.37,5.37
mask_20,218.71,12.67,4.33
mask_21,229.54,12.79,4.51
mask_22,189.75,13.59,3.5
mask_23,222.12,12.35,4.51
mask_24,309.4,13.26,5.86
mask_25,236.47,12.72,4.67
mask_26,266.5,13.47,4.97
mask_27,332.5,15.82,5.28
mask_28,274.26,14.11,4.88
mask_29,260.29,12.98,5.03
mask_30,259.9,13.61,4.79
mask_31,213.84,12.7,4.23
mask_32,230.31,12.68,4.56
mask_33,214.25,12.56,4.28
mask_34,180.15,10.2,4.43
mask_35,179.22,10.6,4.24
mask_36,275.82,14.0,4.95
mask_37,259.3,13.18,4.94
mask_38,160.52,11.5,3.5
mask_39,200.39,10.71,4.7
mask_40,147.7,9.12,4.06
mask_41,214.22,11.87,4.53
mask_42,294.52,15.68,4.71
mask_43,257.84,13.4,4.83
mask_44,222.89,14.5,3.86
mask_45,241.92,12.43,4.89
mask_46,234.99,13.74,4.29
mask_47,222.23,11.92,4.68
mask_48,226.08,11.69,4.85
mask_49,167.89,10.34,4.08
mask_50,171.74,9.34,4.62
mask_51,262.65,12.99,5.08
mask_52,180.15,11.77,3.84
mask_53,260.26,13.27,4.92
mask_54,250.61,11.59,5.43
mask_55,132.3,10.05,3.3
mask_56,202.43,10.88,4.67
mask_57,270.57,17.65,3.85
mask_58,330.3,14.94,5.55
mask_59,189.89,12.75,3.74
mask_60,259.9,11.97,5.45
mask_61,264.96,13.97,4.76
mask_62,262.16,13.98,4.71
mask_63,162.19,10.6,3.84
mask_64,233.72,12.71,4.62
mask_65,258.42,13.58,4.78
mask_66,307.26,22.62,3.41
mask_67,135.82,9.91,3.44
mask_68,233.15,12.44,4.7
mask_69,261.61,12.34,5.32
mask_70,285.86,13.92,5.16
mask_71,207.27,11.49,4.53
mask_72,205.62,12.96,3.98
mask_73,235.43,11.39,5.19
mask_74,269.2,14.17,4.77
mask_75,209.3,10.98,4.78
mask_76,152.65,9.52,4.03
mask_77,272.22,14.4,4.74
mask_78,175.26,12.03,3.66
mask_79,283.99,15.77,4.52
mask_80,147.48,10.2,3.63
mask_81,289.55,11.83,6.14
mask_82,281.08,13.43,5.25
mask_83,245.6,12.32,5.0
mask_84,213.59,11.55,4.64
mask_85,184.99,12.53,3.71
mask_86,264.85,13.15,5.06
mask_87,263.04,12.75,5.18
mask_88,138.19,10.02,3.46
mask_89,261.83,13.8,4.76
mask_90,188.84,10.64,4.45
mask_91,215.3,10.19,5.3
mask_92,244.12,12.61,4.86
mask_93,288.67,14.51,4.99
mask_94,222.89,11.16,5.01
mask_95,177.13,10.26,4.33
mask_96,171.41,12.22,3.52
mask_97,148.53,9.63,3.87
mask_98,239.11,13.91,4.32
mask_99,218.93,10.29,5.34
mask_100,238.31,13.47,4.44
mask_101,227.4,13.57,4.21
mask_102,207.9,10.33,5.05
mask_103,189.56,12.17,3.91
mask_104,232.4,10.5,5.56
mask_105,154.58,12.15,3.19
mask_106,200.56,11.01,4.57
mask_107,192.69,11.38,4.25
mask_108,151.91,11.66,3.27
mask_109,197.75,10.2,4.87
mask_110,185.49,10.34,4.5
mask_111,192.06,13.38,3.6
mask_112,205.81,11.41,4.53
mask_113,117.4,9.48,3.11
mask_114,211.03,12.22,4.34
mask_115,238.67,13.14,4.56
mask_116,198.96,11.61,4.3
mask_117,231.25,14.98,3.87
mask_118,188.02,11.4,4.14
mask_119,243.51,13.5,4.53
mask_120,167.72,11.46,3.67
mask_121,258.58,12.36,5.25
mask_122,233.89,14.44,4.06
mask_123,173.17,11.37,3.82
mask_124,184.72,9.59,4.84
mask_125,228.72,12.34,4.65
mask_126,256.93,12.85,5.02
mask_127,307.09,13.97,5.52
mask_128,169.65,11.15,3.82
mask_129,187.25,11.77,3.99
mask_130,185.82,12.61,3.7
mask_131,139.15,12.4,2.82
mask_132,289.6,14.38,5.05
mask_133,209.85,13.45,3.92
mask_134,211.23,11.07,4.79
mask_135,256.96,12.23,5.27
mask_136,165.03,10.4,3.99
mask_137,217.06,12.48,4.37
mask_138,197.04,11.16,4.43
mask_139,296.42,13.77,5.4
mask_140,238.29,10.96,5.46
mask_141,188.84,14.27,3.32
mask_142,235.59,12.36,4.78
mask_143,201.16,10.9,4.63
mask_144,172.01,9.05,4.77
mask_145,172.07,10.09,4.28
mask_146,112.89,7.74,3.66
mask_147,158.15,9.97,3.98
mask_148,233.94,12.58,4.67
mask_149,253.74,13.09,4.86
mask_150,257.68,13.07,4.95
mask_151,215.63,12.82,4.22
mask_152,100.29,8.5,2.96
mask_153,163.71,9.65,4.26
mask_154,233.17,12.09,4.84
mask_155,228.28,11.75,4.88
mask_156,176.08,11.4,3.88
mask_157,258.58,12.39,5.24
mask_158,275.91,13.97,4.96
mask_159,207.98,11.03,4.73
mask_160,111.4,7.46,3.75
mask_161,190.88,11.8,4.06
mask_162,180.7,11.18,4.06
mask_163,213.04,12.83,4.17
mask_164,232.1,15.23,3.83
mask_165,180.92,10.42,4.36
mask_166,213.95,11.15,4.82
mask_167,173.5,8.77,4.97
mask_168,182.08,10.76,4.25
mask_169,251.71,13.32,4.74
mask_170,222.83,11.86,4.72
mask_171,232.79,14.02,4.17
mask_172,175.64,12.49,3.53
mask_173,130.57,8.73,3.76
mask_174,138.9,9.71,3.59
mask_175,251.54,11.62,5.43
mask_176,213.95,11.04,4.86
mask_177,192.36,11.49,4.2
mask_178,96.77,8.5,2.86
mask_179,245.0,13.52,4.55
mask_180,135.99,8.55,3.99
mask_181,176.69,9.42,4.71
mask_182,182.02,11.37,4.02
mask_183,191.59,10.95,4.39
mask_184,226.02,14.08,4.03
mask_185,215.13,10.86,4.97
mask_186,123.01,8.86,3.49
mask_187,315.84,21.03,3.77
mask_188,174.16,12.21,3.58
mask_189,138.96,12.09,2.89
mask_190,155.95,13.38,2.93
mask_191,204.66,13.48,3.81
mask_192,161.4,10.56,3.84
mask_193,221.46,10.79,5.15
mask_194,213.1,11.38,4.7
mask_195,173.11,9.91,4.38
mask_196,198.25,10.1,4.93
mask_197,189.56,10.59,4.49
mask_198,247.42,14.45,4.3
mask_199,152.71,9.09,4.22
mask_200,276.13,12.31,5.63
mask_201,206.5,11.49,4.51
mask_202,227.67,12.07,4.73
mask_203,327.5,15.15,5.43
mask_204,106.29,7.77,3.43
mask_205,228.66,10.07,5.7
mask_206,223.44,10.62,5.28
mask_207,253.66,18.36,3.47
mask_208,210.13,11.58,4.56
mask_209,114.87,8.48,3.4
mask_210,202.92,11.39,4.47
mask_211,238.95,13.05,4.6
mask_212,221.9,11.42,4.88
mask_213,237.13,12.76,4.67
mask_214,149.3,9.99,3.75
mask_215,158.15,9.46,4.19
mask_216,179.44,10.24,4.4
mask_217,263.31,12.86,5.14
mask_218,247.86,12.73,4.89
mask_219,165.69,10.72,3.88
mask_220,148.64,11.74,3.18
mask_221,170.91,9.96,4.31
mask_222,216.12,11.46,4.74
mask_223,228.61,12.33,4.65
mask_224,181.03,11.35,4.01
mask_225,189.23,11.7,4.06
mask_226,206.03,12.81,4.04
mask_227,244.12,11.33,5.41
mask_228,201.88,12.18,4.16
mask_229,220.96,12.67,4.38
mask_230,186.81,10.99,4.27
mask_231,212.33,10.62,5.02
mask_232,247.14,12.4,5.0
mask_233,236.5,12.76,4.65
mask_234,142.75,9.27,3.86
mask_235,226.57,11.27,5.05
mask_236,157.22,12.07,3.27
mask_237,231.19,12.03,4.82
mask_238,212.05,14.23,3.74
mask_239,213.54,11.94,4.49
mask_240,218.49,11.35,4.83
mask_241,182.46,12.89,3.55
mask_242,142.15,7.68,4.64
mask_243,239.55,11.71,5.14
mask_244,171.57,10.3,4.18
mask_245,231.91,11.82,4.92
mask_246,187.85,12.49,3.78
mask_247,153.37,9.99,3.85
mask_248,224.54,11.31,4.99
mask_249,185.1,11.67,3.98
mask_250,128.87,9.71,3.33
mask_251,174.82,8.97,4.89
mask_252,201.82,13.01,3.89
mask_253,116.52,10.69,2.74
mask_254,330.3,17.46,4.75
mask_255,325.79,15.89,5.15
mask_256,144.02,8.71,4.15
mask_257,220.14,11.81,4.68
mask_258,311.08,14.73,5.3
mask_259,101.01,6.77,3.74
mask_260,233.39,12.78,4.58
mask_261,185.52,11.01,4.23
mask_262,159.2,12.01,3.33
mask_263,231.41,13.5,4.3
mask_264,136.1,9.4,3.63
mask_265,150.29,9.5,3.97
mask_266,170.42,8.73,4.9
mask_267,127.08,9.34,3.41
mask_268,226.63,11.25,5.06
mask_269,229.38,11.77,4.89
mask_270,144.13,10.35,3.5
mask_271,163.27,9.79,4.19
mask_272,254.95,16.45,3.89
mask_273,218.43,11.44,4.79
mask_274,150.12,10.58,3.56
mask_275,218.1,11.16,4.91
mask_276,158.87,11.26,3.54
mask_277,119.93,8.31,3.62
mask_278,237.13,11.64,5.12
mask_279,284.82,13.83,5.17
mask_280,251.98,13.45,4.7
mask_281,194.18,11.95,4.08
mask_282,201.82,10.35,4.9
mask_283,208.31,10.6,4.93
mask_284,256.71,16.84,3.83
mask_285,152.38,11.4,3.35
mask_286,213.46,12.9,4.15
mask_287,116.3,7.26,4.02
mask_288,148.8,9.33,4.0
mask_289,212.71,11.93,4.47
mask_290,184.99,12.53,3.71
mask_291,207.84,11.98,4.35
mask_292,206.33,11.73,4.42
mask_293,181.8,12.8,3.57
mask_294,102.27,9.43,2.72
mask_295,150.78,9.24,4.09
mask_296,210.57,11.69,4.52
mask_297,105.13,7.4,3.56
mask_298,211.28,10.86,4.89
mask_299,214.25,13.41,4.01
mask_300,214.64,11.5,4.69
mask_301,129.28,8.69,3.74
mask_302,213.76,11.1,4.83
mask_303,173.33,11.95,3.64
mask_304,236.2,13.31,4.46
mask_305,142.26,8.86,4.03
mask_306,228.72,12.73,4.51
mask_307,181.47,10.64,4.28
mask_308,270.93,14.1,4.82
mask_309,188.24,11.28,4.19
mask_310,118.22,9.74,3.05
mask_311,261.86,13.8,4.76
mask_312,179.88,13.36,3.38
mask_313,171.52,11.49,3.75
mask_314,176.91,12.33,3.6
mask_315,258.53,14.21,4.57
mask_316,190.49,9.49,5.04
mask_317,122.9,7.29,4.23
mask_318,125.92,6.79,4.65
mask_319,88.36,8.19,2.71
mask_320,233.06,11.78,4.96
mask_321,161.62,11.4,3.56
mask_322,170.36,9.75,4.39
mask_323,245.11,10.29,5.98
mask_324,197.7,11.71,4.24
mask_325,338.28,21.91,3.88
mask_326,216.4,12.36,4.39
mask_327,197.59,12.76,3.89
mask_328,142.48,8.43,4.24
mask_329,219.2,10.78,5.1
mask_330,220.69,12.42,4.46
mask_331,236.0,11.22,5.28
mask_332,222.89,12.68,4.41
mask_333,236.31,11.46,5.17
mask_334,226.22,13.87,4.1
mask_335,211.56,15.8,3.36
mask_336,137.75,9.99,3.46
mask_337,222.06,12.34,4.52
mask_338,104.8,8.55,3.08
mask_339,199.68,13.67,3.67
mask_340,197.48,13.7,3.62
mask_341,223.05,12.73,4.4
mask_342,202.12,8.84,5.74
mask_343,92.26,7.43,3.12
mask_344,258.86,13.4,4.85
mask_345,180.1,9.84,4.59
mask_346,185.16,11.95,3.89
mask_347,213.76,11.17,4.8
mask_348,216.67,12.06,4.51
mask_349,287.13,16.21,4.45
mask_350,216.01,11.27,4.81
mask_351,229.38,14.41,3.99
mask_352,189.61,11.17,4.26
mask_353,222.56,10.27,5.44
mask_354,181.36,9.7,4.69
mask_355,68.12,7.49,2.28
mask_356,209.19,14.59,3.6
mask_357,117.45,8.25,3.57
mask_358,149.46,10.86,3.46
mask_359,93.69,7.14,3.29
mask_360,142.31,11.19,3.19
mask_361,197.97,10.64,4.67
mask_362,206.06,11.55,4.48
mask_363,173.33,12.53,3.47
mask_364,160.46,9.59,4.2
mask_365,245.05,16.03,3.84
mask_366,262.1,13.46,4.89
mask_367,174.65,11.03,3.98
mask_368,161.01,10.0,4.04
mask_369,172.95,9.44,4.6
mask_370,206.22,14.29,3.62
mask_371,216.07,12.11,4.48
mask_372,182.79,10.03,4.57
mask_373,131.15,9.8,3.36
mask_374,175.31,9.93,4.43
mask_375,139.78,9.22,3.8
mask_376,117.34,8.59,3.43
mask_377,108.71,7.1,3.84
mask_378,144.1,10.55,3.43
mask_379,167.23,9.35,4.49
mask_380,126.2,7.41,4.28
mask_381,179.19,10.38,4.33
mask_382,163.43,10.28,3.99
mask_383,239.55,17.33,3.47
mask_384,181.86,11.08,4.12
mask_385,230.56,12.09,4.79
mask_386,145.45,8.9,4.1
mask_387,149.54,10.69,3.51
mask_388,128.62,8.17,3.95
mask_389,226.0,13.47,4.21
mask_390,125.43,9.1,3.46
mask_391,162.33,9.7,4.2
mask_392,141.27,10.82,3.28
mask_393,165.85,11.72,3.55
mask_394,173.77,13.34,3.27
mask_395,160.79,8.87,4.55
mask_396,240.54,11.99,5.04
mask_397,170.36,12.14,3.52
mask_398,248.41,12.27,5.08
mask_399,90.94,6.84,3.34
mask_400,218.38,12.24,4.48
mask_401,159.36,11.14,3.59
mask_402,215.02,11.31,4.77
mask_403,65.81,5.27,3.13
mask_404,138.46,9.24,3.76
mask_405,186.15,10.39,4.5
mask_406,125.04,8.39,3.74
mask_407,140.44,8.83,3.99
mask_408,142.81,8.98,3.99
mask_409,150.18,10.23,3.69
mask_410,149.74,10.16,3.7
mask_411,222.25,15.22,3.67
mask_412,166.95,10.17,4.12
mask_413,120.42,9.19,3.29
mask_414,252.4,14.52,4.36
mask_415,298.07,15.07,4.96
mask_416,170.44,10.24,4.18
mask_417,95.18,8.67,2.76
mask_418,115.75,8.24,3.53
mask_419,177.07,10.2,4.36
mask_420,198.38,12.89,3.86
mask_421,286.47,13.32,5.4
mask_422,178.25,16.42,2.72
mask_423,239.0,14.58,4.12
mask_424,249.23,15.72,3.98
mask_425,269.2,14.24,4.75
mask_426,161.89,10.0,4.06
mask_427,247.12,12.82,4.84
mask_428,150.12,8.8,4.28
mask_429,130.19,11.44,2.86
mask_430,143.14,11.0,3.27
mask_431,203.5,9.78,5.22
mask_432,161.84,11.55,3.52
mask_433,196.49,10.36,4.76
mask_434,158.87,11.52,3.46
mask_435,162.06,9.38,4.34
mask_436,179.77,12.72,3.55
mask_437,146.16,10.09,3.64
mask_438,168.49,9.44,4.48
mask_439,169.48,10.83,3.93
mask_440,196.76,10.48,4.72
mask_441,149.24,9.58,3.91
mask_442,229.87,12.13,4.76
mask_443,221.54,11.09,5.01
mask_444,120.86,7.64,3.97
mask_445,125.32,9.02,3.49
mask_446,243.13,12.68,4.81
mask_447,302.47,15.15,5.01
mask_448,125.37,8.86,3.55
mask_449,146.82,7.37,5.0
mask_450,212.77,12.62,4.23
mask_451,281.08,14.0,5.04
mask_452,176.69,9.7,4.57
mask_453,160.08,8.24,4.88
mask_454,265.9,13.83,4.83
mask_455,373.31,15.7,5.97
mask_456,235.1,11.45,5.15
mask_457,221.1,11.13,4.99
mask_458,168.33,10.86,3.89
mask_459,194.51,11.46,4.26
mask_460,146.6,9.56,3.85
mask_461,183.51,9.94,4.63
mask_462,147.84,9.6,3.87
mask_463,161.34,7.93,5.1
mask_464,204.96,11.21,4.59
mask_465,220.03,13.41,4.12
mask_466,267.71,15.16,4.43
mask_467,125.7,7.95,3.97
mask_468,69.33,9.61,1.81
mask_469,170.09,9.36,4.56
mask_470,159.2,10.67,3.75
mask_471,180.65,10.06,4.51
mask_472,232.4,11.19,5.21
mask_473,216.34,11.53,4.71
mask_474,216.31,12.33,4.41
mask_475,98.26,6.98,3.54
mask_476,159.58,9.99,4.01
mask_477,95.07,7.37,3.24
mask_478,195.55,10.86,4.52
mask_479,191.68,12.93,3.72
mask_480,240.65,12.49,4.84
mask_481,291.69,17.06,4.29
mask_482,106.12,11.76,2.27
mask_483,122.73,9.4,3.28
mask_484,240.82,11.41,5.3
mask_485,156.89,9.79,4.02
mask_486,216.4,11.24,4.83
mask_487,191.21,15.18,3.16
mask_488,131.15,7.75,4.25
mask_489,165.47,9.08,4.57
mask_490,160.57,11.26,3.58
mask_491,257.65,12.92,5.01
mask_492,99.3,7.81,3.19
mask_493,138.52,9.53,3.65
mask_494,148.66,9.79,3.81
mask_495,154.94,13.89,2.8
mask_496,176.41,9.6,4.61
mask_497,109.42,8.36,3.29
mask_498,216.89,11.8,4.62
mask_499,240.71,13.42,4.5
mask_500,115.2,9.42,3.07
mask_501,211.86,12.49,4.26
MaskID,Area(mm^2),Length(mm),Width(mm)
mask_0,366.82,15.58,5.91
mask_1,370.95,15.55,5.99
mask_2,420.01,16.87,6.25
mask_3,330.41,15.6,5.32
mask_4,372.54,15.34,6.1
mask_5,403.34,17.23,5.88
mask_6,361.38,15.28,5.94
mask_7,346.31,15.1,5.76
mask_8,388.27,16.69,5.84
mask_9,353.95,15.33,5.8
mask_10,391.3,16.61,5.91
mask_11,398.83,17.19,5.82
mask_12,396.74,15.67,6.36
mask_13,386.73,16.39,5.92
mask_14,317.6,14.61,5.46
mask_15,399.77,15.42,6.51
mask_16,363.66,16.45,5.55
mask_17,272.5,14.14,4.84
mask_18,376.72,16.37,5.78
mask_19,379.69,15.69,6.07
mask_20,303.19,14.29,5.33
mask_21,389.37,16.37,5.97
mask_22,307.59,14.77,5.23
mask_23,437.77,18.06,6.08
mask_24,395.81,17.14,5.8
mask_25,365.5,16.88,5.44
mask_26,377.71,16.7,5.68
mask_27,383.38,16.61,5.79
mask_28,321.83,14.31,5.65
mask_29,319.91,12.73,6.31
mask_30,347.57,15.42,5.66
mask_31,404.66,15.38,6.61
mask_32,359.4,13.99,6.45
mask_33,364.13,14.83,6.16
mask_34,350.13,15.33,5.73
mask_35,381.4,15.72,6.09
mask_36,413.41,17.29,6.0
mask_37,351.39,14.29,6.17
mask_38,413.85,15.68,6.62
mask_39,305.96,16.13,4.76
mask_40,370.75,16.33,5.7
mask_41,407.47,17.16,5.96
mask_42,388.88,14.61,6.68
mask_43,316.66,15.03,5.29
mask_44,386.07,14.6,6.64
mask_45,357.31,15.12,5.93
mask_46,345.81,15.13,5.74
mask_47,359.4,14.34,6.29
mask_48,371.5,15.25,6.11
mask_49,358.74,15.73,5.72
mask_50,395.97,16.11,6.17
mask_51,328.71,15.07,5.47
mask_52,428.45,15.92,6.75
mask_53,336.79,13.97,6.05
mask_54,273.65,14.54,4.72
mask_55,374.8,15.13,6.22
mask_56,393.75,16.35,6.05
mask_57,317.49,13.76,5.79
mask_58,334.79,14.73,5.7
mask_59,316.14,15.21,5.22
mask_60,343.56,14.64,5.89
mask_61,340.42,15.77,5.42
mask_62,308.36,12.47,6.21
mask_63,332.28,15.73,5.3
mask_64,329.59,16.57,4.99
mask_65,278.33,14.04,4.98
mask_66,307.75,13.84,5.58
mask_67,423.06,16.27,6.53
mask_68,444.45,18.1,6.16
mask_69,333.93,14.62,5.73
mask_70,371.22,16.12,5.78
mask_71,355.44,14.91,5.98
mask_72,322.22,13.91,5.81
mask_73,305.77,16.12,4.76
mask_74,290.65,15.29,4.77
mask_75,364.62,15.73,5.82
mask_76,264.3,14.39,4.61
mask_77,360.0,15.96,5.66
mask_78,291.2,15.67,4.67
mask_79,388.36,13.76,7.08
mask_80,387.23,15.22,6.39
mask_81,359.43,14.11,6.39
mask_82,367.26,14.98,6.15
mask_83,352.85,16.11,5.5
mask_84,310.01,14.59,5.33
mask_85,319.08,15.77,5.08
mask_86,287.38,15.46,4.67
mask_87,337.95,13.65,6.21
mask_88,247.64,14.39,4.32
mask_89,348.26,17.01,5.14
mask_90,480.34,17.94,6.72
mask_91,254.13,12.91,4.94
mask_92,415.0,16.42,6.34
mask_93,326.56,14.59,5.62
mask_94,403.45,15.48,6.54
mask_95,224.9,13.22,4.27
mask_96,347.46,14.37,6.07
mask_97,444.84,16.77,6.66
mask_98,366.55,17.85,5.16
mask_99,333.13,14.39,5.81
mask_100,360.99,16.38,5.53
mask_101,370.67,15.02,6.2
mask_102,334.68,14.74,5.7
mask_103,363.08,16.23,5.62
mask_104,345.45,16.74,5.18
mask_105,331.79,16.01,5.2
mask_106,387.23,16.04,6.06
mask_107,355.41,14.19,6.29
mask_108,285.81,12.25,5.86
mask_109,367.62,16.45,5.61
mask_110,359.45,17.17,5.26
mask_111,389.32,16.7,5.85
mask_112,358.11,17.47,5.15
mask_113,313.03,13.31,5.9
mask_114,309.57,13.43,5.79
mask_115,369.41,16.41,5.65
mask_116,323.32,13.46,6.03
mask_117,230.92,15.12,3.83
mask_118,379.75,16.06,5.94
mask_119,342.24,15.47,5.55
mask_120,313.56,13.59,5.79
mask_121,255.23,12.89,4.97
mask_122,314.08,13.79,5.72
mask_123,354.42,14.08,6.32
mask_124,320.93,13.73,5.87
mask_125,317.1,17.7,4.5
mask_126,280.33,15.77,4.46
mask_127,282.62,11.28,6.29
mask_128,414.23,17.9,5.81
mask_129,286.11,15.15,4.74
mask_130,302.75,13.01,5.84
mask_131,333.6,14.24,5.88
mask_132,307.26,15.62,4.94
mask_133,398.23,17.93,5.57
mask_134,342.1,15.36,5.59
mask_135,417.04,13.5,7.75
mask_136,327.5,14.29,5.75
mask_137,252.12,13.6,4.65
mask_138,373.81,14.14,6.63
mask_139,331.29,14.18,5.87
mask_140,307.2,15.1,5.11
mask_141,218.71,11.4,4.81
mask_142,243.1,12.39,4.92
mask_143,254.79,14.5,4.41
mask_144,358.63,14.57,6.18
mask_145,346.03,15.97,5.44
mask_146,315.54,13.65,5.8
mask_147,372.21,20.39,4.58
mask_148,359.56,15.85,5.69
mask_149,264.25,12.95,5.12
mask_150,271.18,14.19,4.8
mask_151,291.53,15.25,4.8
mask_152,289.16,13.36,5.43
mask_153,280.33,16.25,4.33
mask_154,415.28,16.47,6.33
mask_155,212.41,14.89,3.58
mask_156,228.0,13.57,4.22
mask_157,258.23,12.14,5.34
mask_158,315.84,19.6,4.05
mask_159,330.0,15.44,5.37
mask_160,246.4,15.26,4.05
mask_161,291.58,10.72,6.83
mask_162,279.84,14.87,4.72
mask_163,330.36,12.95,6.4
mask_164,263.23,14.17,4.66
mask_165,235.18,15.92,3.71
mask_166,347.05,14.93,5.83
mask_167,270.66,12.07,5.63
mask_168,216.29,12.49,4.35
mask_169,325.96,14.64,5.59
mask_170,309.07,16.52,4.7
mask_171,304.95,16.42,4.66
mask_172,388.66,16.12,6.05
mask_173,255.59,11.85,5.41
mask_174,233.83,13.65,4.3
mask_175,314.79,16.85,4.69
mask_176,293.75,16.76,4.4
mask_177,401.53,15.66,6.44
mask_178,231.08,13.28,4.37
mask_179,193.68,12.21,3.98
mask_180,361.74,17.09,5.31
mask_181,293.01,17.24,4.27
mask_182,239.94,10.44,5.77
mask_183,317.95,16.02,4.98
mask_184,298.81,16.09,4.66
mask_185,309.13,19.96,3.89
mask_186,300.05,17.86,4.22
mask_187,194.15,15.36,3.17
mask_188,205.4,9.68,5.33
mask_189,234.63,9.55,6.16
mask_190,344.27,14.44,5.99
mask_191,256.19,15.0,4.29
mask_192,278.36,15.87,4.4
mask_193,190.52,9.57,5.0
mask_194,313.75,23.43,3.36
mask_195,8.91,1.5,1.5
mask_196,229.98,11.6,4.98
mask_197,277.69,18.07,3.86
MaskID,Area(mm^2),Length(mm),Width(mm)
mask_0,120.64,7.8,3.88
mask_1,103.43,8.02,3.24
mask_2,94.52,6.75,3.52
mask_3,102.0,7.82,3.27
mask_4,121.14,7.69,3.95
mask_5,93.31,7.61,3.08
mask_6,104.58,7.81,3.36
mask_7,95.51,7.35,3.26
mask_8,119.65,7.79,3.86
mask_9,77.63,6.7,2.91
mask_10,83.19,6.56,3.18
mask_11,105.02,7.28,3.62
mask_12,100.57,6.51,3.88
mask_13,90.67,6.73,3.38
mask_14,96.39,7.46,3.24
mask_15,104.2,7.87,3.32
mask_16,87.59,5.43,4.05
mask_17,84.45,7.39,2.87
mask_18,110.74,7.0,3.97
mask_19,108.21,8.08,3.36
mask_20,111.02,7.18,3.88
mask_21,105.19,7.69,3.43
mask_22,97.16,7.51,3.25
mask_23,114.15,8.21,3.49
mask_24,80.27,7.64,2.64
mask_25,136.81,8.48,4.05
mask_26,106.73,8.08,3.32
mask_27,78.95,7.11,2.79
mask_28,96.17,7.07,3.42
mask_29,107.61,7.62,3.55
mask_30,98.42,7.29,3.39
mask_31,84.84,6.57,3.24
mask_32,87.67,9.13,2.41
mask_33,74.88,5.64,3.33
mask_34,79.83,7.86,2.55
mask_35,84.95,6.57,3.24
mask_36,88.14,6.0,3.68
mask_37,95.34,7.29,3.28
mask_38,94.79,7.93,3.0
mask_39,84.73,6.44,3.3
mask_40,103.32,7.1,3.65
mask_41,81.43,6.39,3.2
mask_42,89.9,7.22,3.13
mask_43,103.59,7.9,3.29
mask_44,84.34,6.28,3.37
mask_45,125.76,8.44,3.74
mask_46,92.87,7.2,3.24
mask_47,78.68,6.59,3.0
mask_48,77.96,6.84,2.86
mask_49,97.54,6.57,3.73
mask_50,94.57,7.87,3.02
mask_51,84.86,7.54,2.83
mask_52,92.32,5.96,3.89
mask_53,105.41,6.77,3.91
mask_54,70.92,6.41,2.78
mask_55,99.19,8.53,2.92
mask_56,79.06,7.42,2.68
mask_57,85.06,6.6,3.23
mask_58,62.01,5.83,2.67
mask_59,90.01,7.18,3.15
mask_60,91.82,6.51,3.54
mask_61,79.56,6.42,3.11
mask_62,69.16,7.05,2.46
mask_63,93.69,7.56,3.11
mask_64,88.58,7.24,3.07
mask_65,64.98,5.9,2.76
mask_66,88.3,7.81,2.84
mask_67,70.37,6.68,2.65
mask_68,94.52,7.47,3.18
mask_69,90.12,7.29,3.1
mask_70,78.73,6.22,3.18
MaskID,Area(mm^2),Length(mm),Width(mm)
mask_0,236.91,11.88,5.01
mask_1,249.56,13.65,4.59
mask_2,282.29,12.29,5.76
mask_3,260.67,12.59,5.2
mask_4,248.9,12.83,4.87
mask_5,306.02,13.87,5.54
mask_6,228.22,11.43,5.01
mask_7,263.12,13.05,5.06
mask_8,333.22,15.84,5.28
mask_9,192.64,11.09,4.36
mask_10,242.63,12.66,4.81
mask_11,230.86,11.94,4.85
mask_12,295.93,15.14,4.91
mask_13,192.36,11.82,4.08
mask_14,242.74,13.3,4.58
mask_15,276.79,14.54,4.78
mask_16,165.3,10.57,3.92
mask_17,325.9,15.72,5.2
mask_18,248.52,12.39,5.04
mask_19,261.77,14.54,4.52
mask_20,290.37,12.99,5.61
mask_21,309.62,17.58,4.42
mask_22,301.92,14.59,5.2
mask_23,309.13,14.35,5.41
mask_24,173.72,8.96,4.87
mask_25,253.85,11.73,5.43
mask_26,213.65,11.06,4.85
mask_27,180.26,11.62,3.89
mask_28,222.12,11.0,5.07
mask_29,261.61,12.76,5.15
mask_30,268.15,15.26,4.41
mask_31,260.01,12.92,5.05
mask_32,281.85,14.53,4.87
mask_33,297.82,14.78,5.06
mask_34,209.19,11.17,4.7
mask_35,205.95,13.03,3.97
mask_36,220.03,13.68,4.04
mask_37,246.1,12.45,4.96
mask_38,305.11,13.75,5.57
mask_39,156.06,11.03,3.55
mask_40,211.34,10.07,5.27
mask_41,234.33,13.97,4.21
mask_42,261.17,11.72,5.6
mask_43,204.6,11.98,4.29
mask_44,281.63,13.85,5.1
mask_45,203.42,11.37,4.49
mask_46,264.69,12.39,5.36
mask_47,248.68,12.35,5.06
mask_48,254.71,13.62,4.7
mask_49,211.75,11.98,4.44
mask_50,220.41,11.3,4.89
mask_51,227.29,12.51,4.56
mask_52,262.68,15.45,4.27
mask_53,240.82,13.48,4.48
mask_54,238.45,13.38,4.47
mask_55,279.37,12.95,5.41
mask_56,266.01,13.27,5.03
mask_57,229.24,11.64,4.95
mask_58,269.64,14.25,4.75
mask_59,310.28,13.83,5.63
mask_60,211.06,13.86,3.82
mask_61,183.43,10.37,4.44
mask_62,238.07,13.6,4.39
mask_63,225.64,11.83,4.79
mask_64,198.5,13.47,3.7
mask_65,173.11,10.11,4.3
mask_66,283.96,14.79,4.82
mask_67,287.9,13.97,5.17
mask_68,280.25,13.72,5.13
mask_69,214.66,12.86,4.19
mask_70,252.59,13.43,4.72
mask_71,223.91,13.06,4.3
mask_72,223.49,11.82,4.74
mask_73,201.44,12.4,4.08
mask_74,151.77,9.82,3.88
mask_75,298.18,14.47,5.17
mask_76,199.57,11.56,4.33
mask_77,122.9,10.97,2.81
mask_78,208.04,11.44,4.56
mask_79,215.19,11.66,4.63
mask_80,237.9,14.38,4.15
mask_81,169.54,10.04,4.24
mask_82,228.88,13.01,4.42
mask_83,239.55,13.12,4.58
mask_84,269.03,14.87,4.54
mask_85,233.17,13.66,4.28
mask_86,233.83,11.89,4.94
mask_87,245.49,12.05,5.11
mask_88,274.04,12.85,5.35
mask_89,102.99,7.58,3.41
mask_90,235.78,12.05,4.91
mask_91,179.77,12.97,3.48
mask_92,225.58,10.99,5.15
mask_93,186.37,11.57,4.04
mask_94,208.37,11.5,4.55
mask_95,135.0,10.71,3.16
mask_96,238.45,12.09,4.95
mask_97,134.94,10.69,3.17
mask_98,102.55,8.22,3.13
mask_99,271.89,13.74,4.97
mask_100,283.17,13.92,5.11
mask_101,323.76,17.74,4.58
mask_102,312.35,14.05,5.58
mask_103,132.96,9.85,3.39
mask_104,301.48,14.75,5.13
mask_105,250.33,13.82,4.55
mask_106,210.18,12.3,4.29
mask_107,144.13,10.27,3.52
mask_108,256.33,12.51,5.14
mask_109,154.91,9.21,4.22
mask_110,248.49,12.61,4.95
mask_111,187.52,10.35,4.55
mask_112,248.27,12.9,4.83
mask_113,212.05,10.87,4.9
mask_114,251.98,11.71,5.4
mask_115,199.07,9.91,5.04
mask_116,286.91,16.19,4.45
mask_117,260.18,11.85,5.51
mask_118,250.91,16.48,3.82
mask_119,219.97,12.88,4.29
mask_120,196.05,13.72,3.59
mask_121,281.57,13.28,5.32
mask_122,273.87,13.69,5.02
mask_123,169.65,10.46,4.07
mask_124,227.23,12.03,4.74
mask_125,198.19,12.21,4.07
mask_126,203.64,10.93,4.68
mask_127,353.68,16.55,5.37
mask_128,169.15,10.2,4.16
mask_129,228.61,11.98,4.79
mask_130,271.15,13.15,5.18
mask_131,320.38,14.71,5.47
mask_132,261.19,12.41,5.28
mask_133,240.32,12.24,4.93
mask_134,306.65,13.65,5.64
mask_135,243.4,15.41,3.97
mask_136,179.0,11.6,3.87
mask_137,279.15,13.28,5.28
mask_138,253.52,10.83,5.87
mask_139,256.0,13.09,4.91
mask_140,273.41,15.23,4.51
mask_141,284.87,13.09,5.46
mask_142,124.44,9.29,3.36
mask_143,272.0,13.97,4.89
mask_144,152.35,8.84,4.32
mask_145,220.47,12.19,4.54
mask_146,188.62,11.17,4.24
mask_147,226.16,12.0,4.73
mask_148,119.54,7.9,3.8
mask_149,199.18,10.6,4.72
mask_150,200.12,10.53,4.77
mask_151,202.92,9.71,5.25
mask_152,261.22,12.35,5.31
mask_153,286.52,14.38,5.0
mask_154,207.62,11.2,4.65
mask_155,177.21,10.81,4.12
mask_156,247.61,12.46,4.99
mask_157,134.17,9.12,3.69
mask_158,169.21,10.6,4.01
mask_159,294.66,14.3,5.17
mask_160,214.91,11.68,4.62
mask_161,226.96,12.33,4.62
mask_162,235.92,12.53,4.73
mask_163,225.03,10.48,5.39
mask_164,169.59,10.49,4.06
mask_165,286.36,14.01,5.13
mask_166,219.59,11.15,4.94
mask_167,139.4,9.78,3.58
mask_168,152.96,10.04,3.83
mask_169,118.39,7.43,4.0
mask_170,122.57,8.9,3.46
mask_171,187.52,11.88,3.96
mask_172,225.58,11.55,4.9
mask_173,156.17,10.51,3.73
mask_174,160.13,10.41,3.86
mask_175,125.32,9.41,3.34
mask_176,151.17,9.67,3.93
mask_177,243.13,13.2,4.62
mask_178,114.43,9.94,2.89
mask_179,224.98,13.38,4.22
mask_180,263.97,12.9,5.14
mask_181,171.35,10.33,4.16
mask_182,161.73,9.3,4.37
mask_183,249.97,12.87,4.87
mask_184,223.71,11.67,4.81
mask_185,224.54,13.87,4.06
mask_186,200.23,12.05,4.17
mask_187,153.64,8.99,4.29
mask_188,236.86,12.36,4.81
mask_189,158.48,9.59,4.15
mask_190,210.68,12.86,4.11
mask_191,203.88,14.03,3.65
mask_192,265.79,13.58,4.91
mask_193,202.87,9.57,5.32
mask_194,266.45,13.91,4.81
mask_195,274.75,13.55,5.09
mask_196,252.97,12.51,5.08
mask_197,181.69,11.93,3.82
mask_198,117.01,9.27,3.17
mask_199,269.58,12.84,5.27
mask_200,227.78,11.74,4.87
mask_201,231.06,14.14,4.1
mask_202,96.22,10.0,2.42
mask_203,120.09,7.75,3.89
mask_204,184.99,11.38,4.08
mask_205,236.88,13.36,4.45
mask_206,257.98,11.36,5.7
mask_207,134.12,9.25,3.64
mask_208,171.46,8.2,5.25
mask_209,222.23,11.89,4.69
mask_210,144.84,8.7,4.18
mask_211,172.78,11.14,3.89
mask_212,287.21,13.51,5.34
mask_213,247.47,14.22,4.37
mask_214,298.4,12.71,5.9
mask_215,152.65,10.02,3.83
mask_216,235.37,13.14,4.5
mask_217,169.04,10.34,4.1
mask_218,146.49,9.41,3.91
mask_219,237.0,12.69,4.69
mask_220,249.62,11.61,5.4
mask_221,214.53,11.96,4.5
mask_222,234.66,10.75,5.48
mask_223,132.08,9.37,3.54
mask_224,255.34,11.09,5.78
mask_225,165.33,10.47,3.96
mask_226,214.86,11.55,4.67
mask_227,199.13,12.66,3.95
mask_228,149.08,8.5,4.4
mask_229,203.91,12.04,4.25
mask_230,226.96,11.36,5.01
mask_231,166.29,9.3,4.49
mask_232,144.57,9.29,3.91
mask_233,221.04,11.26,4.93
mask_234,202.7,11.53,4.41
mask_235,101.61,8.53,2.99
mask_236,140.06,10.15,3.46
mask_237,232.18,12.45,4.68
mask_238,245.88,12.94,4.77
mask_239,197.59,11.76,4.22
mask_240,187.25,9.89,4.75
mask_241,177.68,8.7,5.12
mask_242,290.43,14.41,5.06
mask_243,165.41,10.41,3.99
mask_244,268.7,16.83,4.01
mask_245,254.84,14.04,4.56
mask_246,254.79,12.94,4.94
mask_247,227.12,14.24,4.0
mask_248,213.98,11.12,4.83
mask_249,170.25,12.36,3.46
mask_250,121.25,8.82,3.45
mask_251,163.16,9.53,4.3
mask_252,198.14,11.0,4.52
mask_253,217.5,11.33,4.82
mask_254,179.11,11.22,4.01
mask_255,203.09,12.72,4.01
mask_256,159.42,11.38,3.51
mask_257,142.09,9.23,3.86
mask_258,196.52,12.76,3.86
mask_259,228.11,12.76,4.49
mask_260,204.08,12.88,3.98
mask_261,269.2,13.21,5.12
mask_262,190.88,11.09,4.32
mask_263,178.81,13.66,3.29
mask_264,135.27,9.9,3.43
mask_265,220.08,10.62,5.2
mask_266,241.09,11.19,5.41
mask_267,125.32,9.88,3.19
mask_268,227.4,11.69,4.88
mask_269,184.28,11.71,3.95
mask_270,276.43,18.9,3.67
mask_271,198.03,9.95,5.0
mask_272,107.61,7.4,3.65
mask_273,320.51,16.21,4.96
mask_274,291.03,13.57,5.38
mask_275,196.93,10.28,4.81
mask_276,188.24,9.27,5.1
mask_277,257.7,11.27,5.74
mask_278,308.14,14.85,5.21
mask_279,172.4,11.21,3.86
mask_280,163.6,8.29,4.95
mask_281,130.05,8.26,3.95
mask_282,263.42,13.91,4.75
mask_283,154.63,11.35,3.42
mask_284,207.68,11.46,4.55
mask_285,211.34,12.76,4.16
mask_286,180.7,13.02,3.49
mask_287,216.4,10.2,5.33
mask_288,146.88,8.03,4.59
mask_289,148.09,9.6,3.87
mask_290,227.78,11.21,5.1
mask_291,91.66,8.6,2.68
mask_292,242.74,13.14,4.64
mask_293,164.7,10.03,4.12
mask_294,219.2,10.62,5.18
mask_295,234.93,12.02,4.91
mask_296,78.07,6.49,3.02
mask_297,203.78,13.78,3.71
mask_298,219.2,12.63,4.36
mask_299,206.17,11.65,4.44
mask_300,215.08,10.19,5.3
mask_301,140.39,8.23,4.28
mask_302,195.11,10.33,4.74
mask_303,196.38,11.05,4.46
mask_304,183.18,10.33,4.45
mask_305,91.0,7.26,3.15
mask_306,223.71,12.64,4.44
mask_307,208.78,11.07,4.73
mask_308,129.06,11.06,2.93
mask_309,253.11,15.18,4.18
mask_310,194.12,10.38,4.69
mask_311,111.02,6.86,4.06
mask_312,157.99,10.38,3.82
mask_313,135.38,9.61,3.53
mask_314,282.78,13.03,5.45
mask_315,176.55,10.25,4.32
mask_316,211.56,10.41,5.1
mask_317,188.84,10.22,4.64
mask_318,142.97,8.18,4.39
mask_319,208.42,11.85,4.42
mask_320,184.0,10.33,4.47
mask_321,149.08,9.4,3.98
mask_322,120.06,9.02,3.34
mask_323,149.68,11.62,3.23
mask_324,262.43,13.72,4.8
mask_325,180.76,11.12,4.08
mask_326,130.65,10.2,3.21
mask_327,196.82,9.91,4.99
mask_328,264.27,12.09,5.49
mask_329,271.62,14.43,4.72
mask_330,244.56,12.35,4.97
mask_331,201.16,10.26,4.92
mask_332,222.83,15.43,3.63
mask_333,166.18,11.84,3.52
mask_334,154.74,10.19,3.81
mask_335,204.85,11.57,4.45
mask_336,90.78,6.0,3.8
mask_337,84.62,6.38,3.33
mask_338,288.64,14.84,4.88
mask_339,219.09,15.3,3.6
mask_340,227.62,11.7,4.88
mask_341,143.03,10.93,3.28
mask_342,125.32,8.52,3.69
mask_343,235.48,13.55,4.36
mask_344,185.93,9.0,5.19
mask_345,232.79,10.73,5.45
mask_346,202.34,15.12,3.36
mask_347,86.76,6.35,3.43
mask_348,173.33,10.64,4.09
mask_349,117.78,8.64,3.42
mask_350,247.8,10.93,5.69
mask_351,122.68,10.94,2.82
mask_352,178.72,11.73,3.83
mask_353,227.4,13.59,4.2
mask_354,172.23,11.15,3.88
mask_355,201.88,13.4,3.78
mask_356,155.13,11.04,3.53
mask_357,202.7,11.54,4.41
mask_358,218.32,9.56,5.73
mask_359,208.97,9.62,5.45
mask_360,151.88,14.2,2.68
mask_361,142.26,9.6,3.72
mask_362,144.46,7.83,4.63
mask_363,214.8,11.62,4.64
mask_364,140.33,8.9,3.96
mask_365,195.39,12.33,3.98
mask_366,120.37,10.42,2.9
mask_367,144.29,9.09,3.98
mask_368,114.81,7.71,3.74
mask_369,177.57,8.91,5.0
mask_370,281.96,13.51,5.24
mask_371,164.26,8.53,4.83
mask_372,257.15,16.97,3.8
mask_373,208.53,10.36,5.05
mask_374,129.33,9.12,3.56
mask_375,127.63,7.47,4.29
mask_376,134.83,9.19,3.68
mask_377,227.95,14.47,3.96
mask_378,152.32,10.75,3.56
mask_379,163.43,10.38,3.95
mask_380,218.27,13.46,4.07
mask_381,120.59,7.34,4.12
mask_382,227.12,13.12,4.35
mask_383,202.76,10.56,4.82
mask_384,252.7,13.17,4.82
mask_385,218.38,12.22,4.49
mask_386,147.59,10.24,3.62
mask_387,122.4,6.56,4.68
mask_388,170.36,9.82,4.35
mask_389,248.3,12.96,4.81
mask_390,234.91,9.62,6.13
mask_391,101.01,8.86,2.86
mask_392,189.5,11.89,4.0
mask_393,161.51,10.13,4.0
mask_394,163.93,12.58,3.27
mask_395,117.73,8.69,3.4
mask_396,104.31,8.3,3.15
mask_397,287.84,13.53,5.34
mask_398,199.27,11.18,4.47
mask_399,189.17,11.78,4.03
mask_400,221.13,11.25,4.93
mask_401,225.86,11.05,5.13
mask_402,183.51,9.87,4.67
mask_403,192.97,11.45,4.23
mask_404,191.65,11.14,4.32
mask_405,263.26,14.64,4.51
mask_406,216.56,12.03,4.52
mask_407,197.53,9.91,5.0
mask_408,183.18,12.62,3.64
mask_409,174.54,11.64,3.77
mask_410,183.18,11.02,4.17
mask_411,129.88,8.46,3.85
mask_412,227.07,13.29,4.29
mask_413,250.66,11.26,5.59
mask_414,246.54,12.13,5.1
mask_415,102.82,7.85,3.29
mask_416,193.96,11.46,4.25
mask_417,174.98,10.89,4.03
mask_418,110.08,7.86,3.52
mask_419,92.1,7.59,3.05
mask_420,164.81,9.67,4.28
mask_421,116.02,8.02,3.63
mask_422,143.14,9.26,3.88
mask_423,159.03,10.95,3.65
mask_424,180.98,14.35,3.17
mask_425,157.88,10.6,3.74
mask_426,257.87,14.12,4.59
mask_427,231.19,12.02,4.83
mask_428,232.02,14.12,4.12
mask_429,125.98,9.23,3.43
mask_430,169.92,8.38,5.09
mask_431,121.74,8.25,3.7
mask_432,164.75,10.54,3.93
mask_433,132.63,9.75,3.42
mask_434,244.17,12.59,4.87
mask_435,142.31,11.35,3.15
mask_436,195.11,10.52,4.66
mask_437,166.95,9.73,4.31
mask_438,205.45,12.08,4.27
mask_439,201.33,12.8,3.95
mask_440,218.21,10.59,5.17
mask_441,223.96,11.94,4.71
mask_442,228.0,11.5,4.98
mask_443,188.9,11.84,4.0
mask_444,163.43,8.82,4.65
mask_445,117.12,8.25,3.56
mask_446,177.13,12.99,3.42
mask_447,215.79,14.03,3.86
mask_448,216.09,13.54,4.01
mask_449,185.6,11.03,4.22
mask_450,222.34,10.59,5.27
mask_451,176.96,10.02,4.43
mask_452,161.18,9.52,4.25
mask_453,182.85,10.02,4.58
mask_454,85.44,7.45,2.88
mask_455,114.98,8.9,3.24
mask_456,191.15,12.34,3.89
mask_457,112.56,9.17,3.08
mask_458,177.29,9.53,4.67
mask_459,112.72,7.99,3.54
mask_460,107.61,8.05,3.36
mask_461,190.99,10.34,4.64
mask_462,159.31,9.66,4.14
mask_463,133.13,9.5,3.52
mask_464,180.76,10.1,4.49
mask_465,223.77,10.97,5.12
mask_466,257.81,14.24,4.54
mask_467,151.39,9.38,4.05
mask_468,129.5,7.41,4.38
mask_469,186.92,13.45,3.49
mask_470,77.96,7.01,2.79
mask_471,192.36,13.0,3.72
mask_472,115.31,7.8,3.71
mask_473,124.38,8.44,3.7
mask_474,162.61,10.31,3.96
mask_475,195.06,9.31,5.26
mask_476,134.83,8.45,4.0
mask_477,177.35,10.26,4.34
mask_478,186.92,10.62,4.42
mask_479,128.56,9.44,3.42
mask_480,101.23,6.19,4.1
mask_481,166.07,10.93,3.81
mask_482,137.58,9.75,3.54
mask_483,238.65,12.96,4.62
mask_484,195.0,11.52,4.25
mask_485,155.02,9.8,3.97
mask_486,199.29,11.51,4.35
mask_487,158.26,10.11,3.93
mask_488,192.53,10.08,4.8
mask_489,114.21,7.41,3.87
mask_490,118.83,8.9,3.35
mask_491,184.33,10.07,4.6
mask_492,195.61,10.65,4.61
mask_493,247.09,12.39,5.01
mask_494,197.04,10.78,4.59
mask_495,115.64,7.49,3.88
mask_496,167.56,11.57,3.64
mask_497,203.86,12.63,4.05
mask_498,127.3,7.2,4.44
MaskID,Area(mm^2),Length(mm),Width(mm)
mask_0,404.11,16.94,5.99
mask_1,345.43,14.7,5.9
mask_2,418.3,16.6,6.32
mask_3,325.24,13.71,5.95
mask_4,373.7,15.57,6.02
mask_5,381.64,15.98,6.0
mask_6,400.29,15.27,6.58
mask_7,375.84,16.36,5.77
mask_8,441.24,17.62,6.28
mask_9,391.19,16.09,6.1
mask_10,357.72,14.92,6.02
mask_11,407.55,15.53,6.59
mask_12,468.85,18.14,6.49
mask_13,422.45,18.73,5.66
mask_14,354.94,14.98,5.95
mask_15,372.43,16.84,5.55
mask_16,406.42,16.51,6.18
mask_17,324.58,14.19,5.74
mask_18,386.16,16.87,5.75
mask_19,340.92,15.76,5.43
mask_20,415.28,17.57,5.93
mask_21,386.76,14.88,6.53
mask_22,400.92,17.39,5.79
mask_23,356.15,14.68,6.09
mask_24,359.56,15.75,5.73
mask_25,335.17,13.96,6.03
mask_26,346.33,14.44,6.02
mask_27,372.6,14.8,6.32
mask_28,461.26,17.16,6.75
mask_29,341.52,14.44,5.94
mask_30,392.73,16.15,6.11
mask_31,322.88,15.42,5.26
mask_32,388.11,17.02,5.72
mask_33,322.96,13.74,5.9
mask_34,377.88,15.73,6.03
mask_35,343.45,14.75,5.84
mask_36,409.61,16.55,6.21
mask_37,451.69,16.46,6.89
mask_38,387.92,15.32,6.36
mask_39,337.18,13.19,6.42
mask_40,373.92,15.45,6.08
mask_41,412.42,16.5,6.27
mask_42,433.04,16.83,6.46
mask_43,419.4,16.72,6.29
mask_44,443.69,17.81,6.25
mask_45,326.18,13.5,6.06
mask_46,359.12,15.63,5.77
mask_47,442.06,17.79,6.24
mask_48,334.7,13.19,6.37
mask_49,433.1,16.08,6.76
MaskID,Area(mm^2),Length(mm),Width(mm)
mask_0,233.17,12.8,4.57
mask_1,140.77,9.29,3.81
mask_2,138.13,10.49,3.31
MaskID,Area(mm^2),Length(mm),Width(mm)
mask_0,292.24,14.12,5.19
mask_1,284.93,13.96,5.12
mask_2,235.98,13.72,4.32
mask_3,292.63,13.62,5.39
mask_4,233.69,13.4,4.38
mask_5,260.07,15.75,4.14
mask_6,250.77,12.74,4.94
mask_7,271.18,13.01,5.23
mask_8,254.4,11.22,5.69
mask_9,253.69,13.31,4.79
mask_10,215.24,13.19,4.1
mask_11,288.92,13.71,5.29
mask_12,271.56,14.34,4.75
mask_13,271.67,13.04,5.23
mask_14,203.64,13.82,3.7
mask_15,323.37,13.74,5.91
mask_16,243.79,12.42,4.93
mask_17,224.15,13.18,4.27
mask_18,237.57,11.21,5.32
mask_19,265.29,13.87,4.8
mask_20,246.32,12.04,5.14
mask_21,272.17,12.42,5.5
mask_22,241.37,14.2,4.27
mask_23,314.85,13.78,5.74
mask_24,220.14,12.79,4.32
mask_25,199.79,11.52,4.35
mask_26,185.93,10.49,4.45
mask_27,226.35,11.82,4.81
mask_28,215.3,11.78,4.59
mask_29,237.63,13.19,4.52
mask_30,168.88,11.27,3.76
mask_31,238.78,11.94,5.02
mask_32,253.63,13.1,4.86
mask_33,266.17,14.06,4.75
mask_34,218.38,10.95,5.01
mask_35,311.05,14.99,5.21
mask_36,270.85,12.92,5.26
mask_37,229.82,12.89,4.48
mask_38,282.23,13.53,5.24
mask_39,239.44,13.6,4.42
mask_40,248.49,12.82,4.87
mask_41,256.0,11.32,5.68
mask_42,216.12,11.04,4.91
mask_43,196.6,11.29,4.37
mask_44,269.31,13.78,4.91
mask_45,178.83,8.74,5.13
mask_46,184.83,10.1,4.59
mask_47,222.17,13.19,4.23
mask_48,212.55,11.2,4.76
mask_49,236.03,12.98,4.56
mask_50,166.57,9.64,4.34
mask_51,236.64,12.83,4.63
mask_52,222.03,11.6,4.8
mask_53,240.76,11.46,5.27
mask_54,270.52,12.65,5.37
mask_55,182.02,10.62,4.3
mask_56,294.06,13.04,5.66
mask_57,204.74,10.77,4.77
mask_58,180.04,9.52,4.75
mask_59,262.07,13.67,4.81
mask_60,264.3,12.92,5.14
mask_61,217.72,10.96,4.98
mask_62,212.71,10.53,5.07
mask_63,246.7,11.59,5.34
mask_64,227.12,13.63,4.18
mask_65,309.68,14.61,5.32
mask_66,256.52,15.22,4.23
mask_67,238.62,11.77,5.09
mask_68,195.66,13.25,3.71
mask_69,254.73,12.79,5.0
mask_70,234.85,13.75,4.29
mask_71,166.4,10.24,4.08
mask_72,258.36,13.62,4.76
mask_73,155.73,9.37,4.17
mask_74,310.56,14.4,5.42
mask_75,232.51,12.8,4.56
mask_76,276.18,13.43,5.16
mask_77,210.84,15.48,3.42
mask_78,181.47,8.82,5.17
mask_79,154.96,10.08,3.86
mask_80,262.82,12.84,5.14
mask_81,216.53,12.93,4.2
mask_82,274.2,14.02,4.91
mask_83,264.03,12.5,5.3
mask_84,229.24,12.36,4.66
mask_85,276.35,11.57,6.0
mask_86,303.68,15.99,4.77
mask_87,297.8,14.97,4.99
mask_88,175.26,11.74,3.75
mask_89,243.73,10.97,5.58
mask_90,227.4,9.78,5.84
mask_91,360.5,16.75,5.4
mask_92,112.78,9.36,3.02
mask_93,258.31,12.41,5.22
mask_94,319.36,14.17,5.66
mask_95,208.04,11.53,4.53
mask_96,245.99,12.57,4.91
mask_97,271.62,12.44,5.48
mask_98,290.21,16.38,4.45
mask_99,201.05,11.87,4.25
mask_100,187.52,12.24,3.84
mask_101,224.04,12.74,4.42
mask_102,193.63,9.95,4.89
mask_103,188.73,11.24,4.22
mask_104,229.87,13.53,4.27
mask_105,228.97,14.02,4.1
mask_106,237.46,11.36,5.25
mask_107,224.98,12.15,4.65
mask_108,271.29,13.7,4.97
mask_109,238.78,13.03,4.6
mask_110,231.3,11.78,4.93
mask_111,283.61,13.51,5.27
mask_112,203.53,12.46,4.1
mask_113,298.81,15.01,5.0
mask_114,271.89,15.67,4.35
mask_115,268.54,14.65,4.6
mask_116,220.8,10.2,5.43
mask_117,311.0,15.46,5.05
mask_118,260.29,15.13,4.32
mask_119,235.65,11.21,5.28
mask_120,210.38,10.67,4.95
mask_121,178.72,13.22,3.39
mask_122,272.06,15.1,4.52
mask_123,181.91,11.44,3.99
mask_124,191.76,9.41,5.11
mask_125,233.94,13.06,4.5
mask_126,186.28,8.06,5.8
mask_127,253.6,12.67,5.02
mask_128,251.65,12.62,5.0
mask_129,256.05,12.0,5.36
mask_130,243.02,13.22,4.61
mask_131,209.41,12.1,4.34
mask_132,171.79,9.98,4.32
mask_133,202.98,11.11,4.59
mask_134,203.64,12.74,4.01
mask_135,152.71,10.94,3.51
mask_136,270.19,11.86,5.72
mask_137,204.02,12.05,4.25
mask_138,192.75,15.1,3.21
mask_139,168.44,9.64,4.39
mask_140,98.56,7.48,3.31
mask_141,277.94,14.29,4.88
mask_142,169.65,9.63,4.42
mask_143,170.09,10.56,4.04
mask_144,186.53,11.73,3.99
mask_145,243.95,13.51,4.53
mask_146,224.34,11.6,4.85
mask_147,180.24,10.81,4.18
mask_148,233.83,12.5,4.7
mask_149,203.14,11.92,4.28
mask_150,163.93,9.69,4.25
mask_151,239.77,12.64,4.76
mask_152,239.17,11.81,5.08
mask_153,225.53,12.17,4.65
mask_154,224.26,12.31,4.57
mask_155,203.44,12.64,4.04
mask_156,213.59,10.58,5.07
mask_157,196.27,11.82,4.17
mask_158,248.32,14.96,4.17
mask_159,273.95,13.05,5.27
mask_160,259.41,13.52,4.82
mask_161,207.54,10.53,4.95
mask_162,200.5,10.67,4.72
mask_163,182.57,8.98,5.1
mask_164,239.83,14.57,4.13
mask_165,226.41,13.26,4.29
mask_166,255.75,14.45,4.44
mask_167,263.81,14.01,4.73
mask_168,151.33,9.09,4.18
mask_169,217.0,13.64,3.99
mask_170,123.78,8.92,3.48
mask_171,122.62,9.71,3.17
mask_172,297.82,15.34,4.87
mask_173,126.8,9.47,3.36
mask_174,269.47,13.97,4.84
mask_175,255.06,12.75,5.02
mask_176,270.38,13.07,5.19
mask_177,94.57,7.97,2.98
mask_178,208.2,11.08,4.72
mask_179,165.19,9.57,4.33
mask_180,85.39,7.64,2.81
mask_181,276.18,13.66,5.08
mask_182,256.38,13.05,4.93
mask_183,241.26,13.92,4.35
mask_184,277.12,14.08,4.94
mask_185,277.61,14.07,4.95
mask_186,234.77,12.96,4.55
mask_187,211.83,10.96,4.85
mask_188,239.72,12.79,4.71
mask_189,195.11,12.45,3.93
mask_190,138.57,9.92,3.51
mask_191,285.89,12.45,5.76
mask_192,173.77,9.88,4.42
mask_193,224.81,12.44,4.54
mask_194,192.97,11.42,4.24
mask_195,189.89,11.84,4.03
mask_196,120.53,8.41,3.6
mask_197,274.09,12.15,5.66
mask_198,177.24,9.64,4.62
mask_199,211.94,9.29,5.73
mask_200,220.91,11.58,4.79
mask_201,321.28,14.42,5.59
mask_202,238.23,11.58,5.16
mask_203,133.4,10.06,3.33
mask_204,266.12,14.0,4.77
mask_205,235.51,13.48,4.39
mask_206,153.53,8.96,4.3
mask_207,139.73,8.6,4.08
mask_208,137.86,8.53,4.06
mask_209,103.81,9.81,2.66
mask_210,119.98,7.55,3.99
mask_211,196.29,14.91,3.3
mask_212,152.82,9.73,3.94
mask_213,174.82,12.17,3.61
mask_214,200.34,10.97,4.58
mask_215,137.42,9.37,3.68
mask_216,139.18,9.43,3.7
mask_217,242.66,13.88,4.39
mask_218,196.27,10.9,4.52
mask_219,183.67,9.54,4.83
mask_220,64.87,7.06,2.31
mask_221,183.23,11.48,4.01
mask_222,219.26,10.97,5.02
mask_223,183.84,11.73,3.93
mask_224,237.85,12.12,4.93
mask_225,191.32,11.74,4.09
mask_226,200.28,10.7,4.7
mask_227,209.91,12.3,4.28
mask_228,148.91,10.97,3.41
mask_229,190.11,12.6,3.79
mask_230,319.52,15.83,5.07
mask_231,137.64,10.03,3.44
mask_232,205.84,12.65,4.08
mask_233,177.68,9.37,4.76
mask_234,224.21,11.57,4.87
mask_235,213.65,11.24,4.77
mask_236,158.54,9.82,4.05
mask_237,254.87,13.57,4.72
mask_238,227.53,23.05,2.48
mask_239,118.77,8.61,3.46
mask_240,213.04,11.24,4.76
mask_241,241.42,14.06,4.31
mask_242,112.34,9.43,2.99
mask_243,190.35,8.45,5.66
mask_244,148.25,8.37,4.45
mask_245,135.33,8.32,4.08
mask_246,185.71,9.44,4.94
mask_247,233.61,13.14,4.46
mask_248,219.75,12.35,4.47
mask_249,231.8,11.62,5.01
mask_250,238.34,13.1,4.57
mask_251,215.9,10.81,5.02
mask_252,147.98,10.76,3.45
mask_253,207.49,10.88,4.79
mask_254,197.53,14.3,3.47
mask_255,200.61,10.68,4.71
mask_256,187.69,10.76,4.38
mask_257,195.66,10.09,4.87
mask_258,216.89,12.11,4.5
mask_259,236.03,12.83,4.62
mask_260,190.0,11.78,4.05
mask_261,219.42,11.6,4.75
mask_262,164.97,9.93,4.17
mask_263,81.54,6.14,3.33
mask_264,139.45,10.45,3.35
mask_265,197.04,10.13,4.88
mask_266,132.19,8.63,3.85
mask_267,278.0,13.13,5.31
mask_268,116.19,7.25,4.02
mask_269,152.21,8.99,4.25
mask_270,151.17,8.37,4.53
mask_271,157.35,9.45,4.18
mask_272,261.63,13.56,4.84
mask_273,100.9,10.35,2.45
mask_274,175.64,10.61,4.16
mask_275,135.82,9.28,3.67
mask_276,137.42,9.15,3.77
mask_277,225.2,12.32,4.59
mask_278,112.45,8.49,3.32
mask_279,238.45,11.98,5.0
mask_280,177.4,9.7,4.59
mask_281,259.19,13.08,4.98
mask_282,138.74,10.43,3.34
mask_283,94.19,8.12,2.91
mask_284,192.8,12.49,3.88
mask_285,173.72,8.75,4.99
mask_286,125.98,8.35,3.79
mask_287,251.71,11.78,5.36
mask_288,106.64,7.45,3.59
mask_289,111.24,8.31,3.36
mask_290,140.17,10.8,3.26
mask_291,245.05,12.12,5.07
mask_292,208.59,14.36,3.65
mask_293,148.36,10.38,3.59
mask_294,166.4,9.94,4.2
mask_295,205.95,10.27,5.03
mask_296,278.11,13.02,5.36
mask_297,154.74,10.5,3.7
mask_298,154.25,10.04,3.86
mask_299,173.06,9.64,4.51
mask_300,137.03,7.01,4.91
mask_301,215.08,13.25,4.07
mask_302,233.45,12.39,4.73
mask_303,182.46,10.9,4.2
mask_304,327.42,15.58,5.27
mask_305,105.05,8.36,3.15
mask_306,182.41,10.31,4.44
mask_307,189.17,10.77,4.41
mask_308,132.58,9.11,3.65
mask_309,260.89,14.3,4.58
mask_310,212.55,12.37,4.31
mask_311,133.04,9.45,3.53
mask_312,199.02,11.63,4.3
mask_313,228.99,13.34,4.31
mask_314,179.88,10.42,4.33
mask_315,339.32,16.41,5.19
mask_316,143.74,9.45,3.82
mask_317,142.48,8.49,4.21
mask_318,197.59,12.1,4.1
mask_319,218.93,11.35,4.84
mask_320,120.42,7.17,4.21
mask_321,286.47,13.08,5.5
mask_322,144.79,10.39,3.5
mask_323,235.46,12.42,4.76
mask_324,168.82,8.65,4.9
mask_325,221.62,9.76,5.7
mask_326,203.64,15.63,3.27
mask_327,240.87,11.94,5.07
mask_328,246.98,12.35,5.02
mask_329,191.98,11.83,4.07
mask_330,163.82,8.01,5.13
mask_331,220.19,13.37,4.13
mask_332,215.63,13.41,4.04
mask_333,243.95,12.6,4.86
mask_334,254.51,11.98,5.33
mask_335,206.72,11.38,4.56
mask_336,123.72,9.61,3.23
mask_337,178.23,11.05,4.05
mask_338,174.1,11.19,3.91
mask_339,211.61,9.96,5.33
mask_340,161.73,9.52,4.27
mask_341,129.94,8.91,3.66
mask_342,215.79,11.53,4.7
mask_343,139.01,8.55,4.08
mask_344,125.65,7.81,4.04
mask_345,86.54,6.8,3.19
mask_346,216.84,11.98,4.54
mask_347,106.84,7.95,3.37
mask_348,201.82,11.21,4.52
mask_349,224.76,12.86,4.39
mask_350,217.55,11.61,4.7
mask_351,260.15,14.02,4.66
mask_352,239.11,12.88,4.66
mask_353,212.11,11.28,4.72
mask_354,102.0,8.38,3.06
mask_355,138.9,8.89,3.92
mask_356,219.37,11.27,4.89
mask_357,208.26,10.09,5.18
mask_358,146.05,11.44,3.21
mask_359,204.41,13.08,3.92
mask_360,171.74,9.85,4.38
mask_361,155.73,9.25,4.23
mask_362,129.99,9.57,3.41
mask_363,279.26,12.43,5.64
mask_364,169.54,9.83,4.33
mask_365,171.68,10.93,3.94
mask_366,120.53,8.69,3.48
mask_367,114.48,8.01,3.59
mask_368,227.67,12.64,4.52
mask_369,153.86,9.46,4.08
mask_370,178.61,10.6,4.23
mask_371,121.63,9.36,3.26
mask_372,126.97,8.06,3.95
mask_373,161.89,8.86,4.59
mask_374,232.35,10.51,5.55
mask_375,192.03,11.16,4.32
mask_376,155.29,11.06,3.52
mask_377,132.3,9.88,3.36
mask_378,220.14,11.83,4.67
mask_379,223.27,13.7,4.09
mask_380,174.76,9.68,4.53
mask_381,241.42,12.18,4.98
mask_382,259.46,15.44,4.22
mask_383,278.11,15.43,4.52
mask_384,153.04,9.82,3.91
mask_385,164.26,9.98,4.13
mask_386,139.84,8.07,4.35
mask_387,140.33,9.03,3.9
mask_388,231.8,12.74,4.57
mask_389,170.5,8.67,4.94
mask_390,148.64,10.77,3.46
mask_391,240.87,11.56,5.23
mask_392,130.32,7.54,4.34
mask_393,150.45,9.34,4.04
mask_394,172.45,20.83,2.08
mask_395,170.97,12.15,3.53
mask_396,140.94,7.44,4.76
mask_397,231.58,14.03,4.14
mask_398,195.5,10.12,4.85
mask_399,89.84,6.49,3.48
mask_400,275.11,12.95,5.33
mask_401,227.18,12.36,4.61
mask_402,220.5,12.95,4.28
mask_403,230.2,13.02,4.44
mask_404,81.98,7.36,2.8
mask_405,233.83,11.92,4.92
mask_406,193.41,10.4,4.67
mask_407,249.45,12.39,5.06
mask_408,111.84,8.32,3.38
mask_409,109.92,8.95,3.08
mask_410,91.55,7.01,3.28
mask_411,122.02,8.86,3.46
mask_412,169.32,7.87,5.4
mask_413,118.99,7.21,4.14
mask_414,157.69,11.67,3.39
mask_415,166.24,9.48,4.4
mask_416,49.72,4.55,2.07
mask_417,178.45,10.82,4.14
mask_418,132.41,10.14,3.28
mask_419,136.98,9.16,3.76
mask_420,135.55,9.1,3.74
mask_421,182.19,11.0,4.16
mask_422,228.77,12.36,4.65
mask_423,206.28,9.64,5.37
mask_424,153.09,9.76,3.94
mask_425,148.58,10.43,3.57
mask_426,189.09,10.0,4.74
mask_427,91.49,8.76,2.62
mask_428,170.64,8.11,5.28
mask_429,190.16,11.58,4.12
mask_430,185.84,11.25,4.15
mask_431,165.91,10.54,3.95
mask_432,162.55,10.14,4.02
mask_433,157.27,6.64,5.94
mask_434,233.83,12.9,4.55
mask_435,139.18,9.97,3.5
mask_436,93.14,7.13,3.28
mask_437,223.99,12.37,4.55
mask_438,119.38,8.42,3.56
mask_439,89.07,7.18,3.11
mask_440,140.99,8.22,4.31
mask_441,201.88,10.04,5.05
mask_442,184.39,10.02,4.62
mask_443,155.73,9.36,4.18
mask_444,146.05,9.51,3.85
mask_445,90.34,7.51,3.02
mask_446,105.74,6.38,4.16
mask_447,183.43,11.35,4.06
mask_448,235.21,14.59,4.05
mask_449,148.91,12.33,3.03
mask_450,196.96,9.68,5.11
mask_451,235.76,16.14,3.67
mask_452,149.24,8.63,4.34
mask_453,241.15,14.36,4.21
mask_454,181.64,11.42,3.99
mask_455,60.09,5.88,2.57
mask_456,151.99,10.44,3.65
mask_457,214.56,12.24,4.4
mask_458,108.1,8.56,3.17
mask_459,221.02,13.74,4.04
mask_460,108.93,8.33,3.28
mask_461,148.58,9.78,3.81
mask_462,103.54,7.37,3.53
mask_463,168.16,10.13,4.17
mask_464,181.97,10.62,4.3
mask_465,91.82,9.83,2.35
mask_466,137.53,8.96,3.85
mask_467,118.99,9.25,3.23
mask_468,174.82,10.97,4.0
mask_469,188.02,11.35,4.16
mask_470,204.9,11.65,4.42
MaskID,Area(mm^2),Length(mm),Width(mm)
mask_0,238.51,12.81,4.67
mask_1,296.86,14.04,5.31
mask_2,281.96,15.24,4.64
mask_3,197.2,13.02,3.8
mask_4,266.86,13.83,4.84
mask_5,220.91,11.28,4.91
mask_6,190.27,11.98,3.99
mask_7,189.72,11.6,4.1
mask_8,213.04,12.66,4.22
mask_9,197.53,12.68,3.91
mask_10,166.95,10.0,4.19
mask_11,173.11,11.35,3.83
mask_12,166.62,11.37,3.68
mask_13,202.7,11.37,4.48
mask_14,178.39,10.72,4.18
mask_15,169.32,9.42,4.51
mask_16,170.91,9.59,4.47
mask_17,185.65,11.09,4.2
mask_18,173.33,10.16,4.28
mask_19,147.48,9.42,3.93
mask_20,138.96,10.49,3.33
mask_21,263.2,13.26,4.98
mask_22,128.56,9.27,3.48
mask_23,203.8,14.38,3.56
mask_24,186.2,9.91,4.72
mask_25,160.54,9.86,4.09
mask_26,171.57,11.39,3.78
mask_27,163.71,10.93,3.76
mask_28,157.38,10.52,3.76
mask_29,127.3,9.16,3.49
mask_30,128.18,8.41,3.82
mask_31,217.94,12.86,4.25
mask_32,247.75,13.96,4.45
mask_33,173.17,10.08,4.31
MaskID,Area(mm^2),Length(mm),Width(mm)
mask_0,217.83,11.68,4.68
mask_1,283.19,13.53,5.26
mask_2,260.62,14.53,4.5
mask_3,185.82,11.6,4.02
mask_4,262.43,13.5,4.88
mask_5,249.45,13.71,4.57
mask_6,246.9,12.8,4.84
mask_7,230.53,13.73,4.22
mask_8,279.32,14.27,4.91
mask_9,259.02,13.33,4.88
mask_10,287.51,14.65,4.93
mask_11,230.31,12.59,4.59
mask_12,345.7,15.44,5.62
mask_13,323.43,14.92,5.44
mask_14,221.51,12.44,4.47
mask_15,266.97,14.83,4.52
mask_16,247.47,12.32,5.04
mask_17,226.82,13.19,4.32
mask_18,245.11,13.33,4.62
mask_19,271.34,12.4,5.49
mask_20,264.66,12.75,5.21
mask_21,252.15,12.93,4.9
mask_22,227.65,12.15,4.7
mask_23,217.99,11.45,4.78
mask_24,303.68,16.35,4.66
mask_25,246.24,12.88,4.8
mask_26,295.71,15.67,4.74
mask_27,255.23,15.93,4.02
mask_28,196.13,11.23,4.38
mask_29,175.75,12.39,3.56
mask_30,162.39,11.28,3.61
mask_31,182.08,11.55,3.96
mask_32,164.7,9.27,4.46
mask_33,231.96,12.14,4.8
mask_34,197.48,9.82,5.05
mask_35,222.5,11.86,4.71
mask_36,240.35,12.18,4.95
mask_37,212.47,10.29,5.19
mask_38,139.56,9.21,3.8
mask_39,229.43,12.29,4.69
mask_40,215.08,10.85,4.97
mask_41,255.47,13.42,4.78
mask_42,284.43,12.6,5.67
mask_43,239.0,10.97,5.47
mask_44,242.52,12.24,4.97
mask_45,297.8,13.41,5.58
mask_46,174.43,10.56,4.15
mask_47,188.02,9.47,4.98
mask_48,209.52,12.22,4.3
mask_49,235.59,12.55,4.71
mask_50,265.79,14.0,4.77
mask_51,270.35,12.75,5.32
mask_52,343.06,16.27,5.29
mask_53,229.24,12.29,4.68
mask_54,181.42,11.36,4.01
mask_55,269.03,12.38,5.46
mask_56,186.64,9.73,4.82
mask_57,298.68,14.97,5.01
mask_58,208.78,11.51,4.55
mask_59,147.26,9.55,3.87
mask_60,222.61,12.21,4.58
mask_61,226.68,12.71,4.48
mask_62,245.41,13.23,4.65
mask_63,251.76,14.48,4.37
mask_64,237.63,14.28,4.18
mask_65,194.29,11.42,4.27
mask_66,231.74,12.94,4.5
mask_67,280.42,13.95,5.05
mask_68,251.27,13.52,4.67
mask_69,198.52,13.85,3.6
mask_70,232.29,11.97,4.87
mask_71,138.35,7.99,4.35
mask_72,233.06,11.32,5.17
mask_73,207.65,11.68,4.46
mask_74,232.57,12.81,4.56
mask_75,157.77,9.72,4.08
mask_76,215.96,11.78,4.6
mask_77,222.94,11.4,4.91
mask_78,215.41,12.28,4.4
mask_79,215.08,10.87,4.97
mask_80,269.8,13.08,5.18
mask_81,139.29,7.79,4.49
mask_82,248.3,14.88,4.19
mask_83,232.13,11.69,4.98
mask_84,308.91,14.03,5.53
mask_85,237.99,13.24,4.51
mask_86,264.47,12.1,5.48
mask_87,181.69,10.27,4.44
mask_88,207.43,10.98,4.74
mask_89,246.76,11.17,5.54
mask_90,217.5,10.61,5.14
mask_91,245.57,12.72,4.85
mask_92,222.45,10.16,5.49
mask_93,217.77,11.25,4.86
mask_94,141.21,7.54,4.7
mask_95,185.6,11.08,4.21
mask_96,257.54,13.22,4.89
mask_97,215.46,11.6,4.66
mask_98,128.01,9.41,3.41
mask_99,227.23,13.76,4.15
mask_100,263.86,17.55,3.77
mask_101,209.6,12.54,4.19
mask_102,113.66,10.17,2.8
mask_103,250.99,13.03,4.83
mask_104,212.88,10.76,4.96
mask_105,160.9,10.66,3.79
mask_106,236.97,12.69,4.69
mask_107,227.07,11.96,4.77
mask_108,259.24,13.85,4.7
mask_109,173.83,10.9,4.0
mask_110,239.75,12.3,4.89
mask_111,143.69,8.86,4.07
mask_112,204.63,11.02,4.66
mask_113,139.78,9.68,3.62
mask_114,164.81,10.78,3.84
mask_115,222.34,11.53,4.84
mask_116,233.89,13.94,4.21
mask_117,172.12,12.0,3.6
mask_118,146.66,9.55,3.86
mask_119,232.02,10.95,5.32
mask_120,155.29,9.07,4.3
mask_121,223.22,11.71,4.79
mask_122,210.02,14.79,3.56
mask_123,218.05,12.57,4.35
mask_124,176.96,11.67,3.81
mask_125,138.3,9.03,3.84
mask_126,234.99,12.21,4.83
mask_127,231.14,13.37,4.34
mask_128,188.57,9.37,5.05
mask_129,131.2,8.45,3.9
mask_130,248.35,11.94,5.22
mask_131,173.44,12.41,3.51
mask_132,256.82,13.14,4.91
mask_133,211.01,11.84,4.47
mask_134,187.3,11.08,4.24
mask_135,152.98,8.27,4.64
mask_136,203.25,12.92,3.95
mask_137,230.42,12.48,4.63
mask_138,284.32,13.46,5.3
mask_139,168.99,9.66,4.39
mask_140,160.46,8.43,4.78
mask_141,237.85,14.19,4.21
mask_142,185.76,11.1,4.2
mask_143,112.23,7.89,3.57
mask_144,242.3,12.84,4.74
mask_145,200.23,11.01,4.57
mask_146,150.07,8.01,4.7
mask_147,209.96,10.48,5.03
mask_148,172.18,9.26,4.67
mask_149,276.9,15.43,4.51
mask_150,281.96,14.05,5.04
mask_151,209.58,11.56,4.55
mask_152,242.3,10.82,5.62
mask_153,191.59,12.46,3.86
mask_154,242.08,12.04,5.05
mask_155,145.34,8.91,4.09
mask_156,167.78,10.15,4.15
mask_157,229.82,11.75,4.91
mask_158,216.04,11.91,4.55
mask_159,234.0,13.87,4.23
mask_160,216.67,10.32,5.27
mask_161,251.49,12.77,4.94
mask_162,156.01,10.98,3.57
mask_163,269.47,11.66,5.8
mask_164,227.78,12.78,4.47
mask_165,232.04,12.34,4.72
mask_166,206.11,12.1,4.28
mask_167,162.5,8.32,4.9
mask_168,234.6,11.77,5.01
mask_169,228.83,11.53,4.98
mask_170,179.05,12.61,3.56
mask_171,215.05,10.8,5.0
mask_172,174.27,8.59,5.09
mask_173,230.53,12.82,4.51
mask_174,157.0,11.41,3.45
mask_175,157.16,9.69,4.07
mask_176,189.56,11.62,4.09
mask_177,141.82,8.96,3.97
mask_178,164.92,12.17,3.4
mask_179,132.19,9.45,3.51
mask_180,179.99,9.29,4.86
mask_181,228.33,11.42,5.02
mask_182,137.03,9.61,3.58
mask_183,246.37,13.25,4.67
mask_184,277.45,12.76,5.46
mask_185,194.34,10.6,4.6
mask_186,194.73,10.45,4.68
mask_187,114.43,9.8,2.93
mask_188,235.46,11.22,5.27
mask_189,257.87,15.76,4.11
mask_190,190.11,11.04,4.32
mask_191,233.34,9.65,6.07
mask_192,166.65,11.52,3.63
mask_193,162.99,10.95,3.74
mask_194,147.59,9.43,3.93
mask_195,262.32,13.96,4.72
mask_196,219.01,11.05,4.98
mask_197,208.31,9.9,5.28
mask_198,154.96,11.66,3.34
mask_199,286.08,14.5,4.95
mask_200,177.29,12.4,3.59
mask_201,242.06,12.07,5.04
mask_202,217.66,12.8,4.27
mask_203,142.59,9.48,3.77
mask_204,271.07,12.16,5.59
mask_205,191.92,11.54,4.17
mask_206,182.3,11.48,3.99
mask_207,199.46,11.84,4.23
mask_208,97.87,9.24,2.66
mask_209,171.24,10.91,3.94
mask_210,148.64,12.1,3.08
mask_211,252.75,12.19,5.21
mask_212,168.44,9.66,4.38
mask_213,120.2,7.89,3.82
mask_214,124.44,8.63,3.62
mask_215,187.91,11.38,4.14
mask_216,182.08,11.78,3.88
mask_217,239.28,11.92,5.04
mask_218,181.8,12.63,3.61
mask_219,148.2,11.3,3.29
mask_220,199.57,9.36,5.35
mask_221,166.68,10.24,4.09
mask_222,161.78,12.03,3.38
mask_223,190.88,11.09,4.32
mask_224,132.91,8.81,3.79
mask_225,227.12,12.21,4.67
mask_226,209.14,10.11,5.19
mask_227,145.56,9.78,3.74
mask_228,176.74,8.58,5.17
mask_229,170.36,10.43,4.1
mask_230,211.5,11.7,4.54
mask_231,134.39,8.11,4.16
mask_232,270.3,12.3,5.52
mask_233,199.51,11.0,4.55
mask_234,284.6,14.17,5.04
mask_235,200.17,12.93,3.88
mask_236,217.28,11.07,4.93
mask_237,113.55,9.61,2.96
mask_238,208.97,12.35,4.25
mask_239,268.48,12.25,5.5
mask_240,240.79,11.47,5.27
mask_241,186.86,10.31,4.55
mask_242,100.46,7.56,3.34
mask_243,230.97,12.79,4.53
mask_244,179.27,13.13,3.43
mask_245,184.06,8.46,5.46
mask_246,232.95,11.79,4.96
mask_247,231.11,10.2,5.69
mask_248,133.68,9.15,3.67
mask_249,191.7,10.32,4.66
mask_250,128.12,8.4,3.83
mask_251,78.18,6.73,2.92
mask_252,248.57,13.53,4.61
mask_253,151.94,7.47,5.11
mask_254,188.02,11.47,4.12
mask_255,146.33,9.66,3.8
mask_256,232.18,15.19,3.84
mask_257,267.22,14.31,4.69
mask_258,272.99,12.97,5.28
mask_259,157.38,11.4,3.47
mask_260,178.23,10.08,4.44
mask_261,144.13,9.58,3.78
mask_262,132.8,12.3,2.71
mask_263,177.13,8.13,5.47
mask_264,144.24,8.73,4.15
mask_265,60.75,5.91,2.58
mask_266,216.09,10.68,5.08
mask_267,195.06,10.09,4.85
mask_268,221.46,9.7,5.73
mask_269,181.75,11.9,3.84
mask_270,124.0,8.93,3.49
mask_271,178.39,10.1,4.43
mask_272,155.4,9.7,4.02
mask_273,152.49,9.61,3.98
mask_274,174.54,9.7,4.52
mask_275,157.99,9.02,4.4
mask_276,115.03,9.12,3.17
mask_277,85.94,5.62,3.84
mask_278,211.72,10.29,5.17
mask_279,150.07,10.14,3.72
mask_280,144.57,9.82,3.7
mask_281,212.44,12.59,4.24
mask_282,208.4,10.36,5.05
mask_283,144.68,10.82,3.36
mask_284,197.59,11.49,4.32
mask_285,96.28,8.89,2.72
mask_286,188.18,11.6,4.07
mask_287,138.46,10.24,3.39
mask_288,127.57,13.32,2.4
mask_289,136.76,9.09,3.78
mask_290,126.36,8.28,3.83
mask_291,136.65,9.29,3.69
mask_292,140.5,8.1,4.36
mask_293,214.42,11.53,4.67
mask_294,176.14,10.02,4.41
mask_295,175.86,11.09,3.98
mask_296,201.03,10.21,4.94
mask_297,124.49,7.96,3.93
mask_298,125.54,9.98,3.16
mask_299,231.08,14.38,4.03
mask_300,246.32,13.87,4.46
mask_301,216.4,9.86,5.51
mask_302,272.11,15.06,4.54
mask_303,172.73,11.96,3.63
mask_304,193.79,13.28,3.66
mask_305,199.57,12.2,4.11
mask_306,158.37,8.92,4.46
mask_307,76.15,6.13,3.12
mask_308,163.6,10.79,3.81
mask_309,125.32,9.56,3.29
mask_310,199.29,9.58,5.22
mask_311,192.25,8.98,5.37
mask_312,159.53,9.71,4.12
mask_313,145.94,9.1,4.03
mask_314,165.85,9.34,4.46
mask_315,129.83,9.11,3.58
mask_316,162.55,8.25,4.95
mask_317,171.02,10.75,3.99
MaskID,Area(mm^2),Length(mm),Width(mm)
mask_0,285.92,13.93,5.15
mask_1,319.36,14.84,5.4
mask_2,229.82,12.67,4.55
mask_3,292.13,14.22,5.16
mask_4,210.1,11.13,4.74
mask_5,211.12,11.03,4.81
mask_6,253.14,13.46,4.72
mask_7,241.7,13.81,4.39
mask_8,244.23,11.75,5.22
mask_9,252.48,13.79,4.6
mask_10,241.64,13.53,4.48
mask_11,256.88,12.37,5.21
mask_12,230.31,13.78,4.2
mask_13,228.53,11.27,5.09
mask_14,271.62,11.66,5.85
mask_15,240.49,13.85,4.36
mask_16,235.92,12.12,4.89
mask_17,277.17,12.3,5.66
mask_18,236.22,11.88,4.99
mask_19,236.69,12.31,4.83
mask_20,216.45,13.1,4.15
mask_21,217.44,12.23,4.46
mask_22,252.37,12.96,4.89
mask_23,233.06,12.58,4.65
mask_24,189.28,11.17,4.25
mask_25,235.87,11.22,5.28
mask_26,257.62,12.79,5.05
mask_27,277.25,13.77,5.05
mask_28,274.64,13.76,5.01
mask_29,244.56,11.82,5.19
mask_30,203.42,11.94,4.28
mask_31,199.18,11.08,4.51
mask_32,233.45,11.97,4.9
mask_33,261.66,14.99,4.38
mask_34,178.5,13.09,3.42
mask_35,231.63,12.91,4.5
mask_36,229.82,13.01,4.43
mask_37,272.42,13.35,5.12
mask_38,223.13,12.7,4.41
mask_39,112.89,9.1,3.11
mask_40,222.01,12.25,4.55
mask_41,258.8,13.84,4.69
mask_42,225.22,13.67,4.14
mask_43,216.56,10.79,5.04
mask_44,182.68,11.23,4.09
mask_45,142.7,9.67,3.71
mask_46,218.21,11.44,4.79
mask_47,270.52,13.79,4.92
mask_48,155.13,11.83,3.29
mask_49,162.99,10.44,3.92
mask_50,290.84,14.49,5.04
mask_51,283.72,13.28,5.36
mask_52,299.83,14.79,5.09
mask_53,187.69,11.61,4.06
mask_54,238.18,11.22,5.33
mask_55,238.45,11.61,5.16
mask_56,248.3,13.37,4.66
mask_57,222.67,12.33,4.53
mask_58,241.31,12.25,4.95
mask_59,183.23,12.24,3.76
mask_60,117.95,7.47,3.96
mask_61,256.33,12.44,5.17
mask_62,254.73,12.38,5.16
mask_63,282.78,14.75,4.81
mask_64,236.36,13.46,4.41
mask_65,267.6,13.06,5.14
mask_66,205.78,11.22,4.6
mask_67,212.52,10.24,5.21
mask_68,276.46,13.09,5.3
mask_69,276.32,14.96,4.64
mask_70,133.62,8.03,4.17
mask_71,280.42,12.72,5.53
mask_72,206.94,12.13,4.28
mask_73,254.98,13.35,4.79
mask_74,268.15,11.68,5.76
mask_75,241.7,11.89,5.1
mask_76,131.31,8.42,3.91
mask_77,180.98,9.7,4.68
mask_78,234.0,17.69,3.32
mask_79,177.07,10.17,4.37
mask_80,240.71,14.61,4.14
mask_81,222.5,12.31,4.54
mask_82,199.62,12.4,4.04
mask_83,207.54,10.93,4.77
mask_84,171.08,10.0,4.3
mask_85,266.61,12.15,5.51
mask_86,238.43,13.52,4.43
mask_87,237.52,13.63,4.37
mask_88,247.53,12.7,4.89
mask_89,214.56,9.98,5.39
mask_90,239.83,12.88,4.68
mask_91,169.59,12.19,3.49
mask_92,267.66,13.28,5.06
mask_93,194.51,12.5,3.91
mask_94,212.16,10.22,5.21
mask_95,171.52,9.84,4.38
mask_96,248.57,13.24,4.71
mask_97,171.85,10.19,4.23
mask_98,217.77,11.57,4.73
mask_99,222.5,12.28,4.55
mask_100,246.26,12.23,5.05
mask_101,171.24,11.57,3.71
mask_102,247.53,13.82,4.5
mask_103,296.31,14.0,5.31
mask_104,235.15,14.66,4.03
mask_105,302.28,17.13,4.43
mask_106,198.96,9.81,5.09
mask_107,138.9,9.14,3.82
mask_108,260.12,13.01,5.02
mask_109,286.52,13.29,5.41
mask_110,298.51,15.25,4.91
mask_111,289.71,13.74,5.29
mask_112,202.7,10.71,4.75
mask_113,197.92,9.73,5.1
mask_114,156.56,10.22,3.85
mask_115,144.29,14.54,2.49
mask_116,200.56,10.4,4.84
mask_117,183.4,8.12,5.67
mask_118,279.65,14.97,4.69
mask_119,201.93,11.35,4.47
mask_120,233.06,11.51,5.08
mask_121,249.78,13.32,4.71
mask_122,219.15,11.49,4.79
mask_123,252.42,12.63,5.02
mask_124,177.51,9.91,4.5
mask_125,184.99,11.08,4.19
mask_126,121.91,10.85,2.82
mask_127,151.0,9.62,3.94
mask_128,249.4,13.47,4.65
mask_129,253.19,14.7,4.32
mask_130,155.62,9.98,3.91
mask_131,226.74,10.75,5.3
mask_132,259.68,13.32,4.9
mask_133,112.56,9.11,3.1
mask_134,131.2,8.31,3.96
mask_135,118.99,8.59,3.48
mask_136,246.59,11.06,5.6
mask_137,181.53,12.63,3.61
mask_138,209.52,10.55,4.98
mask_139,226.74,12.11,4.7
mask_140,166.02,10.57,3.94
mask_141,150.07,10.72,3.51
mask_142,200.17,9.7,5.18
mask_143,194.84,10.2,4.79
mask_144,208.81,11.2,4.68
mask_145,247.31,15.53,4.0
mask_146,277.5,14.65,4.76
mask_147,223.6,12.13,4.63
mask_148,216.4,12.49,4.35
mask_149,184.99,11.59,4.01
mask_150,156.89,10.25,3.84
mask_151,197.26,11.58,4.28
mask_152,212.99,12.17,4.39
mask_153,191.21,10.74,4.47
mask_154,255.47,17.04,3.76
mask_155,279.65,13.59,5.17
mask_156,266.89,14.41,4.65
mask_157,189.45,11.71,4.06
mask_158,165.41,11.67,3.56
mask_159,242.85,13.97,4.36
mask_160,147.59,8.43,4.4
mask_161,120.15,8.57,3.52
mask_162,228.55,11.88,4.83
mask_163,221.68,11.99,4.64
mask_164,305.61,14.18,5.41
mask_165,175.64,10.75,4.1
mask_166,201.27,10.98,4.6
mask_167,246.7,13.11,4.73
mask_168,189.78,10.87,4.38
mask_169,206.44,11.51,4.5
mask_170,193.57,10.96,4.43
mask_171,161.51,10.3,3.94
mask_172,117.4,8.01,3.68
mask_173,228.33,11.23,5.11
mask_174,267.11,15.04,4.46
mask_175,148.36,8.31,4.48
mask_176,264.36,12.04,5.51
mask_177,184.5,8.66,5.35
mask_178,249.56,12.43,5.04
mask_179,242.63,11.74,5.19
mask_180,132.38,7.2,4.62
mask_181,209.3,11.39,4.61
mask_182,191.92,11.69,4.12
mask_183,224.54,11.8,4.78
mask_184,165.58,8.88,4.68
mask_185,125.37,8.03,3.92
mask_186,278.93,13.72,5.1
mask_187,137.42,10.35,3.33
mask_188,183.84,10.62,4.35
mask_189,113.05,7.92,3.58
mask_190,133.07,9.07,3.68
mask_191,239.22,12.5,4.8
mask_192,210.73,11.43,4.63
mask_193,167.06,9.51,4.41
mask_194,200.28,12.53,4.01
mask_195,246.24,14.09,4.39
mask_196,105.96,9.91,2.68
mask_197,232.07,12.69,4.59
mask_198,199.46,11.13,4.5
mask_199,250.28,10.78,5.83
mask_200,178.28,8.53,5.24
mask_201,234.6,11.31,5.21
mask_202,195.33,11.09,4.42
mask_203,198.0,14.0,3.55
mask_204,253.14,13.43,4.73
mask_205,160.68,9.73,4.14
mask_206,121.47,9.26,3.29
mask_207,305.88,14.09,5.45
mask_208,195.28,11.82,4.15
mask_209,164.64,9.96,4.15
mask_210,324.47,15.58,5.23
mask_211,126.47,9.52,3.34
mask_212,127.41,8.87,3.61
mask_213,238.95,12.33,4.86
mask_214,279.59,15.22,4.61
mask_215,240.43,13.12,4.6
mask_216,116.13,8.48,3.44
mask_217,176.41,9.76,4.54
mask_218,139.62,7.78,4.5
mask_219,235.54,15.1,3.92
mask_220,169.37,9.72,4.37
mask_221,225.47,11.96,4.73
mask_222,188.24,10.51,4.5
mask_223,190.0,12.6,3.78
mask_224,129.77,10.29,3.17
mask_225,213.92,12.12,4.43
mask_226,212.05,10.87,4.9
mask_227,227.43,11.7,4.88
mask_228,124.6,7.56,4.14
mask_229,211.83,12.01,4.43
mask_230,178.37,11.54,3.88
mask_231,204.68,9.82,5.23
mask_232,250.94,11.6,5.43
mask_233,172.97,11.93,3.64
mask_234,249.34,13.49,4.64
mask_235,115.42,8.93,3.24
mask_236,213.59,12.66,4.23
mask_237,131.42,10.39,3.18
mask_238,183.01,9.61,4.78
mask_239,174.93,11.03,3.98
mask_240,160.52,10.37,3.89
mask_241,193.79,11.62,4.19
mask_242,253.8,14.28,4.46
mask_243,188.29,11.64,4.06
mask_244,157.93,11.89,3.33
mask_245,227.78,11.9,4.8
mask_246,195.5,11.82,4.15
mask_247,143.85,10.01,3.61
mask_248,223.49,11.34,4.95
mask_249,217.55,13.07,4.18
mask_250,140.0,8.76,4.01
mask_251,143.52,9.13,3.95
mask_252,213.92,12.64,4.25
mask_253,233.78,12.76,4.6
mask_254,238.29,12.89,4.64
mask_255,159.09,8.21,4.86
mask_256,166.18,6.63,6.28
mask_257,152.65,10.63,3.6
mask_258,138.3,9.41,3.69
mask_259,127.02,9.73,3.28
mask_260,179.66,10.71,4.21
mask_261,119.1,8.4,3.56
mask_262,177.35,8.84,5.04
mask_263,162.99,8.49,4.82
mask_264,251.16,12.55,5.03
mask_265,172.89,10.67,4.07
mask_266,174.93,11.22,3.91
mask_267,243.57,12.96,4.72
mask_268,206.61,11.22,4.62
mask_269,150.78,11.37,3.33
mask_270,232.07,13.9,4.19
mask_271,219.64,20.04,2.75
mask_272,154.47,9.54,4.07
mask_273,214.64,11.82,4.56
mask_274,85.61,8.52,2.52
mask_275,212.11,9.93,5.36
mask_276,175.26,12.24,3.59
mask_277,178.39,10.24,4.37
mask_278,155.18,8.33,4.68
mask_279,315.62,13.69,5.79
mask_280,146.93,8.83,4.18
mask_281,177.79,10.97,4.07
mask_282,176.41,12.39,3.57
mask_283,166.35,11.39,3.67
mask_284,87.7,7.55,2.92
mask_285,245.82,15.1,4.09
mask_286,226.79,10.4,5.48
mask_287,136.87,8.25,4.17
mask_288,248.02,13.0,4.79
mask_289,116.02,8.49,3.43
mask_290,169.98,12.42,3.44
mask_291,258.58,15.57,4.17
mask_292,181.58,10.07,4.53
mask_293,141.21,9.08,3.9
mask_294,116.24,6.71,4.35
mask_295,259.79,13.17,4.95
mask_296,107.44,8.89,3.03
mask_297,216.43,12.72,4.27
mask_298,252.2,13.53,4.68
mask_299,185.82,11.12,4.2
mask_300,174.76,10.19,4.3
mask_301,257.59,13.23,4.89
mask_302,136.37,8.41,4.07
mask_303,102.93,8.07,3.2
mask_304,190.93,10.69,4.48
mask_305,143.25,9.35,3.85
mask_306,250.11,12.18,5.15
mask_307,195.99,11.66,4.22
mask_308,229.54,10.11,5.7
mask_309,138.85,10.39,3.36
mask_310,215.46,16.96,3.19
mask_311,210.62,10.84,4.88
mask_312,159.09,10.88,3.67
mask_313,170.31,7.82,5.46
mask_314,129.5,9.05,3.59
mask_315,157.33,8.9,4.44
mask_316,349.66,16.99,5.17
mask_317,195.53,11.52,4.26
mask_318,157.77,11.65,3.4
mask_319,156.23,8.37,4.69
mask_320,172.56,9.73,4.45
mask_321,180.7,12.04,3.77
mask_322,154.63,10.18,3.81
mask_323,191.98,10.71,4.5
mask_324,103.98,8.53,3.06
mask_325,265.02,11.0,6.05
mask_326,213.73,11.39,4.71
mask_327,224.48,11.16,5.05
mask_328,195.0,11.65,4.2
mask_329,165.72,9.39,4.43
mask_330,171.19,10.86,3.96
mask_331,89.95,8.37,2.7
mask_332,102.49,14.72,1.75
mask_333,169.81,11.02,3.87
mask_334,173.66,10.81,4.03
mask_335,111.95,7.02,4.0
mask_336,157.33,10.14,3.9
mask_337,163.49,8.3,4.94
mask_338,286.8,15.7,4.59
mask_339,173.0,9.39,4.63
mask_340,208.75,8.7,6.02
mask_341,232.13,12.04,4.84
mask_342,178.5,10.82,4.14
mask_343,241.06,12.96,4.67
mask_344,180.15,11.93,3.79
mask_345,203.14,12.3,4.14
mask_346,197.04,9.25,5.34
mask_347,119.54,9.01,3.33
mask_348,175.81,10.08,4.38
mask_349,264.03,15.29,4.33
mask_350,156.94,9.76,4.04
mask_351,137.42,9.44,3.65
mask_352,225.8,11.3,5.02
mask_353,115.42,6.53,4.44
mask_354,107.17,9.04,2.98
mask_355,162.58,9.03,4.52
mask_356,211.01,12.15,4.36
mask_357,174.6,9.32,4.7
mask_358,188.84,10.89,4.35
mask_359,210.87,12.2,4.34
mask_360,114.65,9.87,2.92
mask_361,188.35,9.77,4.84
mask_362,91.22,7.52,3.04
mask_363,213.21,9.46,5.66
mask_364,248.1,12.78,4.87
mask_365,142.31,11.48,3.11
mask_366,233.61,10.8,5.43
mask_367,174.43,8.34,5.25
mask_368,112.72,7.55,3.75
mask_369,201.25,13.11,3.85
mask_370,217.99,13.22,4.14
mask_371,175.31,11.74,3.75
mask_372,140.61,9.47,3.73
mask_373,201.05,10.37,4.87
mask_374,115.31,7.76,3.73
mask_375,187.58,8.95,5.26
mask_376,108.38,8.5,3.2
mask_377,236.47,14.42,4.12
mask_378,89.73,7.58,2.97
mask_379,241.09,14.96,4.05
mask_380,119.65,8.28,3.63
mask_381,75.6,6.55,2.9
mask_382,170.53,10.61,4.03
mask_383,157.66,10.26,3.86
mask_384,225.14,14.56,3.88
mask_385,154.58,10.67,3.64
mask_386,132.91,8.64,3.86
mask_387,188.57,13.0,3.64
mask_388,186.75,11.85,3.96
mask_389,159.58,10.91,3.67
mask_390,168.99,10.41,4.07
mask_391,155.4,9.62,4.06
mask_392,226.85,14.78,3.85
mask_393,56.62,6.08,2.34
mask_394,224.59,10.01,5.63
mask_395,179.49,8.56,5.26
MaskID,Area(mm^2),Length(mm),Width(mm)
mask_0,236.47,13.97,4.25
mask_1,227.51,14.18,4.03
MaskID,Area(mm^2),Length(mm),Width(mm)
mask_0,235.34,12.75,4.63
mask_1,226.63,13.51,4.21
mask_2,252.42,14.46,4.38
mask_3,293.07,12.85,5.72
mask_4,264.69,15.05,4.41
mask_5,279.15,14.76,4.75
mask_6,239.09,12.76,4.7
mask_7,194.45,10.36,4.71
mask_8,216.4,12.77,4.25
mask_9,237.74,12.98,4.6
mask_10,215.85,13.42,4.04
mask_11,239.61,12.96,4.64
mask_12,197.56,13.56,3.66
mask_13,245.05,13.65,4.51
mask_14,266.72,12.34,5.43
mask_15,209.96,11.73,4.49
mask_16,258.97,13.21,4.92
mask_17,263.86,13.84,4.79
mask_18,237.35,12.65,4.71
mask_19,125.15,9.52,3.3
mask_20,238.45,12.39,4.83
mask_21,221.73,10.83,5.14
mask_22,159.97,11.11,3.62
mask_23,224.15,13.65,4.12
mask_24,303.79,15.5,4.92
mask_25,252.48,11.68,5.43
mask_26,272.33,12.19,5.61
mask_27,216.89,11.31,4.81
mask_28,286.36,12.77,5.63
mask_29,239.83,12.94,4.65
mask_30,173.44,11.42,3.81
mask_31,268.04,12.92,5.21
mask_32,253.41,12.27,5.18
mask_33,214.64,13.12,4.11
mask_34,191.81,13.87,3.47
mask_35,144.4,10.92,3.32
mask_36,235.59,12.27,4.82
mask_37,304.34,14.19,5.38
mask_38,258.91,14.65,4.44
mask_39,280.36,15.77,4.46
mask_40,145.17,9.82,3.71
mask_41,187.47,11.97,3.93
mask_42,218.29,14.26,3.84
mask_43,291.31,18.03,4.05
mask_44,225.14,11.67,4.84
mask_45,275.94,14.13,4.9
mask_46,149.85,11.23,3.35
mask_47,170.75,12.21,3.51
mask_48,221.02,11.34,4.89
mask_49,244.17,10.99,5.57
mask_50,226.3,12.01,4.73
mask_51,287.51,13.23,5.45
mask_52,156.61,10.39,3.78
mask_53,299.78,14.81,5.08
mask_54,297.99,13.48,5.55
mask_55,175.59,11.83,3.72
mask_56,207.6,11.45,4.55
mask_57,174.71,10.71,4.1
mask_58,153.53,10.45,3.69
mask_59,195.06,10.47,4.67
mask_60,172.18,10.39,4.16
mask_61,291.67,14.87,4.92
mask_62,150.95,11.26,3.36
mask_63,237.24,15.21,3.92
mask_64,253.36,12.4,5.13
mask_65,239.77,13.06,4.61
mask_66,158.98,9.25,4.32
mask_67,194.12,10.86,4.49
mask_68,280.09,13.29,5.29
mask_69,253.03,13.88,4.58
mask_70,205.51,11.12,4.64
mask_71,326.45,15.17,5.4
mask_72,262.02,12.21,5.39
mask_73,223.88,12.43,4.52
mask_74,255.12,13.76,4.66
mask_75,252.48,11.23,5.65
mask_76,235.24,14.19,4.16
mask_77,279.87,12.47,5.63
mask_78,193.08,12.07,4.01
mask_79,241.26,12.39,4.89
mask_80,224.04,10.76,5.23
mask_81,221.35,11.39,4.88
mask_82,307.73,22.94,3.37
mask_83,206.44,12.04,4.3
mask_84,247.0,12.2,5.08
mask_85,369.35,16.87,5.5
mask_86,199.57,13.17,3.8
mask_87,212.88,11.15,4.79
mask_88,187.47,9.94,4.74
mask_89,271.89,12.02,5.68
mask_90,165.6,9.67,4.3
mask_91,151.61,9.64,3.95
mask_92,159.58,9.57,4.19
mask_93,272.61,14.53,4.71
mask_94,212.44,13.09,4.07
mask_95,206.0,11.92,4.34
mask_96,231.41,12.76,4.55
mask_97,129.28,10.33,3.14
mask_98,198.63,11.29,4.42
mask_99,201.66,11.45,4.42
mask_100,199.68,9.87,5.08
mask_101,272.11,12.95,5.28
mask_102,264.25,12.51,5.3
mask_103,232.4,11.71,4.98
mask_104,303.88,14.85,5.14
mask_105,217.83,12.86,4.25
mask_106,234.11,13.2,4.45
mask_107,200.06,12.21,4.11
mask_108,185.49,12.43,3.75
mask_109,255.5,15.94,4.02
mask_110,162.88,10.35,3.95
mask_111,234.16,10.87,5.41
mask_112,165.47,11.06,3.76
mask_113,177.79,11.03,4.05
mask_114,171.02,8.76,4.9
mask_115,203.09,11.74,4.34
mask_116,173.28,9.33,4.66
mask_117,135.49,10.45,3.25
mask_118,270.46,15.41,4.41
mask_119,225.8,12.86,4.41
mask_120,227.23,12.36,4.61
mask_121,185.32,11.04,4.21
mask_122,246.18,13.71,4.51
mask_123,175.86,10.45,4.23
mask_124,222.28,12.96,4.3
mask_125,109.92,7.65,3.61
mask_126,270.02,14.13,4.8
mask_127,156.39,8.97,4.38
mask_128,235.76,10.98,5.39
mask_129,221.18,11.45,4.85
mask_130,242.36,13.21,4.61
mask_131,235.59,11.46,5.16
mask_132,193.35,11.71,4.14
mask_133,252.04,14.23,4.45
mask_134,232.35,12.08,4.83
mask_135,231.52,11.79,4.93
mask_136,154.74,8.37,4.64
mask_137,242.85,12.88,4.73
mask_138,210.18,10.64,4.96
mask_139,286.69,13.48,5.34
mask_140,123.5,9.93,3.12
mask_141,268.54,18.28,3.69
mask_142,146.57,12.32,2.99
mask_143,215.9,10.46,5.18
mask_144,211.83,10.55,5.04
mask_145,109.28,12.66,2.17
mask_146,137.31,9.0,3.83
mask_147,119.27,7.27,4.12
mask_148,198.63,10.68,4.67
mask_149,148.47,11.11,3.35
mask_150,209.63,10.03,5.25
mask_151,183.73,10.29,4.48
mask_152,307.75,15.5,4.99
mask_153,181.36,10.69,4.26
mask_154,212.71,14.14,3.78
mask_155,205.12,10.18,5.06
mask_156,184.88,13.06,3.55
mask_157,138.35,11.51,3.02
mask_158,230.04,10.85,5.32
mask_159,134.06,8.56,3.93
mask_160,209.14,11.42,4.6
mask_161,204.79,12.12,4.24
mask_162,166.71,10.51,3.98
mask_163,157.93,10.12,3.92
mask_164,169.04,10.27,4.13
mask_165,149.02,11.44,3.27
mask_166,137.31,8.6,4.01
mask_167,240.43,12.35,4.89
mask_168,236.75,16.07,3.7
mask_169,206.33,13.16,3.93
mask_170,190.91,11.84,4.05
mask_171,220.0,12.17,4.54
mask_172,214.2,12.1,4.44
mask_173,186.97,12.27,3.83
mask_174,222.09,12.85,4.34
mask_175,188.46,11.2,4.22
mask_176,316.17,14.46,5.49
mask_177,196.49,10.9,4.52
mask_178,249.62,12.97,4.83
mask_179,124.0,8.35,3.73
mask_180,41.09,4.0,2.58
mask_181,108.54,8.79,3.1
mask_182,209.69,11.7,4.5
mask_183,144.35,9.96,3.64
mask_184,254.24,13.05,4.89
mask_185,187.3,12.51,3.76
mask_186,240.27,12.08,4.99
mask_187,299.78,15.54,4.84
mask_188,180.65,11.06,4.1
mask_189,239.33,11.32,5.31
mask_190,193.41,10.71,4.53
mask_191,170.86,10.95,3.92
mask_192,234.71,14.49,4.07
mask_193,202.37,13.11,3.87
mask_194,180.76,11.94,3.8
mask_195,136.26,9.96,3.44
mask_196,114.21,9.08,3.16
mask_197,249.34,15.18,4.12
mask_198,141.65,9.53,3.73
mask_199,229.93,14.27,4.05
mask_200,215.35,10.64,5.08
mask_201,198.96,11.19,4.47
mask_202,224.04,12.28,4.58
mask_203,220.58,12.31,4.5
mask_204,205.51,10.95,4.71
mask_205,215.08,10.71,5.04
mask_206,163.6,8.67,4.74
mask_207,81.65,6.31,3.25
mask_208,187.36,12.48,3.77
mask_209,199.4,11.98,4.18
mask_210,177.71,15.72,2.84
mask_211,238.84,14.77,4.06
mask_212,173.55,10.74,4.06
mask_213,146.0,10.48,3.5
mask_214,199.57,11.11,4.51
mask_215,214.61,11.82,4.56
mask_216,153.75,9.68,3.99
mask_217,203.36,13.18,3.87
mask_218,160.52,10.12,3.98
mask_219,311.49,15.15,5.16
mask_220,282.29,13.55,5.23
mask_221,258.86,14.24,4.56
mask_222,212.16,11.49,4.64
mask_223,232.13,14.08,4.14
mask_224,175.15,11.99,3.67
mask_225,303.46,14.52,5.25
mask_226,225.91,10.84,5.23
mask_227,158.7,12.21,3.26
mask_228,175.86,9.89,4.46
mask_229,180.81,12.52,3.63
mask_230,145.72,10.26,3.57
mask_231,138.46,10.54,3.3
mask_232,207.62,10.97,4.75
mask_233,167.89,9.16,4.6
mask_234,196.76,10.76,4.59
mask_235,178.83,9.88,4.54
mask_236,175.75,12.03,3.67
mask_237,215.71,13.58,3.99
mask_238,188.65,10.71,4.42
mask_239,238.4,11.45,5.23
mask_240,176.8,12.33,3.6
mask_241,191.81,12.33,3.9
mask_242,157.22,11.38,3.47
mask_243,132.03,8.7,3.81
mask_244,254.13,15.72,4.06
mask_245,205.07,12.82,4.01
mask_246,195.88,11.43,4.3
mask_247,132.8,9.38,3.55
mask_248,167.12,10.87,3.86
mask_249,139.4,8.21,4.26
mask_250,154.19,10.03,3.86
mask_251,225.8,10.19,5.56
mask_252,186.26,13.11,3.57
mask_253,89.95,7.37,3.06
mask_254,176.8,9.29,4.78
mask_255,198.72,11.44,4.36
mask_256,279.01,14.45,4.85
mask_257,170.64,9.98,4.29
mask_258,185.6,11.02,4.23
mask_259,146.88,9.36,3.94
mask_260,200.78,11.2,4.5
mask_261,166.68,11.93,3.51
mask_262,104.47,8.84,2.97
mask_263,172.34,12.05,3.59
mask_264,141.49,9.62,3.69
mask_265,263.39,13.35,4.95
mask_266,219.7,12.34,4.47
mask_267,236.91,13.44,4.42
mask_268,227.95,12.7,4.51
mask_269,181.75,11.29,4.04
mask_270,137.8,8.54,4.05
mask_271,231.74,12.87,4.52
mask_272,121.96,9.41,3.25
mask_273,199.57,10.54,4.75
mask_274,149.3,9.46,3.96
mask_275,212.3,13.06,4.08
mask_276,175.15,11.31,3.89
mask_277,184.72,13.35,3.47
mask_278,182.41,13.98,3.27
mask_279,155.4,9.99,3.91
mask_280,152.1,10.36,3.68
mask_281,278.27,14.92,4.68
mask_282,269.25,15.85,4.27
mask_283,168.77,8.85,4.79
mask_284,132.14,9.69,3.42
mask_285,237.41,11.66,5.11
mask_286,240.43,10.9,5.54
mask_287,156.56,9.34,4.21
mask_288,227.84,11.49,4.98
mask_289,220.91,12.16,4.56
mask_290,219.92,12.85,4.3
mask_291,213.7,12.06,4.45
mask_292,146.99,7.92,4.66
mask_293,162.55,10.45,3.91
mask_294,237.24,12.95,4.6
mask_295,138.35,9.9,3.51
mask_296,235.54,10.69,5.53
mask_297,146.0,10.23,3.58
mask_298,114.59,9.82,2.93
mask_299,183.67,11.79,3.91
mask_300,178.94,11.37,3.95
mask_301,171.79,9.31,4.63
mask_302,193.85,13.25,3.67
mask_303,191.81,11.66,4.13
mask_304,221.24,14.25,3.9
mask_305,160.74,9.89,4.08
mask_306,276.21,14.05,4.94
mask_307,142.7,9.22,3.88
mask_308,163.71,9.23,4.45
mask_309,305.22,14.23,5.39
mask_310,230.75,12.5,4.64
mask_311,185.76,11.94,3.91
mask_312,201.16,17.83,2.83
mask_313,117.95,8.18,3.62
mask_314,142.26,8.42,4.24
mask_315,146.88,9.67,3.81
mask_316,164.2,11.55,3.57
mask_317,173.33,11.41,3.81
mask_318,112.83,9.85,2.88
mask_319,178.12,11.71,3.82
mask_320,172.18,10.36,4.17
mask_321,185.98,11.52,4.05
mask_322,222.39,12.74,4.38
mask_323,228.33,14.66,3.91
mask_324,157.22,9.0,4.38
mask_325,175.86,10.85,4.07
mask_326,216.78,11.74,4.63
mask_327,177.18,10.77,4.13
mask_328,112.06,10.28,2.74
mask_329,281.13,18.07,3.9
mask_330,171.96,9.16,4.71
mask_331,260.56,13.42,4.87
mask_332,234.49,11.8,4.99
mask_333,127.33,9.86,3.24
mask_334,110.36,6.6,4.2
mask_335,127.02,9.58,3.33
mask_336,271.89,15.54,4.39
mask_337,219.28,12.83,4.29
mask_338,128.67,9.89,3.27
mask_339,228.5,12.26,4.68
mask_340,181.42,11.89,3.83
mask_341,257.45,13.35,4.84
mask_342,156.45,11.0,3.57
mask_343,118.22,8.44,3.52
mask_344,214.69,11.83,4.56
mask_345,122.35,7.7,3.99
mask_346,168.38,8.86,4.77
mask_347,135.0,8.07,4.2
mask_348,87.53,6.64,3.31
mask_349,201.49,10.59,4.78
mask_350,265.16,14.56,4.57
mask_351,94.13,8.12,2.91
mask_352,248.22,12.68,4.92
mask_353,154.8,10.88,3.57
mask_354,242.69,14.11,4.32
mask_355,216.62,11.22,4.85
MaskID,Area(mm^2),Length(mm),Width(mm)
mask_0,246.92,12.36,5.01
mask_1,323.43,14.55,5.58
mask_2,221.46,12.8,4.34
mask_3,246.43,11.4,5.43
mask_4,242.25,12.21,4.98
mask_5,245.57,13.9,4.43
mask_6,226.52,11.55,4.92
mask_7,266.01,12.12,5.51
mask_8,266.83,13.57,4.94
mask_9,235.73,10.96,5.4
mask_10,290.51,13.71,5.32
mask_11,163.32,9.73,4.21
mask_12,250.94,13.01,4.84
mask_13,219.7,11.51,4.79
mask_14,269.47,14.21,4.76
mask_15,255.78,12.21,5.26
mask_16,241.75,12.28,4.94
mask_17,212.88,11.0,4.86
mask_18,255.39,12.71,5.04
mask_19,153.2,7.53,5.11
mask_20,268.04,12.11,5.55
mask_21,155.29,9.99,3.9
mask_22,258.2,15.42,4.2
mask_23,244.12,12.57,4.88
mask_24,294.0,14.17,5.21
mask_25,185.21,11.38,4.09
mask_26,134.72,10.61,3.19
mask_27,187.8,10.53,4.48
mask_28,265.05,12.67,5.25
mask_29,203.69,10.33,4.95
mask_30,183.45,10.01,4.6
mask_31,281.85,13.65,5.18
mask_32,235.32,11.9,4.96
mask_33,228.99,12.4,4.64
mask_34,214.75,11.95,4.51
mask_35,158.48,9.67,4.11
mask_36,190.44,10.67,4.48
mask_37,210.02,11.31,4.66
mask_38,252.37,13.7,4.62
mask_39,160.74,8.68,4.65
mask_40,222.01,13.19,4.22
mask_41,231.19,12.23,4.75
mask_42,239.25,14.05,4.28
mask_43,228.55,12.47,4.6
mask_44,211.28,9.63,5.51
mask_45,194.89,12.78,3.83
mask_46,236.75,14.05,4.23
mask_47,265.68,12.48,5.34
mask_48,184.5,11.8,3.92
mask_49,260.29,13.9,4.7
mask_50,174.82,12.78,3.43
mask_51,243.24,12.06,5.06
mask_52,215.79,12.69,4.27
mask_53,161.95,9.46,4.3
mask_54,175.04,10.57,4.16
mask_55,208.15,11.66,4.48
mask_56,232.84,12.71,4.6
mask_57,184.22,11.07,4.18
mask_58,208.75,11.45,4.58
mask_59,202.92,10.61,4.8
mask_60,254.18,12.35,5.17
mask_61,188.51,10.19,4.65
mask_62,227.07,11.12,5.13
mask_63,216.62,11.95,4.55
mask_64,227.34,12.54,4.55
mask_65,234.99,11.35,5.2
mask_66,178.39,8.37,5.35
mask_67,224.7,12.6,4.48
mask_68,218.43,11.93,4.6
mask_69,202.92,10.9,4.67
mask_70,205.4,12.24,4.21
mask_71,200.94,10.32,4.89
mask_72,215.3,12.52,4.32
mask_73,184.44,11.44,4.05
mask_74,220.96,11.39,4.87
mask_75,188.13,10.9,4.33
mask_76,121.3,7.99,3.81
mask_77,222.67,10.79,5.18
mask_78,192.86,10.64,4.55
mask_79,242.41,13.83,4.4
mask_80,163.65,11.13,3.69
mask_81,108.93,9.43,2.9
mask_82,208.48,8.88,5.9
mask_83,190.91,10.88,4.41
mask_84,255.28,11.89,5.39
mask_85,155.84,9.29,4.21
mask_86,241.7,12.36,4.91
mask_87,186.48,10.27,4.56
mask_88,195.85,11.3,4.35
mask_89,258.14,11.53,5.62
mask_90,302.86,13.45,5.65
mask_91,260.67,13.29,4.92
mask_92,193.22,10.6,4.58
mask_93,184.61,11.49,4.03
mask_94,200.45,9.48,5.31
mask_95,166.51,10.3,4.06
mask_96,226.57,10.42,5.46
mask_97,171.63,9.53,4.52
mask_98,126.91,7.76,4.11
mask_99,206.39,11.59,4.47
mask_100,285.64,14.04,5.11
mask_101,175.15,10.48,4.19
mask_102,230.04,11.56,5.0
mask_103,214.31,11.82,4.55
mask_104,249.04,13.13,4.76
mask_105,212.03,11.54,4.61
mask_106,210.51,10.2,5.18
mask_107,205.4,12.69,4.06
mask_108,201.71,9.74,5.2
mask_109,204.08,11.66,4.39
mask_110,212.3,10.58,5.04
mask_111,227.18,11.73,4.86
mask_112,186.26,9.62,4.86
mask_113,151.22,9.42,4.03
mask_114,152.27,9.86,3.88
mask_115,127.13,8.53,3.74
mask_116,246.48,16.39,3.78
mask_117,245.69,12.5,4.93
mask_118,187.36,8.78,5.36
mask_119,242.3,13.33,4.56
mask_120,156.67,11.83,3.33
mask_121,241.75,12.1,5.01
mask_122,188.57,11.87,3.99
mask_123,101.67,8.04,3.18
mask_124,241.04,12.93,4.68
mask_125,155.4,11.28,3.46
mask_126,175.42,10.12,4.35
mask_127,208.81,12.61,4.16
mask_128,237.08,11.71,5.08
mask_129,254.9,13.83,4.63
mask_130,117.56,8.43,3.5
mask_131,183.95,11.55,4.0
mask_132,199.93,10.89,4.61
mask_133,242.74,11.62,5.24
mask_134,100.02,8.14,3.09
mask_135,244.56,11.77,5.22
mask_136,214.75,12.84,4.2
mask_137,176.16,10.58,4.18
mask_138,154.69,7.9,4.92
mask_139,209.19,12.79,4.11
mask_140,161.12,8.73,4.63
mask_141,266.83,12.31,5.44
mask_142,147.7,9.33,3.97
mask_143,193.35,10.32,4.7
mask_144,190.16,10.43,4.58
mask_145,174.05,11.06,3.95
mask_146,126.86,8.42,3.78
mask_147,152.38,8.55,4.47
mask_148,175.92,10.73,4.12
mask_149,204.41,11.34,4.53
mask_150,163.49,11.67,3.52
mask_151,246.65,12.83,4.83
mask_152,106.73,8.77,3.05
mask_153,226.41,9.87,5.76
mask_154,178.67,10.97,4.09
mask_155,184.11,10.26,4.5
mask_156,197.97,11.24,4.42
mask_157,299.89,13.23,5.69
mask_158,158.87,11.82,3.37
mask_159,181.14,11.09,4.1
mask_160,162.44,8.96,4.55
mask_161,138.63,9.67,3.6
mask_162,189.39,10.8,4.4
mask_163,211.15,11.79,4.5
mask_164,119.05,8.25,3.62
mask_165,175.7,10.59,4.17
mask_166,138.02,9.22,3.76
mask_167,206.33,10.29,5.03
mask_168,193.24,13.08,3.71
mask_169,310.45,13.52,5.76
mask_170,217.58,11.36,4.81
mask_171,190.55,10.97,4.36
mask_172,272.83,12.25,5.59
mask_173,213.1,12.25,4.37
mask_174,136.76,8.05,4.26
mask_175,248.93,12.77,4.89
mask_176,242.25,12.0,5.07
mask_177,277.89,14.52,4.8
mask_178,174.32,13.63,3.21
mask_179,175.04,10.33,4.25
mask_180,265.51,15.1,4.42
mask_181,185.43,11.5,4.05
mask_182,143.82,9.02,4.0
mask_183,102.0,8.86,2.89
mask_184,194.89,11.99,4.08
mask_185,114.04,8.81,3.25
mask_186,244.12,12.68,4.83
mask_187,133.07,8.27,4.04
mask_188,193.57,10.51,4.62
mask_189,165.8,9.98,4.17
mask_190,179.38,10.98,4.1
mask_191,218.05,13.34,4.1
mask_192,176.58,10.48,4.23
mask_193,115.64,8.56,3.39
mask_194,186.12,10.25,4.56
mask_195,188.4,10.48,4.51
mask_196,135.82,8.8,3.87
mask_197,155.57,9.25,4.22
mask_198,284.16,13.72,5.2
mask_199,74.06,6.98,2.66
mask_200,232.9,11.21,5.21
mask_201,226.74,11.7,4.86
mask_202,152.98,10.51,3.65
mask_203,261.44,14.22,4.62
mask_204,133.84,8.86,3.79
mask_205,263.56,15.76,4.2
mask_206,196.05,10.32,4.77
mask_207,120.81,7.53,4.03
mask_208,206.22,9.84,5.26
mask_209,195.33,9.41,5.21
mask_210,230.26,11.31,5.11
mask_211,219.64,11.95,4.62
mask_212,249.45,14.25,4.4
mask_213,141.54,10.94,3.25
mask_214,155.4,11.37,3.43
mask_215,178.89,11.65,3.85
mask_216,166.18,10.91,3.82
mask_217,109.75,8.86,3.11
mask_218,209.63,14.89,3.54
mask_219,209.03,14.58,3.6
mask_220,138.63,7.02,4.96
mask_221,166.02,10.02,4.16
mask_222,155.9,10.85,3.61
mask_223,225.64,11.52,4.92
mask_224,130.05,8.35,3.91
MaskID,Area(mm^2),Length(mm),Width(mm)
mask_0,290.1,13.64,5.34
mask_1,323.51,14.96,5.43
mask_2,262.98,13.4,4.93
mask_3,329.26,16.3,5.07
mask_4,232.79,12.0,4.87
mask_5,294.5,14.24,5.19
mask_6,239.66,10.43,5.77
mask_7,297.36,14.94,5.0
mask_8,263.37,14.06,4.7
mask_9,279.37,13.8,5.08
mask_10,239.5,13.3,4.52
mask_11,220.36,11.27,4.91
mask_12,278.63,12.38,5.65
mask_13,230.53,11.53,5.02
mask_14,191.59,10.33,4.65
mask_15,212.55,11.76,4.54
mask_16,244.78,12.11,5.08
mask_17,244.56,12.53,4.9
mask_18,222.39,12.91,4.32
mask_19,209.47,10.92,4.81
mask_20,190.33,12.41,3.85
mask_21,256.88,12.47,5.17
mask_22,253.52,12.18,5.22
mask_23,269.91,13.2,5.13
mask_24,293.45,13.64,5.4
mask_25,272.61,13.28,5.15
mask_26,266.28,12.92,5.17
mask_27,218.16,10.76,5.09
mask_28,279.32,13.94,5.03
mask_29,278.16,15.84,4.41
mask_30,198.77,10.23,4.88
mask_31,237.3,12.3,4.84
mask_32,197.37,9.82,5.05
mask_33,200.83,12.56,4.01
mask_34,215.24,10.19,5.3
mask_35,233.12,13.07,4.48
mask_36,194.07,13.13,3.71
mask_37,247.75,12.79,4.86
mask_38,247.25,12.08,5.14
mask_39,115.58,8.18,3.55
mask_40,216.84,11.67,4.66
mask_41,263.31,13.6,4.86
mask_42,171.35,9.85,4.37
mask_43,184.94,9.84,4.72
mask_44,148.64,9.7,3.85
mask_45,160.52,9.16,4.4
mask_46,309.35,14.21,5.46
mask_47,215.79,12.46,4.35
mask_48,192.53,10.3,4.69
mask_49,197.09,11.92,4.15
mask_50,221.35,12.12,4.58
mask_51,181.09,11.79,3.86
mask_52,275.99,13.8,5.02
mask_53,282.75,14.06,5.05
mask_54,238.51,13.01,4.6
mask_55,258.75,14.58,4.46
mask_56,135.05,8.59,3.94
mask_57,185.41,11.49,4.05
mask_58,230.2,11.65,4.96
mask_59,203.75,11.92,4.29
mask_60,250.83,13.84,4.55
mask_61,198.85,9.85,5.07
mask_62,201.05,12.28,4.11
mask_63,228.55,13.13,4.37
mask_64,189.39,9.99,4.76
mask_65,197.64,10.21,4.86
mask_66,220.63,12.29,4.51
mask_67,181.14,10.36,4.39
mask_68,205.56,11.21,4.6
mask_69,270.24,12.94,5.24
mask_70,196.71,12.69,3.89
mask_71,224.54,11.64,4.84
mask_72,257.1,13.26,4.87
mask_73,226.35,11.73,4.84
mask_74,196.49,11.15,4.42
mask_75,243.43,13.15,4.65
mask_76,224.62,12.12,4.65
mask_77,196.98,12.45,3.97
mask_78,286.47,14.69,4.89
mask_79,241.34,14.54,4.17
mask_80,138.08,7.37,4.7
mask_81,215.41,13.35,4.05
mask_82,179.49,11.46,3.93
mask_83,140.83,8.75,4.04
mask_84,225.86,12.86,4.41
mask_85,176.41,11.21,3.95
mask_86,174.82,10.61,4.13
mask_87,220.14,11.25,4.91
mask_88,211.83,10.91,4.87
mask_89,147.87,8.97,4.14
mask_90,307.75,16.4,4.71
mask_91,178.23,12.51,3.58
mask_92,210.02,12.33,4.27
mask_93,272.33,14.11,4.84
mask_94,191.04,12.9,3.72
mask_95,249.4,11.72,5.34
mask_96,181.64,10.84,4.21
mask_97,205.07,11.39,4.52
mask_98,180.32,10.92,4.15
mask_99,151.0,8.48,4.47
mask_100,158.1,8.87,4.47
mask_101,223.11,12.49,4.48
mask_102,180.76,11.16,4.07
mask_103,228.77,14.29,4.02
mask_104,146.22,11.77,3.12
mask_105,178.56,12.66,3.54
mask_106,110.03,8.39,3.29
mask_107,124.33,8.94,3.49
mask_108,216.67,13.46,4.04
mask_109,290.54,13.1,5.57
mask_110,182.02,11.06,4.13
mask_111,215.3,11.52,4.69
mask_112,227.67,12.13,4.71
mask_113,126.8,10.11,3.15
mask_114,169.81,10.23,4.17
mask_115,158.1,9.59,4.14
mask_116,187.52,10.67,4.41
mask_117,213.48,11.02,4.86
mask_118,174.27,10.9,4.01
mask_119,161.07,11.71,3.45
mask_120,160.19,9.61,4.19
mask_121,158.98,10.94,3.65
mask_122,92.87,7.39,3.15
mask_123,227.62,13.01,4.39
mask_124,189.06,12.7,3.74
mask_125,218.29,10.61,5.17
mask_126,219.97,11.36,4.86
mask_127,94.9,7.92,3.01
mask_128,222.78,10.38,5.39
mask_129,155.07,12.46,3.12
mask_130,229.43,10.74,5.36
mask_131,135.82,9.76,3.49
mask_132,157.99,10.92,3.63
mask_133,224.32,13.4,4.2
mask_134,153.86,12.96,2.98
mask_135,176.8,11.03,4.02
mask_136,227.56,12.01,4.76
mask_137,223.88,11.48,4.9
mask_138,199.1,13.17,3.79
mask_139,261.39,13.82,4.75
mask_140,196.05,10.68,4.61
mask_141,210.07,12.76,4.13
mask_142,182.08,13.57,3.37
mask_143,199.02,11.49,4.35
mask_144,189.78,12.2,3.9
mask_145,302.8,18.06,4.21
mask_146,265.73,14.12,4.72
mask_147,201.82,14.22,3.56
mask_148,308.14,16.39,4.72
mask_149,250.31,14.61,4.3
mask_150,115.91,8.95,3.25
mask_151,220.0,14.4,3.84
mask_152,153.2,10.26,3.75
mask_153,215.74,12.06,4.49
mask_154,209.91,10.44,5.05
mask_155,169.37,10.77,3.95
mask_156,228.06,10.89,5.26
mask_157,208.04,13.15,3.97
mask_158,192.36,12.78,3.78
mask_159,165.19,10.36,4.0
mask_160,210.79,11.71,4.52
mask_161,193.02,10.16,4.77
mask_162,209.52,10.99,4.78
mask_163,127.3,10.71,2.98
mask_164,163.68,10.74,3.83
mask_165,191.73,11.21,4.3
mask_166,119.1,8.81,3.39
mask_167,255.28,13.94,4.6
mask_168,164.75,9.94,4.16
mask_169,345.56,16.1,5.39
mask_170,286.3,17.96,4.0
mask_171,236.22,12.46,4.76
mask_172,180.21,10.15,4.46
mask_173,196.93,10.44,4.73
mask_174,272.39,12.77,5.35
mask_175,208.53,11.45,4.57
mask_176,192.64,10.92,4.43
mask_177,226.6,11.37,5.0
mask_178,160.96,10.09,4.01
mask_179,308.5,13.18,5.87
mask_180,285.31,14.49,4.94
mask_181,200.12,10.93,4.6
mask_182,229.16,12.64,4.55
mask_183,171.93,10.62,4.06
mask_184,177.4,11.54,3.86
mask_185,194.92,11.41,4.29
mask_186,147.32,10.55,3.5
mask_187,256.05,12.29,5.23
mask_188,168.6,11.17,3.79
mask_189,213.37,16.46,3.25
mask_190,149.74,8.85,4.25
mask_191,217.5,12.11,4.51
mask_192,140.72,8.77,4.03
mask_193,216.12,11.2,4.84
mask_194,111.4,9.0,3.11
mask_195,136.43,9.4,3.64
mask_196,162.88,13.11,3.12
mask_197,140.06,9.75,3.61
mask_198,178.78,10.72,4.19
mask_199,107.06,8.18,3.29
mask_200,224.54,11.89,4.74
mask_201,213.76,11.28,4.76
mask_202,174.27,10.56,4.14
mask_203,110.85,6.81,4.09
mask_204,250.11,12.95,4.85
mask_205,164.94,10.65,3.89
mask_206,266.23,12.84,5.21
mask_207,154.38,12.18,3.18
mask_208,115.8,8.49,3.42
mask_209,102.6,8.38,3.07
mask_210,292.13,14.87,4.93
mask_211,208.18,11.95,4.37
mask_212,219.09,13.14,4.18
mask_213,201.16,10.51,4.8
mask_214,193.79,12.04,4.04
mask_215,160.74,12.08,3.34
mask_216,189.5,13.12,3.63
mask_217,277.34,13.75,5.06
mask_218,231.91,12.77,4.56
mask_219,168.16,8.84,4.78
mask_220,194.45,10.51,4.64
mask_221,199.95,11.56,4.34
mask_222,174.87,11.06,3.97
mask_223,231.25,12.97,4.48
mask_224,176.03,10.9,4.05
mask_225,150.4,9.32,4.05
mask_226,151.88,10.73,3.55
mask_227,106.4,8.77,3.04
mask_228,250.97,12.32,5.11
mask_229,213.04,10.79,4.96
mask_230,179.05,13.36,3.36
mask_231,122.68,9.58,3.22
mask_232,138.85,8.63,4.04
mask_233,283.44,14.94,4.76
mask_234,213.54,14.08,3.81
mask_235,283.44,13.57,5.24
mask_236,154.91,9.74,3.99
mask_237,157.38,11.75,3.36
mask_238,248.46,16.63,3.75
mask_239,220.58,10.61,5.22
mask_240,165.41,12.55,3.31
mask_241,251.71,13.11,4.82
mask_242,140.83,10.1,3.5
mask_243,221.13,10.67,5.2
mask_244,110.14,8.5,3.25
mask_245,157.71,9.55,4.15
mask_246,177.24,10.74,4.14
mask_247,119.49,8.4,3.57
mask_248,131.92,8.99,3.68
mask_249,216.95,14.58,3.74
mask_250,197.5,12.91,3.84
mask_251,184.83,10.45,4.44
mask_252,150.4,9.68,3.9
mask_253,134.67,9.62,3.52
mask_254,160.19,9.86,4.08
mask_255,148.14,8.1,4.59
mask_256,190.88,12.44,3.85
mask_257,189.78,11.44,4.16
mask_258,182.02,10.16,4.5
mask_259,117.73,7.29,4.05
mask_260,199.98,10.27,4.89
mask_261,192.31,11.07,4.36
mask_262,106.84,9.25,2.9
mask_263,193.68,9.83,4.94
mask_264,158.54,10.06,3.96
mask_265,188.57,9.54,4.96
mask_266,208.97,11.24,4.67
mask_267,133.24,8.82,3.79
mask_268,212.49,12.52,4.26
mask_269,167.12,10.26,4.09
mask_270,276.73,12.5,5.56
mask_271,102.55,9.17,2.81
mask_272,170.53,10.9,3.93
mask_273,127.79,13.67,2.35
mask_274,206.06,12.63,4.1
mask_275,112.12,7.12,3.95
mask_276,240.87,12.21,4.95
mask_277,231.03,13.84,4.19
mask_278,113.88,8.45,3.38
mask_279,220.94,13.21,4.2
mask_280,202.32,14.58,3.48
mask_281,224.98,11.71,4.82
mask_282,149.63,9.13,4.11
mask_283,164.09,11.0,3.75
mask_284,182.02,10.48,4.36
mask_285,273.1,14.12,4.85
mask_286,99.3,12.07,2.06
mask_287,166.51,9.8,4.27
mask_288,258.97,12.95,5.02
mask_289,242.52,12.92,4.71
mask_290,243.35,14.9,4.1
mask_291,198.06,9.45,5.26
mask_292,212.93,11.44,4.67
mask_293,209.58,11.12,4.73
mask_294,306.93,15.29,5.04
mask_295,172.29,10.38,4.17
mask_296,199.24,12.49,4.0
mask_297,153.2,11.17,3.44
mask_298,197.92,10.49,4.73
mask_299,138.79,10.84,3.21
mask_300,259.41,11.87,5.49
mask_301,117.18,10.28,2.86
mask_302,207.05,11.89,4.37
mask_303,103.26,5.61,4.62
mask_304,168.71,8.72,4.85
mask_305,174.1,9.22,4.74
mask_306,114.76,8.29,3.47
mask_307,118.44,8.49,3.5
mask_308,215.57,12.11,4.47
mask_309,200.34,11.16,4.51
mask_310,198.36,11.84,4.2
mask_311,126.03,8.11,3.9
mask_312,156.12,10.3,3.8
mask_313,126.36,9.25,3.43
mask_314,223.52,12.3,4.56
mask_315,250.66,13.9,4.53
mask_316,196.98,12.2,4.05
mask_317,150.12,8.49,4.44
mask_318,216.29,12.23,4.44
mask_319,225.97,12.41,4.57
mask_320,153.86,12.1,3.19
mask_321,261.75,15.34,4.28
mask_322,211.5,11.28,4.71
mask_323,133.9,8.22,4.09
mask_324,179.47,10.57,4.26
mask_325,101.34,7.14,3.56
mask_326,196.87,10.6,4.66
mask_327,137.42,8.59,4.01
mask_328,166.51,14.51,2.88
mask_329,124.82,7.3,4.29
mask_330,191.37,8.55,5.62
mask_331,202.1,9.54,5.32
mask_332,233.06,13.83,4.23
mask_333,140.09,8.72,4.03
mask_334,181.36,9.66,4.71
mask_335,269.97,13.16,5.15
mask_336,113.6,8.84,3.22
mask_337,151.88,9.13,4.18
mask_338,139.78,8.96,3.92
mask_339,201.16,11.33,4.46
mask_340,224.15,12.19,4.62
mask_341,107.61,8.22,3.29
mask_342,202.56,15.74,3.23
mask_343,202.37,10.94,4.65
mask_344,175.59,8.7,5.07
mask_345,160.74,11.03,3.66
mask_346,244.12,13.12,4.67
mask_347,178.56,12.34,3.63
mask_348,181.8,9.29,4.91
mask_349,224.56,12.34,4.57
mask_350,256.0,14.39,4.47
mask_351,129.94,11.04,2.95
mask_352,132.03,9.0,3.68
mask_353,205.4,11.43,4.51
mask_354,129.55,8.4,3.87
mask_355,137.53,9.23,3.74
mask_356,147.48,8.72,4.25
mask_357,158.48,10.47,3.8
mask_358,193.3,9.76,4.97
mask_359,281.68,13.28,5.32
mask_360,152.49,10.57,3.62
mask_361,93.2,8.11,2.88
mask_362,220.03,11.0,5.02
mask_363,139.92,9.27,3.79
mask_364,107.06,9.41,2.86
mask_365,190.11,11.7,4.08
mask_366,199.68,11.93,4.2
mask_367,174.54,11.99,3.65
mask_368,112.17,9.16,3.07
mask_369,168.77,11.22,3.78
mask_370,115.64,7.81,3.72
mask_371,188.13,10.56,4.47
mask_372,162.0,11.84,3.43
mask_373,193.63,10.99,4.42
mask_374,190.22,9.4,5.08
mask_375,148.42,11.61,3.21
mask_376,164.75,11.3,3.66
mask_377,331.26,16.35,5.08
mask_378,147.37,10.97,3.37
mask_379,182.6,13.25,3.46
mask_380,150.73,10.2,3.71
mask_381,135.69,8.53,3.99
mask_382,113.99,7.02,4.08
mask_383,112.67,8.08,3.5
mask_384,134.72,10.07,3.36
mask_385,231.47,21.77,2.67
mask_386,142.2,9.65,3.7
mask_387,217.44,11.64,4.69
mask_388,155.07,11.01,3.54
mask_389,141.54,8.72,4.07
mask_390,166.68,10.07,4.15
mask_391,149.13,11.43,3.27
mask_392,307.37,19.01,4.06
mask_393,110.52,7.54,3.68
mask_394,144.02,9.44,3.83
mask_395,104.2,8.01,3.27
mask_396,247.75,13.39,4.65
mask_397,160.54,8.92,4.52
mask_398,174.43,9.48,4.62
mask_399,236.53,13.73,4.33
mask_400,181.83,11.66,3.92
mask_401,100.84,6.29,4.03
mask_402,212.3,20.33,2.62
mask_403,104.36,8.97,2.92
mask_404,168.91,10.2,4.16
MaskID,Area(mm^2),Length(mm),Width(mm)
mask_0,389.4,16.19,6.04
mask_1,397.81,15.44,6.47
mask_2,320.24,13.61,5.91
mask_3,354.72,14.89,5.98
mask_4,391.96,16.29,6.04
mask_5,382.06,16.98,5.65
mask_6,372.6,15.99,5.85
mask_7,344.3,16.06,5.38
mask_8,380.0,16.43,5.8
mask_9,366.22,15.39,5.97
mask_10,387.01,14.36,6.77
mask_11,358.02,14.95,6.01
mask_12,295.21,13.82,5.36
mask_13,396.77,16.43,6.06
mask_14,368.91,15.28,6.06
mask_15,328.71,14.52,5.68
mask_16,358.57,15.16,5.94
mask_17,370.78,16.57,5.62
mask_18,321.17,13.98,5.77
mask_19,375.46,15.54,6.07
mask_20,337.73,15.05,5.63
mask_21,393.44,16.12,6.13
mask_22,332.78,15.3,5.46
mask_23,350.93,14.34,6.14
mask_24,399.77,16.38,6.13
mask_25,408.84,15.54,6.6
mask_26,347.57,14.98,5.82
mask_27,334.7,15.96,5.27
mask_28,388.6,16.53,5.9
mask_29,378.54,16.46,5.77
mask_30,361.38,17.23,5.26
mask_31,380.11,15.33,6.23
mask_32,372.21,14.82,6.31
mask_33,429.94,15.79,6.83
mask_34,329.09,15.31,5.4
mask_35,346.39,16.9,5.15
mask_36,348.34,14.15,6.18
mask_37,364.93,14.62,6.27
mask_38,385.44,16.47,5.87
mask_39,311.05,13.7,5.7
mask_40,305.83,15.69,4.89
mask_41,407.63,17.04,6.01
mask_42,376.28,18.14,5.21
mask_43,349.39,15.1,5.81
mask_44,430.02,17.67,6.11
mask_45,382.17,15.35,6.25
mask_46,304.12,13.49,5.66
mask_47,324.5,13.91,5.86
mask_48,372.71,16.84,5.56
mask_49,318.2,15.81,5.05
mask_50,335.88,15.95,5.29
mask_51,342.05,13.99,6.14
mask_52,353.81,15.89,5.59
mask_53,415.0,16.75,6.22
mask_54,323.87,14.03,5.8
mask_55,441.29,17.79,6.23
mask_56,378.32,15.91,5.97
mask_57,365.72,15.61,5.88
mask_58,363.25,13.63,6.69
mask_59,387.17,16.04,6.06
mask_60,306.68,14.87,5.18
mask_61,448.0,15.98,7.04
mask_62,361.87,15.92,5.71
mask_63,303.85,14.77,5.16
mask_64,340.86,14.95,5.72
mask_65,334.37,14.98,5.6
mask_66,309.24,16.34,4.75
mask_67,329.48,15.68,5.28
mask_68,314.41,13.25,5.96
mask_69,374.85,16.37,5.75
mask_70,339.6,15.69,5.43
mask_71,344.13,14.19,6.09
mask_72,333.44,14.05,5.96
mask_73,391.74,16.63,5.91
mask_74,373.42,17.08,5.49
mask_75,329.48,16.91,4.89
mask_76,376.83,15.54,6.09
mask_77,361.1,15.77,5.75
mask_78,359.12,18.45,4.89
mask_79,375.35,16.33,5.77
mask_80,326.18,12.89,6.35
mask_81,399.44,15.88,6.31
mask_82,346.61,14.47,6.01
mask_83,372.05,15.88,5.88
mask_84,344.22,15.33,5.64
mask_85,330.52,15.07,5.5
mask_86,331.62,14.56,5.72
mask_87,356.37,14.53,6.16
mask_88,370.1,16.93,5.49
mask_89,334.48,14.54,5.77
mask_90,351.31,16.24,5.43
mask_91,318.59,14.14,5.66
mask_92,414.26,17.36,5.99
mask_93,399.49,15.76,6.36
mask_94,343.94,14.54,5.94
mask_95,381.2,15.9,6.02
mask_96,305.22,13.42,5.71
mask_97,268.92,14.22,4.75
mask_98,310.78,15.42,5.06
mask_99,357.67,14.73,6.1
mask_100,359.29,14.83,6.08
mask_101,325.74,14.62,5.59
mask_102,371.11,14.19,6.57
mask_103,386.57,16.59,5.85
mask_104,342.68,14.06,6.12
mask_105,348.01,15.53,5.63
mask_106,359.45,15.41,5.86
mask_107,386.07,15.31,6.33
mask_108,287.9,16.33,4.43
mask_109,327.66,12.16,6.77
mask_110,303.02,15.03,5.06
mask_111,321.2,16.3,4.95
mask_112,370.84,16.03,5.81
mask_113,301.92,13.75,5.51
mask_114,342.93,14.41,5.97
mask_115,310.94,14.64,5.33
mask_116,358.79,15.01,6.0
mask_117,407.63,15.57,6.57
mask_118,376.67,15.81,5.98
mask_119,334.51,13.84,6.07
mask_120,372.27,15.38,6.08
mask_121,315.34,14.34,5.52
mask_122,341.14,14.18,6.04
mask_123,369.52,15.71,5.9
mask_124,377.44,15.29,6.2
mask_125,373.04,15.97,5.86
mask_126,315.01,15.41,5.13
mask_127,328.32,14.21,5.8
mask_128,363.41,15.88,5.75
mask_129,393.72,16.28,6.07
mask_130,313.56,12.68,6.21
mask_131,322.6,13.17,6.15
mask_132,264.03,11.65,5.69
mask_133,376.01,15.05,6.27
mask_134,364.57,15.62,5.86
mask_135,308.91,13.88,5.59
mask_136,401.91,17.32,5.82
mask_137,368.69,15.53,5.96
mask_138,427.49,15.96,6.72
mask_139,351.53,15.55,5.68
mask_140,387.45,15.6,6.24
mask_141,346.42,14.67,5.93
mask_142,392.18,16.68,5.9
mask_143,356.29,13.14,6.8
mask_144,397.6,17.25,5.79
mask_145,380.82,17.66,5.41
mask_146,331.46,21.33,3.9
mask_147,335.12,13.04,6.45
mask_148,331.51,15.74,5.29
mask_149,267.49,15.56,4.32
mask_150,389.84,15.9,6.15
mask_151,306.65,14.08,5.47
mask_152,311.93,13.26,5.91
mask_153,442.45,16.69,6.65
mask_154,388.85,15.49,6.3
mask_155,349.83,16.16,5.43
mask_156,410.71,16.43,6.28
mask_157,338.06,15.52,5.47
mask_158,310.89,17.19,4.54
mask_159,305.94,12.87,5.97
mask_160,391.85,17.1,5.75
mask_161,296.83,15.59,4.78
mask_162,420.39,17.43,6.05
mask_163,306.79,15.18,5.07
mask_164,261.77,12.6,5.21
mask_165,313.25,16.75,4.69
mask_166,296.62,13.21,5.64
mask_167,351.7,15.87,5.56
mask_168,332.17,14.48,5.76
mask_169,356.45,16.02,5.59
mask_170,348.4,17.0,5.15
mask_171,285.81,14.75,4.86
mask_172,383.43,15.77,6.1
mask_173,283.66,11.63,6.12
mask_174,323.56,14.99,5.42
mask_175,374.96,15.36,6.13
mask_176,371.5,14.72,6.33
mask_177,255.78,15.16,4.24
mask_178,375.26,16.33,5.77
mask_179,310.01,14.04,5.54
mask_180,281.57,15.13,4.67
mask_181,335.09,14.77,5.69
mask_182,589.24,27.63,5.35
mask_183,277.01,12.18,5.71
mask_184,328.46,17.01,4.85
mask_185,333.16,14.28,5.86
mask_186,273.82,15.67,4.39
mask_187,236.47,12.4,4.79
mask_188,321.34,13.63,5.92
mask_189,179.33,10.76,4.19
mask_190,217.83,12.81,4.27
mask_191,302.67,14.76,5.15
mask_192,287.02,13.85,5.2
mask_193,252.94,12.53,5.07
mask_194,235.29,10.26,5.76
mask_195,286.69,11.42,6.3
MaskID,Area(mm^2),Length(mm),Width(mm)
mask_0,192.8,11.73,4.12
mask_1,231.41,14.71,3.95
mask_2,175.31,10.76,4.09
mask_3,154.58,9.74,3.99
mask_4,141.82,9.25,3.85
mask_5,185.71,11.35,4.11
mask_6,178.61,10.65,4.21
mask_7,277.28,13.28,5.24
mask_8,174.93,11.41,3.85
mask_9,185.6,12.75,3.65
mask_10,213.48,12.73,4.21
mask_11,183.89,9.92,4.65
mask_12,184.94,11.21,4.14
mask_13,141.38,9.01,3.94
mask_14,156.17,9.55,4.11
mask_15,180.37,12.65,3.58
mask_16,164.59,10.15,4.07
mask_17,160.08,11.05,3.64
mask_18,177.73,12.09,3.69
mask_19,163.82,9.54,4.31
mask_20,218.96,11.15,4.93
mask_21,233.61,13.74,4.27
mask_22,240.93,13.18,4.59
mask_23,190.6,10.48,4.56
MaskID,Area(mm^2),Length(mm),Width(mm)
mask_0,285.92,13.93,5.15
mask_1,319.36,14.84,5.4
mask_2,229.82,12.67,4.55
mask_3,292.13,14.22,5.16
mask_4,210.1,11.13,4.74
mask_5,211.12,11.03,4.81
mask_6,253.14,13.46,4.72
mask_7,241.7,13.81,4.39
mask_8,244.23,11.75,5.22
mask_9,252.48,13.79,4.6
mask_10,241.64,13.53,4.48
mask_11,256.88,12.37,5.21
mask_12,230.31,13.78,4.2
mask_13,228.53,11.27,5.09
mask_14,271.62,11.66,5.85
mask_15,240.49,13.85,4.36
mask_16,235.92,12.12,4.89
mask_17,277.17,12.3,5.66
mask_18,236.22,11.88,4.99
mask_19,236.69,12.31,4.83
mask_20,216.45,13.1,4.15
mask_21,217.44,12.23,4.46
mask_22,252.37,12.96,4.89
mask_23,233.06,12.58,4.65
mask_24,189.28,11.17,4.25
mask_25,235.87,11.22,5.28
mask_26,257.62,12.79,5.05
mask_27,277.25,13.77,5.05
mask_28,274.64,13.76,5.01
mask_29,244.56,11.82,5.19
mask_30,203.42,11.94,4.28
mask_31,199.18,11.08,4.51
mask_32,233.45,11.97,4.9
mask_33,261.66,14.99,4.38
mask_34,178.5,13.09,3.42
mask_35,231.63,12.91,4.5
mask_36,229.82,13.01,4.43
mask_37,272.42,13.35,5.12
mask_38,223.13,12.7,4.41
mask_39,112.89,9.1,3.11
mask_40,222.01,12.25,4.55
mask_41,258.8,13.84,4.69
mask_42,225.22,13.67,4.14
mask_43,216.56,10.79,5.04
mask_44,182.68,11.23,4.09
mask_45,142.7,9.67,3.71
mask_46,218.21,11.44,4.79
mask_47,270.52,13.79,4.92
mask_48,155.13,11.83,3.29
mask_49,162.99,10.44,3.92
mask_50,290.84,14.49,5.04
mask_51,283.72,13.28,5.36
mask_52,299.83,14.79,5.09
mask_53,187.69,11.61,4.06
mask_54,238.18,11.22,5.33
mask_55,238.45,11.61,5.16
mask_56,248.3,13.37,4.66
mask_57,222.67,12.33,4.53
mask_58,241.31,12.25,4.95
mask_59,183.23,12.24,3.76
mask_60,117.95,7.47,3.96
mask_61,256.33,12.44,5.17
mask_62,254.73,12.38,5.16
mask_63,282.78,14.75,4.81
mask_64,236.36,13.46,4.41
mask_65,267.6,13.06,5.14
mask_66,205.78,11.22,4.6
mask_67,212.52,10.24,5.21
mask_68,276.46,13.09,5.3
mask_69,276.32,14.96,4.64
mask_70,133.62,8.03,4.17
mask_71,280.42,12.72,5.53
mask_72,206.94,12.13,4.28
mask_73,254.98,13.35,4.79
mask_74,268.15,11.68,5.76
mask_75,241.7,11.89,5.1
mask_76,131.31,8.42,3.91
mask_77,180.98,9.7,4.68
mask_78,234.0,17.69,3.32
mask_79,177.07,10.17,4.37
mask_80,240.71,14.61,4.14
mask_81,222.5,12.31,4.54
mask_82,199.62,12.4,4.04
mask_83,207.54,10.93,4.77
mask_84,171.08,10.0,4.3
mask_85,266.61,12.15,5.51
mask_86,238.43,13.52,4.43
mask_87,237.52,13.63,4.37
mask_88,247.53,12.7,4.89
mask_89,214.56,9.98,5.39
mask_90,239.83,12.88,4.68
mask_91,169.59,12.19,3.49
mask_92,267.66,13.28,5.06
mask_93,194.51,12.5,3.91
mask_94,212.16,10.22,5.21
mask_95,171.52,9.84,4.38
mask_96,248.57,13.24,4.71
mask_97,171.85,10.19,4.23
mask_98,217.77,11.57,4.73
mask_99,222.5,12.28,4.55
mask_100,246.26,12.23,5.05
mask_101,171.24,11.57,3.71
mask_102,247.53,13.82,4.5
mask_103,296.31,14.0,5.31
mask_104,235.15,14.66,4.03
mask_105,302.28,17.13,4.43
mask_106,198.96,9.81,5.09
mask_107,138.9,9.14,3.82
mask_108,260.12,13.01,5.02
mask_109,286.52,13.29,5.41
mask_110,298.51,15.25,4.91
mask_111,289.71,13.74,5.29
mask_112,202.7,10.71,4.75
mask_113,197.92,9.73,5.1
mask_114,156.56,10.22,3.85
mask_115,144.29,14.54,2.49
mask_116,200.56,10.4,4.84
mask_117,183.4,8.12,5.67
mask_118,279.65,14.97,4.69
mask_119,201.93,11.35,4.47
mask_120,233.06,11.51,5.08
mask_121,249.78,13.32,4.71
mask_122,219.15,11.49,4.79
mask_123,252.42,12.63,5.02
mask_124,177.51,9.91,4.5
mask_125,184.99,11.08,4.19
mask_126,121.91,10.85,2.82
mask_127,151.0,9.62,3.94
mask_128,249.4,13.47,4.65
mask_129,253.19,14.7,4.32
mask_130,155.62,9.98,3.91
mask_131,226.74,10.75,5.3
mask_132,259.68,13.32,4.9
mask_133,112.56,9.11,3.1
mask_134,131.2,8.31,3.96
mask_135,118.99,8.59,3.48
mask_136,246.59,11.06,5.6
mask_137,181.53,12.63,3.61
mask_138,209.52,10.55,4.98
mask_139,226.74,12.11,4.7
mask_140,166.02,10.57,3.94
mask_141,150.07,10.72,3.51
mask_142,200.17,9.7,5.18
mask_143,194.84,10.2,4.79
mask_144,208.81,11.2,4.68
mask_145,247.31,15.53,4.0
mask_146,277.5,14.65,4.76
mask_147,223.6,12.13,4.63
mask_148,216.4,12.49,4.35
mask_149,184.99,11.59,4.01
mask_150,156.89,10.25,3.84
mask_151,197.26,11.58,4.28
mask_152,212.99,12.17,4.39
mask_153,191.21,10.74,4.47
mask_154,255.47,17.04,3.76
mask_155,279.65,13.59,5.17
mask_156,266.89,14.41,4.65
mask_157,189.45,11.71,4.06
mask_158,165.41,11.67,3.56
mask_159,242.85,13.97,4.36
mask_160,147.59,8.43,4.4
mask_161,120.15,8.57,3.52
mask_162,228.55,11.88,4.83
mask_163,221.68,11.99,4.64
mask_164,305.61,14.18,5.41
mask_165,175.64,10.75,4.1
mask_166,201.27,10.98,4.6
mask_167,246.7,13.11,4.73
mask_168,189.78,10.87,4.38
mask_169,206.44,11.51,4.5
mask_170,193.57,10.96,4.43
mask_171,161.51,10.3,3.94
mask_172,117.4,8.01,3.68
mask_173,228.33,11.23,5.11
mask_174,267.11,15.04,4.46
mask_175,148.36,8.31,4.48
mask_176,264.36,12.04,5.51
mask_177,184.5,8.66,5.35
mask_178,249.56,12.43,5.04
mask_179,242.63,11.74,5.19
mask_180,132.38,7.2,4.62
mask_181,209.3,11.39,4.61
mask_182,191.92,11.69,4.12
mask_183,224.54,11.8,4.78
mask_184,165.58,8.88,4.68
mask_185,125.37,8.03,3.92
mask_186,278.93,13.72,5.1
mask_187,137.42,10.35,3.33
mask_188,183.84,10.62,4.35
mask_189,113.05,7.92,3.58
mask_190,133.07,9.07,3.68
mask_191,239.22,12.5,4.8
mask_192,210.73,11.43,4.63
mask_193,167.06,9.51,4.41
mask_194,200.28,12.53,4.01
mask_195,246.24,14.09,4.39
mask_196,105.96,9.91,2.68
mask_197,232.07,12.69,4.59
mask_198,199.46,11.13,4.5
mask_199,250.28,10.78,5.83
mask_200,178.28,8.53,5.24
mask_201,234.6,11.31,5.21
mask_202,195.33,11.09,4.42
mask_203,198.0,14.0,3.55
mask_204,253.14,13.43,4.73
mask_205,160.68,9.73,4.14
mask_206,121.47,9.26,3.29
mask_207,305.88,14.09,5.45
mask_208,195.28,11.82,4.15
mask_209,164.64,9.96,4.15
mask_210,324.47,15.58,5.23
mask_211,126.47,9.52,3.34
mask_212,127.41,8.87,3.61
mask_213,238.95,12.33,4.86
mask_214,279.59,15.22,4.61
mask_215,240.43,13.12,4.6
mask_216,116.13,8.48,3.44
mask_217,176.41,9.76,4.54
mask_218,139.62,7.78,4.5
mask_219,235.54,15.1,3.92
mask_220,169.37,9.72,4.37
mask_221,225.47,11.96,4.73
mask_222,188.24,10.51,4.5
mask_223,190.0,12.6,3.78
mask_224,129.77,10.29,3.17
mask_225,213.92,12.12,4.43
mask_226,212.05,10.87,4.9
mask_227,227.43,11.7,4.88
mask_228,124.6,7.56,4.14
mask_229,211.83,12.01,4.43
mask_230,178.37,11.54,3.88
mask_231,204.68,9.82,5.23
mask_232,250.94,11.6,5.43
mask_233,172.97,11.93,3.64
mask_234,249.34,13.49,4.64
mask_235,115.42,8.93,3.24
mask_236,213.59,12.66,4.23
mask_237,131.42,10.39,3.18
mask_238,183.01,9.61,4.78
mask_239,174.93,11.03,3.98
mask_240,160.52,10.37,3.89
mask_241,193.79,11.62,4.19
mask_242,253.8,14.28,4.46
mask_243,188.29,11.64,4.06
mask_244,157.93,11.89,3.33
mask_245,227.78,11.9,4.8
mask_246,195.5,11.82,4.15
mask_247,143.85,10.01,3.61
mask_248,223.49,11.34,4.95
mask_249,217.55,13.07,4.18
mask_250,140.0,8.76,4.01
mask_251,143.52,9.13,3.95
mask_252,213.92,12.64,4.25
mask_253,233.78,12.76,4.6
mask_254,238.29,12.89,4.64
mask_255,159.09,8.21,4.86
mask_256,166.18,6.63,6.28
mask_257,152.65,10.63,3.6
mask_258,138.3,9.41,3.69
mask_259,127.02,9.73,3.28
mask_260,179.66,10.71,4.21
mask_261,119.1,8.4,3.56
mask_262,177.35,8.84,5.04
mask_263,162.99,8.49,4.82
mask_264,251.16,12.55,5.03
mask_265,172.89,10.67,4.07
mask_266,174.93,11.22,3.91
mask_267,243.57,12.96,4.72
mask_268,206.61,11.22,4.62
mask_269,150.78,11.37,3.33
mask_270,232.07,13.9,4.19
mask_271,219.64,20.04,2.75
mask_272,154.47,9.54,4.07
mask_273,214.64,11.82,4.56
mask_274,85.61,8.52,2.52
mask_275,212.11,9.93,5.36
mask_276,175.26,12.24,3.59
mask_277,178.39,10.24,4.37
mask_278,155.18,8.33,4.68
mask_279,315.62,13.69,5.79
mask_280,146.93,8.83,4.18
mask_281,177.79,10.97,4.07
mask_282,176.41,12.39,3.57
mask_283,166.35,11.39,3.67
mask_284,87.7,7.55,2.92
mask_285,245.82,15.1,4.09
mask_286,226.79,10.4,5.48
mask_287,136.87,8.25,4.17
mask_288,248.02,13.0,4.79
mask_289,116.02,8.49,3.43
mask_290,169.98,12.42,3.44
mask_291,258.58,15.57,4.17
mask_292,181.58,10.07,4.53
mask_293,141.21,9.08,3.9
mask_294,116.24,6.71,4.35
mask_295,259.79,13.17,4.95
mask_296,107.44,8.89,3.03
mask_297,216.43,12.72,4.27
mask_298,252.2,13.53,4.68
mask_299,185.82,11.12,4.2
mask_300,174.76,10.19,4.3
mask_301,257.59,13.23,4.89
mask_302,136.37,8.41,4.07
mask_303,102.93,8.07,3.2
mask_304,190.93,10.69,4.48
mask_305,143.25,9.35,3.85
mask_306,250.11,12.18,5.15
mask_307,195.99,11.66,4.22
mask_308,229.54,10.11,5.7
mask_309,138.85,10.39,3.36
mask_310,215.46,16.96,3.19
mask_311,210.62,10.84,4.88
mask_312,159.09,10.88,3.67
mask_313,170.31,7.82,5.46
mask_314,129.5,9.05,3.59
mask_315,157.33,8.9,4.44
mask_316,349.66,16.99,5.17
mask_317,195.53,11.52,4.26
mask_318,157.77,11.65,3.4
mask_319,156.23,8.37,4.69
mask_320,172.56,9.73,4.45
mask_321,180.7,12.04,3.77
mask_322,154.63,10.18,3.81
mask_323,191.98,10.71,4.5
mask_324,103.98,8.53,3.06
mask_325,265.02,11.0,6.05
mask_326,213.73,11.39,4.71
mask_327,224.48,11.16,5.05
mask_328,195.0,11.65,4.2
mask_329,165.72,9.39,4.43
mask_330,171.19,10.86,3.96
mask_331,89.95,8.37,2.7
mask_332,102.49,14.72,1.75
mask_333,169.81,11.02,3.87
mask_334,173.66,10.81,4.03
mask_335,111.95,7.02,4.0
mask_336,157.33,10.14,3.9
mask_337,163.49,8.3,4.94
mask_338,286.8,15.7,4.59
mask_339,173.0,9.39,4.63
mask_340,208.75,8.7,6.02
mask_341,232.13,12.04,4.84
mask_342,178.5,10.82,4.14
mask_343,241.06,12.96,4.67
mask_344,180.15,11.93,3.79
mask_345,203.14,12.3,4.14
mask_346,197.04,9.25,5.34
mask_347,119.54,9.01,3.33
mask_348,175.81,10.08,4.38
mask_349,264.03,15.29,4.33
mask_350,156.94,9.76,4.04
mask_351,137.42,9.44,3.65
mask_352,225.8,11.3,5.02
mask_353,115.42,6.53,4.44
mask_354,107.17,9.04,2.98
mask_355,162.58,9.03,4.52
mask_356,211.01,12.15,4.36
mask_357,174.6,9.32,4.7
mask_358,188.84,10.89,4.35
mask_359,210.87,12.2,4.34
mask_360,114.65,9.87,2.92
mask_361,188.35,9.77,4.84
mask_362,91.22,7.52,3.04
mask_363,213.21,9.46,5.66
mask_364,248.1,12.78,4.87
mask_365,142.31,11.48,3.11
mask_366,233.61,10.8,5.43
mask_367,174.43,8.34,5.25
mask_368,112.72,7.55,3.75
mask_369,201.25,13.11,3.85
mask_370,217.99,13.22,4.14
mask_371,175.31,11.74,3.75
mask_372,140.61,9.47,3.73
mask_373,201.05,10.37,4.87
mask_374,115.31,7.76,3.73
mask_375,187.58,8.95,5.26
mask_376,108.38,8.5,3.2
mask_377,236.47,14.42,4.12
mask_378,89.73,7.58,2.97
mask_379,241.09,14.96,4.05
mask_380,119.65,8.28,3.63
mask_381,75.6,6.55,2.9
mask_382,170.53,10.61,4.03
mask_383,157.66,10.26,3.86
mask_384,225.14,14.56,3.88
mask_385,154.58,10.67,3.64
mask_386,132.91,8.64,3.86
mask_387,188.57,13.0,3.64
mask_388,186.75,11.85,3.96
mask_389,159.58,10.91,3.67
mask_390,168.99,10.41,4.07
mask_391,155.4,9.62,4.06
mask_392,226.85,14.78,3.85
mask_393,56.62,6.08,2.34
mask_394,224.59,10.01,5.63
mask_395,179.49,8.56,5.26
MaskID,Area(mm^2),Length(mm),Width(mm)
mask_0,236.47,13.97,4.25
mask_1,227.51,14.18,4.03
MaskID,Area(mm^2),Length(mm),Width(mm)
mask_0,285.92,13.93,5.15
mask_1,319.36,14.84,5.4
mask_2,229.82,12.67,4.55
mask_3,292.13,14.22,5.16
mask_4,210.1,11.13,4.74
mask_5,211.12,11.03,4.81
mask_6,253.14,13.46,4.72
mask_7,241.7,13.81,4.39
mask_8,244.23,11.75,5.22
mask_9,252.48,13.79,4.6
mask_10,241.64,13.53,4.48
mask_11,256.88,12.37,5.21
mask_12,230.31,13.78,4.2
mask_13,228.53,11.27,5.09
mask_14,271.62,11.66,5.85
mask_15,240.49,13.85,4.36
mask_16,235.92,12.12,4.89
mask_17,277.17,12.3,5.66
mask_18,236.22,11.88,4.99
mask_19,236.69,12.31,4.83
mask_20,216.45,13.1,4.15
mask_21,217.44,12.23,4.46
mask_22,252.37,12.96,4.89
mask_23,233.06,12.58,4.65
mask_24,189.28,11.17,4.25
mask_25,235.87,11.22,5.28
mask_26,257.62,12.79,5.05
mask_27,277.25,13.77,5.05
mask_28,274.64,13.76,5.01
mask_29,244.56,11.82,5.19
mask_30,203.42,11.94,4.28
mask_31,199.18,11.08,4.51
mask_32,233.45,11.97,4.9
mask_33,261.66,14.99,4.38
mask_34,178.5,13.09,3.42
mask_35,231.63,12.91,4.5
mask_36,229.82,13.01,4.43
mask_37,272.42,13.35,5.12
mask_38,223.13,12.7,4.41
mask_39,112.89,9.1,3.11
mask_40,222.01,12.25,4.55
mask_41,258.8,13.84,4.69
mask_42,225.22,13.67,4.14
mask_43,216.56,10.79,5.04
mask_44,182.68,11.23,4.09
mask_45,142.7,9.67,3.71
mask_46,218.21,11.44,4.79
mask_47,270.52,13.79,4.92
mask_48,155.13,11.83,3.29
mask_49,162.99,10.44,3.92
mask_50,290.84,14.49,5.04
mask_51,283.72,13.28,5.36
mask_52,299.83,14.79,5.09
mask_53,187.69,11.61,4.06
mask_54,238.18,11.22,5.33
mask_55,238.45,11.61,5.16
mask_56,248.3,13.37,4.66
mask_57,222.67,12.33,4.53
mask_58,241.31,12.25,4.95
mask_59,183.23,12.24,3.76
mask_60,117.95,7.47,3.96
mask_61,256.33,12.44,5.17
mask_62,254.73,12.38,5.16
mask_63,282.78,14.75,4.81
mask_64,236.36,13.46,4.41
mask_65,267.6,13.06,5.14
mask_66,205.78,11.22,4.6
mask_67,212.52,10.24,5.21
mask_68,276.46,13.09,5.3
mask_69,276.32,14.96,4.64
mask_70,133.62,8.03,4.17
mask_71,280.42,12.72,5.53
mask_72,206.94,12.13,4.28
mask_73,254.98,13.35,4.79
mask_74,268.15,11.68,5.76
mask_75,241.7,11.89,5.1
mask_76,131.31,8.42,3.91
mask_77,180.98,9.7,4.68
mask_78,234.0,17.69,3.32
mask_79,177.07,10.17,4.37
mask_80,240.71,14.61,4.14
mask_81,222.5,12.31,4.54
mask_82,199.62,12.4,4.04
mask_83,207.54,10.93,4.77
mask_84,171.08,10.0,4.3
mask_85,266.61,12.15,5.51
mask_86,238.43,13.52,4.43
mask_87,237.52,13.63,4.37
mask_88,247.53,12.7,4.89
mask_89,214.56,9.98,5.39
mask_90,239.83,12.88,4.68
mask_91,169.59,12.19,3.49
mask_92,267.66,13.28,5.06
mask_93,194.51,12.5,3.91
mask_94,212.16,10.22,5.21
mask_95,171.52,9.84,4.38
mask_96,248.57,13.24,4.71
mask_97,171.85,10.19,4.23
mask_98,217.77,11.57,4.73
mask_99,222.5,12.28,4.55
mask_100,246.26,12.23,5.05
mask_101,171.24,11.57,3.71
mask_102,247.53,13.82,4.5
mask_103,296.31,14.0,5.31
mask_104,235.15,14.66,4.03
mask_105,302.28,17.13,4.43
mask_106,198.96,9.81,5.09
mask_107,138.9,9.14,3.82
mask_108,260.12,13.01,5.02
mask_109,286.52,13.29,5.41
mask_110,298.51,15.25,4.91
mask_111,289.71,13.74,5.29
mask_112,202.7,10.71,4.75
mask_113,197.92,9.73,5.1
mask_114,156.56,10.22,3.85
mask_115,144.29,14.54,2.49
mask_116,200.56,10.4,4.84
mask_117,183.4,8.12,5.67
mask_118,279.65,14.97,4.69
mask_119,201.93,11.35,4.47
mask_120,233.06,11.51,5.08
mask_121,249.78,13.32,4.71
mask_122,219.15,11.49,4.79
mask_123,252.42,12.63,5.02
mask_124,177.51,9.91,4.5
mask_125,184.99,11.08,4.19
mask_126,121.91,10.85,2.82
mask_127,151.0,9.62,3.94
mask_128,249.4,13.47,4.65
mask_129,253.19,14.7,4.32
mask_130,155.62,9.98,3.91
mask_131,226.74,10.75,5.3
mask_132,259.68,13.32,4.9
mask_133,112.56,9.11,3.1
mask_134,131.2,8.31,3.96
mask_135,118.99,8.59,3.48
mask_136,246.59,11.06,5.6
mask_137,181.53,12.63,3.61
mask_138,209.52,10.55,4.98
mask_139,226.74,12.11,4.7
mask_140,166.02,10.57,3.94
mask_141,150.07,10.72,3.51
mask_142,200.17,9.7,5.18
mask_143,194.84,10.2,4.79
mask_144,208.81,11.2,4.68
mask_145,247.31,15.53,4.0
mask_146,277.5,14.65,4.76
mask_147,223.6,12.13,4.63
mask_148,216.4,12.49,4.35
mask_149,184.99,11.59,4.01
mask_150,156.89,10.25,3.84
mask_151,197.26,11.58,4.28
mask_152,212.99,12.17,4.39
mask_153,191.21,10.74,4.47
mask_154,255.47,17.04,3.76
mask_155,279.65,13.59,5.17
mask_156,266.89,14.41,4.65
mask_157,189.45,11.71,4.06
mask_158,165.41,11.67,3.56
mask_159,242.85,13.97,4.36
mask_160,147.59,8.43,4.4
mask_161,120.15,8.57,3.52
mask_162,228.55,11.88,4.83
mask_163,221.68,11.99,4.64
mask_164,305.61,14.18,5.41
mask_165,175.64,10.75,4.1
mask_166,201.27,10.98,4.6
mask_167,246.7,13.11,4.73
mask_168,189.78,10.87,4.38
mask_169,206.44,11.51,4.5
mask_170,193.57,10.96,4.43
mask_171,161.51,10.3,3.94
mask_172,117.4,8.01,3.68
mask_173,228.33,11.23,5.11
mask_174,267.11,15.04,4.46
mask_175,148.36,8.31,4.48
mask_176,264.36,12.04,5.51
mask_177,184.5,8.66,5.35
mask_178,249.56,12.43,5.04
mask_179,242.63,11.74,5.19
mask_180,132.38,7.2,4.62
mask_181,209.3,11.39,4.61
mask_182,191.92,11.69,4.12
mask_183,224.54,11.8,4.78
mask_184,165.58,8.88,4.68
mask_185,125.37,8.03,3.92
mask_186,278.93,13.72,5.1
mask_187,137.42,10.35,3.33
mask_188,183.84,10.62,4.35
mask_189,113.05,7.92,3.58
mask_190,133.07,9.07,3.68
mask_191,239.22,12.5,4.8
mask_192,210.73,11.43,4.63
mask_193,167.06,9.51,4.41
mask_194,200.28,12.53,4.01
mask_195,246.24,14.09,4.39
mask_196,105.96,9.91,2.68
mask_197,232.07,12.69,4.59
mask_198,199.46,11.13,4.5
mask_199,250.28,10.78,5.83
mask_200,178.28,8.53,5.24
mask_201,234.6,11.31,5.21
mask_202,195.33,11.09,4.42
mask_203,198.0,14.0,3.55
mask_204,253.14,13.43,4.73
mask_205,160.68,9.73,4.14
mask_206,121.47,9.26,3.29
mask_207,305.88,14.09,5.45
mask_208,195.28,11.82,4.15
mask_209,164.64,9.96,4.15
mask_210,324.47,15.58,5.23
mask_211,126.47,9.52,3.34
mask_212,127.41,8.87,3.61
mask_213,238.95,12.33,4.86
mask_214,279.59,15.22,4.61
mask_215,240.43,13.12,4.6
mask_216,116.13,8.48,3.44
mask_217,176.41,9.76,4.54
mask_218,139.62,7.78,4.5
mask_219,235.54,15.1,3.92
mask_220,169.37,9.72,4.37
mask_221,225.47,11.96,4.73
mask_222,188.24,10.51,4.5
mask_223,190.0,12.6,3.78
mask_224,129.77,10.29,3.17
mask_225,213.92,12.12,4.43
mask_226,212.05,10.87,4.9
mask_227,227.43,11.7,4.88
mask_228,124.6,7.56,4.14
mask_229,211.83,12.01,4.43
mask_230,178.37,11.54,3.88
mask_231,204.68,9.82,5.23
mask_232,250.94,11.6,5.43
mask_233,172.97,11.93,3.64
mask_234,249.34,13.49,4.64
mask_235,115.42,8.93,3.24
mask_236,213.59,12.66,4.23
mask_237,131.42,10.39,3.18
mask_238,183.01,9.61,4.78
mask_239,174.93,11.03,3.98
mask_240,160.52,10.37,3.89
mask_241,193.79,11.62,4.19
mask_242,253.8,14.28,4.46
mask_243,188.29,11.64,4.06
mask_244,157.93,11.89,3.33
mask_245,227.78,11.9,4.8
mask_246,195.5,11.82,4.15
mask_247,143.85,10.01,3.61
mask_248,223.49,11.34,4.95
mask_249,217.55,13.07,4.18
mask_250,140.0,8.76,4.01
mask_251,143.52,9.13,3.95
mask_252,213.92,12.64,4.25
mask_253,233.78,12.76,4.6
mask_254,238.29,12.89,4.64
mask_255,159.09,8.21,4.86
mask_256,166.18,6.63,6.28
mask_257,152.65,10.63,3.6
mask_258,138.3,9.41,3.69
mask_259,127.02,9.73,3.28
mask_260,179.66,10.71,4.21
mask_261,119.1,8.4,3.56
mask_262,177.35,8.84,5.04
mask_263,162.99,8.49,4.82
mask_264,251.16,12.55,5.03
mask_265,172.89,10.67,4.07
mask_266,174.93,11.22,3.91
mask_267,243.57,12.96,4.72
mask_268,206.61,11.22,4.62
mask_269,150.78,11.37,3.33
mask_270,232.07,13.9,4.19
mask_271,219.64,20.04,2.75
mask_272,154.47,9.54,4.07
mask_273,214.64,11.82,4.56
mask_274,85.61,8.52,2.52
mask_275,212.11,9.93,5.36
mask_276,175.26,12.24,3.59
mask_277,178.39,10.24,4.37
mask_278,155.18,8.33,4.68
mask_279,315.62,13.69,5.79
mask_280,146.93,8.83,4.18
mask_281,177.79,10.97,4.07
mask_282,176.41,12.39,3.57
mask_283,166.35,11.39,3.67
mask_284,87.7,7.55,2.92
mask_285,245.82,15.1,4.09
mask_286,226.79,10.4,5.48
mask_287,136.87,8.25,4.17
mask_288,248.02,13.0,4.79
mask_289,116.02,8.49,3.43
mask_290,169.98,12.42,3.44
mask_291,258.58,15.57,4.17
mask_292,181.58,10.07,4.53
mask_293,141.21,9.08,3.9
mask_294,116.24,6.71,4.35
mask_295,259.79,13.17,4.95
mask_296,107.44,8.89,3.03
mask_297,216.43,12.72,4.27
mask_298,252.2,13.53,4.68
mask_299,185.82,11.12,4.2
mask_300,174.76,10.19,4.3
mask_301,257.59,13.23,4.89
mask_302,136.37,8.41,4.07
mask_303,102.93,8.07,3.2
mask_304,190.93,10.69,4.48
mask_305,143.25,9.35,3.85
mask_306,250.11,12.18,5.15
mask_307,195.99,11.66,4.22
mask_308,229.54,10.11,5.7
mask_309,138.85,10.39,3.36
mask_310,215.46,16.96,3.19
mask_311,210.62,10.84,4.88
mask_312,159.09,10.88,3.67
mask_313,170.31,7.82,5.46
mask_314,129.5,9.05,3.59
mask_315,157.33,8.9,4.44
mask_316,349.66,16.99,5.17
mask_317,195.53,11.52,4.26
mask_318,157.77,11.65,3.4
mask_319,156.23,8.37,4.69
mask_320,172.56,9.73,4.45
mask_321,180.7,12.04,3.77
mask_322,154.63,10.18,3.81
mask_323,191.98,10.71,4.5
mask_324,103.98,8.53,3.06
mask_325,265.02,11.0,6.05
mask_326,213.73,11.39,4.71
mask_327,224.48,11.16,5.05
mask_328,195.0,11.65,4.2
mask_329,165.72,9.39,4.43
mask_330,171.19,10.86,3.96
mask_331,89.95,8.37,2.7
mask_332,102.49,14.72,1.75
mask_333,169.81,11.02,3.87
mask_334,173.66,10.81,4.03
mask_335,111.95,7.02,4.0
mask_336,157.33,10.14,3.9
mask_337,163.49,8.3,4.94
mask_338,286.8,15.7,4.59
mask_339,173.0,9.39,4.63
mask_340,208.75,8.7,6.02
mask_341,232.13,12.04,4.84
mask_342,178.5,10.82,4.14
mask_343,241.06,12.96,4.67
mask_344,180.15,11.93,3.79
mask_345,203.14,12.3,4.14
mask_346,197.04,9.25,5.34
mask_347,119.54,9.01,3.33
mask_348,175.81,10.08,4.38
mask_349,264.03,15.29,4.33
mask_350,156.94,9.76,4.04
mask_351,137.42,9.44,3.65
mask_352,225.8,11.3,5.02
mask_353,115.42,6.53,4.44
mask_354,107.17,9.04,2.98
mask_355,162.58,9.03,4.52
mask_356,211.01,12.15,4.36
mask_357,174.6,9.32,4.7
mask_358,188.84,10.89,4.35
mask_359,210.87,12.2,4.34
mask_360,114.65,9.87,2.92
mask_361,188.35,9.77,4.84
mask_362,91.22,7.52,3.04
mask_363,213.21,9.46,5.66
mask_364,248.1,12.78,4.87
mask_365,142.31,11.48,3.11
mask_366,233.61,10.8,5.43
mask_367,174.43,8.34,5.25
mask_368,112.72,7.55,3.75
mask_369,201.25,13.11,3.85
mask_370,217.99,13.22,4.14
mask_371,175.31,11.74,3.75
mask_372,140.61,9.47,3.73
mask_373,201.05,10.37,4.87
mask_374,115.31,7.76,3.73
mask_375,187.58,8.95,5.26
mask_376,108.38,8.5,3.2
mask_377,236.47,14.42,4.12
mask_378,89.73,7.58,2.97
mask_379,241.09,14.96,4.05
mask_380,119.65,8.28,3.63
mask_381,75.6,6.55,2.9
mask_382,170.53,10.61,4.03
mask_383,157.66,10.26,3.86
mask_384,225.14,14.56,3.88
mask_385,154.58,10.67,3.64
mask_386,132.91,8.64,3.86
mask_387,188.57,13.0,3.64
mask_388,186.75,11.85,3.96
mask_389,159.58,10.91,3.67
mask_390,168.99,10.41,4.07
mask_391,155.4,9.62,4.06
mask_392,226.85,14.78,3.85
mask_393,56.62,6.08,2.34
mask_394,224.59,10.01,5.63
mask_395,179.49,8.56,5.26
MaskID,Area(mm^2),Length(mm),Width(mm)
mask_0,235.34,12.75,4.63
mask_1,226.63,13.51,4.21
mask_2,252.42,14.46,4.38
mask_3,293.07,12.85,5.72
mask_4,264.69,15.05,4.41
mask_5,279.15,14.76,4.75
mask_6,239.09,12.76,4.7
mask_7,194.45,10.36,4.71
mask_8,216.4,12.77,4.25
mask_9,237.74,12.98,4.6
mask_10,215.85,13.42,4.04
mask_11,239.61,12.96,4.64
mask_12,197.56,13.56,3.66
mask_13,245.05,13.65,4.51
mask_14,266.72,12.34,5.43
mask_15,209.96,11.73,4.49
mask_16,258.97,13.21,4.92
mask_17,263.86,13.84,4.79
mask_18,237.35,12.65,4.71
mask_19,125.15,9.52,3.3
mask_20,238.45,12.39,4.83
mask_21,221.73,10.83,5.14
mask_22,159.97,11.11,3.62
mask_23,224.15,13.65,4.12
mask_24,303.79,15.5,4.92
mask_25,252.48,11.68,5.43
mask_26,272.33,12.19,5.61
mask_27,216.89,11.31,4.81
mask_28,286.36,12.77,5.63
mask_29,239.83,12.94,4.65
mask_30,173.44,11.42,3.81
mask_31,268.04,12.92,5.21
mask_32,253.41,12.27,5.18
mask_33,214.64,13.12,4.11
mask_34,191.81,13.87,3.47
mask_35,144.4,10.92,3.32
mask_36,235.59,12.27,4.82
mask_37,304.34,14.19,5.38
mask_38,258.91,14.65,4.44
mask_39,280.36,15.77,4.46
mask_40,145.17,9.82,3.71
mask_41,187.47,11.97,3.93
mask_42,218.29,14.26,3.84
mask_43,291.31,18.03,4.05
mask_44,225.14,11.67,4.84
mask_45,275.94,14.13,4.9
mask_46,149.85,11.23,3.35
mask_47,170.75,12.21,3.51
mask_48,221.02,11.34,4.89
mask_49,244.17,10.99,5.57
mask_50,226.3,12.01,4.73
mask_51,287.51,13.23,5.45
mask_52,156.61,10.39,3.78
mask_53,299.78,14.81,5.08
mask_54,297.99,13.48,5.55
mask_55,175.59,11.83,3.72
mask_56,207.6,11.45,4.55
mask_57,174.71,10.71,4.1
mask_58,153.53,10.45,3.69
mask_59,195.06,10.47,4.67
mask_60,172.18,10.39,4.16
mask_61,291.67,14.87,4.92
mask_62,150.95,11.26,3.36
mask_63,237.24,15.21,3.92
mask_64,253.36,12.4,5.13
mask_65,239.77,13.06,4.61
mask_66,158.98,9.25,4.32
mask_67,194.12,10.86,4.49
mask_68,280.09,13.29,5.29
mask_69,253.03,13.88,4.58
mask_70,205.51,11.12,4.64
mask_71,326.45,15.17,5.4
mask_72,262.02,12.21,5.39
mask_73,223.88,12.43,4.52
mask_74,255.12,13.76,4.66
mask_75,252.48,11.23,5.65
mask_76,235.24,14.19,4.16
mask_77,279.87,12.47,5.63
mask_78,193.08,12.07,4.01
mask_79,241.26,12.39,4.89
mask_80,224.04,10.76,5.23
mask_81,221.35,11.39,4.88
mask_82,307.73,22.94,3.37
mask_83,206.44,12.04,4.3
mask_84,247.0,12.2,5.08
mask_85,369.35,16.87,5.5
mask_86,199.57,13.17,3.8
mask_87,212.88,11.15,4.79
mask_88,187.47,9.94,4.74
mask_89,271.89,12.02,5.68
mask_90,165.6,9.67,4.3
mask_91,151.61,9.64,3.95
mask_92,159.58,9.57,4.19
mask_93,272.61,14.53,4.71
mask_94,212.44,13.09,4.07
mask_95,206.0,11.92,4.34
mask_96,231.41,12.76,4.55
mask_97,129.28,10.33,3.14
mask_98,198.63,11.29,4.42
mask_99,201.66,11.45,4.42
mask_100,199.68,9.87,5.08
mask_101,272.11,12.95,5.28
mask_102,264.25,12.51,5.3
mask_103,232.4,11.71,4.98
mask_104,303.88,14.85,5.14
mask_105,217.83,12.86,4.25
mask_106,234.11,13.2,4.45
mask_107,200.06,12.21,4.11
mask_108,185.49,12.43,3.75
mask_109,255.5,15.94,4.02
mask_110,162.88,10.35,3.95
mask_111,234.16,10.87,5.41
mask_112,165.47,11.06,3.76
mask_113,177.79,11.03,4.05
mask_114,171.02,8.76,4.9
mask_115,203.09,11.74,4.34
mask_116,173.28,9.33,4.66
mask_117,135.49,10.45,3.25
mask_118,270.46,15.41,4.41
mask_119,225.8,12.86,4.41
mask_120,227.23,12.36,4.61
mask_121,185.32,11.04,4.21
mask_122,246.18,13.71,4.51
mask_123,175.86,10.45,4.23
mask_124,222.28,12.96,4.3
mask_125,109.92,7.65,3.61
mask_126,270.02,14.13,4.8
mask_127,156.39,8.97,4.38
mask_128,235.76,10.98,5.39
mask_129,221.18,11.45,4.85
mask_130,242.36,13.21,4.61
mask_131,235.59,11.46,5.16
mask_132,193.35,11.71,4.14
mask_133,252.04,14.23,4.45
mask_134,232.35,12.08,4.83
mask_135,231.52,11.79,4.93
mask_136,154.74,8.37,4.64
mask_137,242.85,12.88,4.73
mask_138,210.18,10.64,4.96
mask_139,286.69,13.48,5.34
mask_140,123.5,9.93,3.12
mask_141,268.54,18.28,3.69
mask_142,146.57,12.32,2.99
mask_143,215.9,10.46,5.18
mask_144,211.83,10.55,5.04
mask_145,109.28,12.66,2.17
mask_146,137.31,9.0,3.83
mask_147,119.27,7.27,4.12
mask_148,198.63,10.68,4.67
mask_149,148.47,11.11,3.35
mask_150,209.63,10.03,5.25
mask_151,183.73,10.29,4.48
mask_152,307.75,15.5,4.99
mask_153,181.36,10.69,4.26
mask_154,212.71,14.14,3.78
mask_155,205.12,10.18,5.06
mask_156,184.88,13.06,3.55
mask_157,138.35,11.51,3.02
mask_158,230.04,10.85,5.32
mask_159,134.06,8.56,3.93
mask_160,209.14,11.42,4.6
mask_161,204.79,12.12,4.24
mask_162,166.71,10.51,3.98
mask_163,157.93,10.12,3.92
mask_164,169.04,10.27,4.13
mask_165,149.02,11.44,3.27
mask_166,137.31,8.6,4.01
mask_167,240.43,12.35,4.89
mask_168,236.75,16.07,3.7
mask_169,206.33,13.16,3.93
mask_170,190.91,11.84,4.05
mask_171,220.0,12.17,4.54
mask_172,214.2,12.1,4.44
mask_173,186.97,12.27,3.83
mask_174,222.09,12.85,4.34
mask_175,188.46,11.2,4.22
mask_176,316.17,14.46,5.49
mask_177,196.49,10.9,4.52
mask_178,249.62,12.97,4.83
mask_179,124.0,8.35,3.73
mask_180,41.09,4.0,2.58
mask_181,108.54,8.79,3.1
mask_182,209.69,11.7,4.5
mask_183,144.35,9.96,3.64
mask_184,254.24,13.05,4.89
mask_185,187.3,12.51,3.76
mask_186,240.27,12.08,4.99
mask_187,299.78,15.54,4.84
mask_188,180.65,11.06,4.1
mask_189,239.33,11.32,5.31
mask_190,193.41,10.71,4.53
mask_191,170.86,10.95,3.92
mask_192,234.71,14.49,4.07
mask_193,202.37,13.11,3.87
mask_194,180.76,11.94,3.8
mask_195,136.26,9.96,3.44
mask_196,114.21,9.08,3.16
mask_197,249.34,15.18,4.12
mask_198,141.65,9.53,3.73
mask_199,229.93,14.27,4.05
mask_200,215.35,10.64,5.08
mask_201,198.96,11.19,4.47
mask_202,224.04,12.28,4.58
mask_203,220.58,12.31,4.5
mask_204,205.51,10.95,4.71
mask_205,215.08,10.71,5.04
mask_206,163.6,8.67,4.74
mask_207,81.65,6.31,3.25
mask_208,187.36,12.48,3.77
mask_209,199.4,11.98,4.18
mask_210,177.71,15.72,2.84
mask_211,238.84,14.77,4.06
mask_212,173.55,10.74,4.06
mask_213,146.0,10.48,3.5
mask_214,199.57,11.11,4.51
mask_215,214.61,11.82,4.56
mask_216,153.75,9.68,3.99
mask_217,203.36,13.18,3.87
mask_218,160.52,10.12,3.98
mask_219,311.49,15.15,5.16
mask_220,282.29,13.55,5.23
mask_221,258.86,14.24,4.56
mask_222,212.16,11.49,4.64
mask_223,232.13,14.08,4.14
mask_224,175.15,11.99,3.67
mask_225,303.46,14.52,5.25
mask_226,225.91,10.84,5.23
mask_227,158.7,12.21,3.26
mask_228,175.86,9.89,4.46
mask_229,180.81,12.52,3.63
mask_230,145.72,10.26,3.57
mask_231,138.46,10.54,3.3
mask_232,207.62,10.97,4.75
mask_233,167.89,9.16,4.6
mask_234,196.76,10.76,4.59
mask_235,178.83,9.88,4.54
mask_236,175.75,12.03,3.67
mask_237,215.71,13.58,3.99
mask_238,188.65,10.71,4.42
mask_239,238.4,11.45,5.23
mask_240,176.8,12.33,3.6
mask_241,191.81,12.33,3.9
mask_242,157.22,11.38,3.47
mask_243,132.03,8.7,3.81
mask_244,254.13,15.72,4.06
mask_245,205.07,12.82,4.01
mask_246,195.88,11.43,4.3
mask_247,132.8,9.38,3.55
mask_248,167.12,10.87,3.86
mask_249,139.4,8.21,4.26
mask_250,154.19,10.03,3.86
mask_251,225.8,10.19,5.56
mask_252,186.26,13.11,3.57
mask_253,89.95,7.37,3.06
mask_254,176.8,9.29,4.78
mask_255,198.72,11.44,4.36
mask_256,279.01,14.45,4.85
mask_257,170.64,9.98,4.29
mask_258,185.6,11.02,4.23
mask_259,146.88,9.36,3.94
mask_260,200.78,11.2,4.5
mask_261,166.68,11.93,3.51
mask_262,104.47,8.84,2.97
mask_263,172.34,12.05,3.59
mask_264,141.49,9.62,3.69
mask_265,263.39,13.35,4.95
mask_266,219.7,12.34,4.47
mask_267,236.91,13.44,4.42
mask_268,227.95,12.7,4.51
mask_269,181.75,11.29,4.04
mask_270,137.8,8.54,4.05
mask_271,231.74,12.87,4.52
mask_272,121.96,9.41,3.25
mask_273,199.57,10.54,4.75
mask_274,149.3,9.46,3.96
mask_275,212.3,13.06,4.08
mask_276,175.15,11.31,3.89
mask_277,184.72,13.35,3.47
mask_278,182.41,13.98,3.27
mask_279,155.4,9.99,3.91
mask_280,152.1,10.36,3.68
mask_281,278.27,14.92,4.68
mask_282,269.25,15.85,4.27
mask_283,168.77,8.85,4.79
mask_284,132.14,9.69,3.42
mask_285,237.41,11.66,5.11
mask_286,240.43,10.9,5.54
mask_287,156.56,9.34,4.21
mask_288,227.84,11.49,4.98
mask_289,220.91,12.16,4.56
mask_290,219.92,12.85,4.3
mask_291,213.7,12.06,4.45
mask_292,146.99,7.92,4.66
mask_293,162.55,10.45,3.91
mask_294,237.24,12.95,4.6
mask_295,138.35,9.9,3.51
mask_296,235.54,10.69,5.53
mask_297,146.0,10.23,3.58
mask_298,114.59,9.82,2.93
mask_299,183.67,11.79,3.91
mask_300,178.94,11.37,3.95
mask_301,171.79,9.31,4.63
mask_302,193.85,13.25,3.67
mask_303,191.81,11.66,4.13
mask_304,221.24,14.25,3.9
mask_305,160.74,9.89,4.08
mask_306,276.21,14.05,4.94
mask_307,142.7,9.22,3.88
mask_308,163.71,9.23,4.45
mask_309,305.22,14.23,5.39
mask_310,230.75,12.5,4.64
mask_311,185.76,11.94,3.91
mask_312,201.16,17.83,2.83
mask_313,117.95,8.18,3.62
mask_314,142.26,8.42,4.24
mask_315,146.88,9.67,3.81
mask_316,164.2,11.55,3.57
mask_317,173.33,11.41,3.81
mask_318,112.83,9.85,2.88
mask_319,178.12,11.71,3.82
mask_320,172.18,10.36,4.17
mask_321,185.98,11.52,4.05
mask_322,222.39,12.74,4.38
mask_323,228.33,14.66,3.91
mask_324,157.22,9.0,4.38
mask_325,175.86,10.85,4.07
mask_326,216.78,11.74,4.63
mask_327,177.18,10.77,4.13
mask_328,112.06,10.28,2.74
mask_329,281.13,18.07,3.9
mask_330,171.96,9.16,4.71
mask_331,260.56,13.42,4.87
mask_332,234.49,11.8,4.99
mask_333,127.33,9.86,3.24
mask_334,110.36,6.6,4.2
mask_335,127.02,9.58,3.33
mask_336,271.89,15.54,4.39
mask_337,219.28,12.83,4.29
mask_338,128.67,9.89,3.27
mask_339,228.5,12.26,4.68
mask_340,181.42,11.89,3.83
mask_341,257.45,13.35,4.84
mask_342,156.45,11.0,3.57
mask_343,118.22,8.44,3.52
mask_344,214.69,11.83,4.56
mask_345,122.35,7.7,3.99
mask_346,168.38,8.86,4.77
mask_347,135.0,8.07,4.2
mask_348,87.53,6.64,3.31
mask_349,201.49,10.59,4.78
mask_350,265.16,14.56,4.57
mask_351,94.13,8.12,2.91
mask_352,248.22,12.68,4.92
mask_353,154.8,10.88,3.57
mask_354,242.69,14.11,4.32
mask_355,216.62,11.22,4.85
MaskID,Area(mm^2),Length(mm),Width(mm)
mask_0,246.92,12.36,5.01
mask_1,323.43,14.55,5.58
mask_2,221.46,12.8,4.34
mask_3,246.43,11.4,5.43
mask_4,242.25,12.21,4.98
mask_5,245.57,13.9,4.43
mask_6,226.52,11.55,4.92
mask_7,266.01,12.12,5.51
mask_8,266.83,13.57,4.94
mask_9,235.73,10.96,5.4
mask_10,290.51,13.71,5.32
mask_11,163.32,9.73,4.21
mask_12,250.94,13.01,4.84
mask_13,219.7,11.51,4.79
mask_14,269.47,14.21,4.76
mask_15,255.78,12.21,5.26
mask_16,241.75,12.28,4.94
mask_17,212.88,11.0,4.86
mask_18,255.39,12.71,5.04
mask_19,153.2,7.53,5.11
mask_20,268.04,12.11,5.55
mask_21,155.29,9.99,3.9
mask_22,258.2,15.42,4.2
mask_23,244.12,12.57,4.88
mask_24,294.0,14.17,5.21
mask_25,185.21,11.38,4.09
mask_26,134.72,10.61,3.19
mask_27,187.8,10.53,4.48
mask_28,265.05,12.67,5.25
mask_29,203.69,10.33,4.95
mask_30,183.45,10.01,4.6
mask_31,281.85,13.65,5.18
mask_32,235.32,11.9,4.96
mask_33,228.99,12.4,4.64
mask_34,214.75,11.95,4.51
mask_35,158.48,9.67,4.11
mask_36,190.44,10.67,4.48
mask_37,210.02,11.31,4.66
mask_38,252.37,13.7,4.62
mask_39,160.74,8.68,4.65
mask_40,222.01,13.19,4.22
mask_41,231.19,12.23,4.75
mask_42,239.25,14.05,4.28
mask_43,228.55,12.47,4.6
mask_44,211.28,9.63,5.51
mask_45,194.89,12.78,3.83
mask_46,236.75,14.05,4.23
mask_47,265.68,12.48,5.34
mask_48,184.5,11.8,3.92
mask_49,260.29,13.9,4.7
mask_50,174.82,12.78,3.43
mask_51,243.24,12.06,5.06
mask_52,215.79,12.69,4.27
mask_53,161.95,9.46,4.3
mask_54,175.04,10.57,4.16
mask_55,208.15,11.66,4.48
mask_56,232.84,12.71,4.6
mask_57,184.22,11.07,4.18
mask_58,208.75,11.45,4.58
mask_59,202.92,10.61,4.8
mask_60,254.18,12.35,5.17
mask_61,188.51,10.19,4.65
mask_62,227.07,11.12,5.13
mask_63,216.62,11.95,4.55
mask_64,227.34,12.54,4.55
mask_65,234.99,11.35,5.2
mask_66,178.39,8.37,5.35
mask_67,224.7,12.6,4.48
mask_68,218.43,11.93,4.6
mask_69,202.92,10.9,4.67
mask_70,205.4,12.24,4.21
mask_71,200.94,10.32,4.89
mask_72,215.3,12.52,4.32
mask_73,184.44,11.44,4.05
mask_74,220.96,11.39,4.87
mask_75,188.13,10.9,4.33
mask_76,121.3,7.99,3.81
mask_77,222.67,10.79,5.18
mask_78,192.86,10.64,4.55
mask_79,242.41,13.83,4.4
mask_80,163.65,11.13,3.69
mask_81,108.93,9.43,2.9
mask_82,208.48,8.88,5.9
mask_83,190.91,10.88,4.41
mask_84,255.28,11.89,5.39
mask_85,155.84,9.29,4.21
mask_86,241.7,12.36,4.91
mask_87,186.48,10.27,4.56
mask_88,195.85,11.3,4.35
mask_89,258.14,11.53,5.62
mask_90,302.86,13.45,5.65
mask_91,260.67,13.29,4.92
mask_92,193.22,10.6,4.58
mask_93,184.61,11.49,4.03
mask_94,200.45,9.48,5.31
mask_95,166.51,10.3,4.06
mask_96,226.57,10.42,5.46
mask_97,171.63,9.53,4.52
mask_98,126.91,7.76,4.11
mask_99,206.39,11.59,4.47
mask_100,285.64,14.04,5.11
mask_101,175.15,10.48,4.19
mask_102,230.04,11.56,5.0
mask_103,214.31,11.82,4.55
mask_104,249.04,13.13,4.76
mask_105,212.03,11.54,4.61
mask_106,210.51,10.2,5.18
mask_107,205.4,12.69,4.06
mask_108,201.71,9.74,5.2
mask_109,204.08,11.66,4.39
mask_110,212.3,10.58,5.04
mask_111,227.18,11.73,4.86
mask_112,186.26,9.62,4.86
mask_113,151.22,9.42,4.03
mask_114,152.27,9.86,3.88
mask_115,127.13,8.53,3.74
mask_116,246.48,16.39,3.78
mask_117,245.69,12.5,4.93
mask_118,187.36,8.78,5.36
mask_119,242.3,13.33,4.56
mask_120,156.67,11.83,3.33
mask_121,241.75,12.1,5.01
mask_122,188.57,11.87,3.99
mask_123,101.67,8.04,3.18
mask_124,241.04,12.93,4.68
mask_125,155.4,11.28,3.46
mask_126,175.42,10.12,4.35
mask_127,208.81,12.61,4.16
mask_128,237.08,11.71,5.08
mask_129,254.9,13.83,4.63
mask_130,117.56,8.43,3.5
mask_131,183.95,11.55,4.0
mask_132,199.93,10.89,4.61
mask_133,242.74,11.62,5.24
mask_134,100.02,8.14,3.09
mask_135,244.56,11.77,5.22
mask_136,214.75,12.84,4.2
mask_137,176.16,10.58,4.18
mask_138,154.69,7.9,4.92
mask_139,209.19,12.79,4.11
mask_140,161.12,8.73,4.63
mask_141,266.83,12.31,5.44
mask_142,147.7,9.33,3.97
mask_143,193.35,10.32,4.7
mask_144,190.16,10.43,4.58
mask_145,174.05,11.06,3.95
mask_146,126.86,8.42,3.78
mask_147,152.38,8.55,4.47
mask_148,175.92,10.73,4.12
mask_149,204.41,11.34,4.53
mask_150,163.49,11.67,3.52
mask_151,246.65,12.83,4.83
mask_152,106.73,8.77,3.05
mask_153,226.41,9.87,5.76
mask_154,178.67,10.97,4.09
mask_155,184.11,10.26,4.5
mask_156,197.97,11.24,4.42
mask_157,299.89,13.23,5.69
mask_158,158.87,11.82,3.37
mask_159,181.14,11.09,4.1
mask_160,162.44,8.96,4.55
mask_161,138.63,9.67,3.6
mask_162,189.39,10.8,4.4
mask_163,211.15,11.79,4.5
mask_164,119.05,8.25,3.62
mask_165,175.7,10.59,4.17
mask_166,138.02,9.22,3.76
mask_167,206.33,10.29,5.03
mask_168,193.24,13.08,3.71
mask_169,310.45,13.52,5.76
mask_170,217.58,11.36,4.81
mask_171,190.55,10.97,4.36
mask_172,272.83,12.25,5.59
mask_173,213.1,12.25,4.37
mask_174,136.76,8.05,4.26
mask_175,248.93,12.77,4.89
mask_176,242.25,12.0,5.07
mask_177,277.89,14.52,4.8
mask_178,174.32,13.63,3.21
mask_179,175.04,10.33,4.25
mask_180,265.51,15.1,4.42
mask_181,185.43,11.5,4.05
mask_182,143.82,9.02,4.0
mask_183,102.0,8.86,2.89
mask_184,194.89,11.99,4.08
mask_185,114.04,8.81,3.25
mask_186,244.12,12.68,4.83
mask_187,133.07,8.27,4.04
mask_188,193.57,10.51,4.62
mask_189,165.8,9.98,4.17
mask_190,179.38,10.98,4.1
mask_191,218.05,13.34,4.1
mask_192,176.58,10.48,4.23
mask_193,115.64,8.56,3.39
mask_194,186.12,10.25,4.56
mask_195,188.4,10.48,4.51
mask_196,135.82,8.8,3.87
mask_197,155.57,9.25,4.22
mask_198,284.16,13.72,5.2
mask_199,74.06,6.98,2.66
mask_200,232.9,11.21,5.21
mask_201,226.74,11.7,4.86
mask_202,152.98,10.51,3.65
mask_203,261.44,14.22,4.62
mask_204,133.84,8.86,3.79
mask_205,263.56,15.76,4.2
mask_206,196.05,10.32,4.77
mask_207,120.81,7.53,4.03
mask_208,206.22,9.84,5.26
mask_209,195.33,9.41,5.21
mask_210,230.26,11.31,5.11
mask_211,219.64,11.95,4.62
mask_212,249.45,14.25,4.4
mask_213,141.54,10.94,3.25
mask_214,155.4,11.37,3.43
mask_215,178.89,11.65,3.85
mask_216,166.18,10.91,3.82
mask_217,109.75,8.86,3.11
mask_218,209.63,14.89,3.54
mask_219,209.03,14.58,3.6
mask_220,138.63,7.02,4.96
mask_221,166.02,10.02,4.16
mask_222,155.9,10.85,3.61
mask_223,225.64,11.52,4.92
mask_224,130.05,8.35,3.91
MaskID,Area(mm^2),Length(mm),Width(mm)
mask_0,290.1,13.64,5.34
mask_1,323.51,14.96,5.43
mask_2,262.98,13.4,4.93
mask_3,329.26,16.3,5.07
mask_4,232.79,12.0,4.87
mask_5,294.5,14.24,5.19
mask_6,239.66,10.43,5.77
mask_7,297.36,14.94,5.0
mask_8,263.37,14.06,4.7
mask_9,279.37,13.8,5.08
mask_10,239.5,13.3,4.52
mask_11,220.36,11.27,4.91
mask_12,278.63,12.38,5.65
mask_13,230.53,11.53,5.02
mask_14,191.59,10.33,4.65
mask_15,212.55,11.76,4.54
mask_16,244.78,12.11,5.08
mask_17,244.56,12.53,4.9
mask_18,222.39,12.91,4.32
mask_19,209.47,10.92,4.81
mask_20,190.33,12.41,3.85
mask_21,256.88,12.47,5.17
mask_22,253.52,12.18,5.22
mask_23,269.91,13.2,5.13
mask_24,293.45,13.64,5.4
mask_25,272.61,13.28,5.15
mask_26,266.28,12.92,5.17
mask_27,218.16,10.76,5.09
mask_28,279.32,13.94,5.03
mask_29,278.16,15.84,4.41
mask_30,198.77,10.23,4.88
mask_31,237.3,12.3,4.84
mask_32,197.37,9.82,5.05
mask_33,200.83,12.56,4.01
mask_34,215.24,10.19,5.3
mask_35,233.12,13.07,4.48
mask_36,194.07,13.13,3.71
mask_37,247.75,12.79,4.86
mask_38,247.25,12.08,5.14
mask_39,115.58,8.18,3.55
mask_40,216.84,11.67,4.66
mask_41,263.31,13.6,4.86
mask_42,171.35,9.85,4.37
mask_43,184.94,9.84,4.72
mask_44,148.64,9.7,3.85
mask_45,160.52,9.16,4.4
mask_46,309.35,14.21,5.46
mask_47,215.79,12.46,4.35
mask_48,192.53,10.3,4.69
mask_49,197.09,11.92,4.15
mask_50,221.35,12.12,4.58
mask_51,181.09,11.79,3.86
mask_52,275.99,13.8,5.02
mask_53,282.75,14.06,5.05
mask_54,238.51,13.01,4.6
mask_55,258.75,14.58,4.46
mask_56,135.05,8.59,3.94
mask_57,185.41,11.49,4.05
mask_58,230.2,11.65,4.96
mask_59,203.75,11.92,4.29
mask_60,250.83,13.84,4.55
mask_61,198.85,9.85,5.07
mask_62,201.05,12.28,4.11
mask_63,228.55,13.13,4.37
mask_64,189.39,9.99,4.76
mask_65,197.64,10.21,4.86
mask_66,220.63,12.29,4.51
mask_67,181.14,10.36,4.39
mask_68,205.56,11.21,4.6
mask_69,270.24,12.94,5.24
mask_70,196.71,12.69,3.89
mask_71,224.54,11.64,4.84
mask_72,257.1,13.26,4.87
mask_73,226.35,11.73,4.84
mask_74,196.49,11.15,4.42
mask_75,243.43,13.15,4.65
mask_76,224.62,12.12,4.65
mask_77,196.98,12.45,3.97
mask_78,286.47,14.69,4.89
mask_79,241.34,14.54,4.17
mask_80,138.08,7.37,4.7
mask_81,215.41,13.35,4.05
mask_82,179.49,11.46,3.93
mask_83,140.83,8.75,4.04
mask_84,225.86,12.86,4.41
mask_85,176.41,11.21,3.95
mask_86,174.82,10.61,4.13
mask_87,220.14,11.25,4.91
mask_88,211.83,10.91,4.87
mask_89,147.87,8.97,4.14
mask_90,307.75,16.4,4.71
mask_91,178.23,12.51,3.58
mask_92,210.02,12.33,4.27
mask_93,272.33,14.11,4.84
mask_94,191.04,12.9,3.72
mask_95,249.4,11.72,5.34
mask_96,181.64,10.84,4.21
mask_97,205.07,11.39,4.52
mask_98,180.32,10.92,4.15
mask_99,151.0,8.48,4.47
mask_100,158.1,8.87,4.47
mask_101,223.11,12.49,4.48
mask_102,180.76,11.16,4.07
mask_103,228.77,14.29,4.02
mask_104,146.22,11.77,3.12
mask_105,178.56,12.66,3.54
mask_106,110.03,8.39,3.29
mask_107,124.33,8.94,3.49
mask_108,216.67,13.46,4.04
mask_109,290.54,13.1,5.57
mask_110,182.02,11.06,4.13
mask_111,215.3,11.52,4.69
mask_112,227.67,12.13,4.71
mask_113,126.8,10.11,3.15
mask_114,169.81,10.23,4.17
mask_115,158.1,9.59,4.14
mask_116,187.52,10.67,4.41
mask_117,213.48,11.02,4.86
mask_118,174.27,10.9,4.01
mask_119,161.07,11.71,3.45
mask_120,160.19,9.61,4.19
mask_121,158.98,10.94,3.65
mask_122,92.87,7.39,3.15
mask_123,227.62,13.01,4.39
mask_124,189.06,12.7,3.74
mask_125,218.29,10.61,5.17
mask_126,219.97,11.36,4.86
mask_127,94.9,7.92,3.01
mask_128,222.78,10.38,5.39
mask_129,155.07,12.46,3.12
mask_130,229.43,10.74,5.36
mask_131,135.82,9.76,3.49
mask_132,157.99,10.92,3.63
mask_133,224.32,13.4,4.2
mask_134,153.86,12.96,2.98
mask_135,176.8,11.03,4.02
mask_136,227.56,12.01,4.76
mask_137,223.88,11.48,4.9
mask_138,199.1,13.17,3.79
mask_139,261.39,13.82,4.75
mask_140,196.05,10.68,4.61
mask_141,210.07,12.76,4.13
mask_142,182.08,13.57,3.37
mask_143,199.02,11.49,4.35
mask_144,189.78,12.2,3.9
mask_145,302.8,18.06,4.21
mask_146,265.73,14.12,4.72
mask_147,201.82,14.22,3.56
mask_148,308.14,16.39,4.72
mask_149,250.31,14.61,4.3
mask_150,115.91,8.95,3.25
mask_151,220.0,14.4,3.84
mask_152,153.2,10.26,3.75
mask_153,215.74,12.06,4.49
mask_154,209.91,10.44,5.05
mask_155,169.37,10.77,3.95
mask_156,228.06,10.89,5.26
mask_157,208.04,13.15,3.97
mask_158,192.36,12.78,3.78
mask_159,165.19,10.36,4.0
mask_160,210.79,11.71,4.52
mask_161,193.02,10.16,4.77
mask_162,209.52,10.99,4.78
mask_163,127.3,10.71,2.98
mask_164,163.68,10.74,3.83
mask_165,191.73,11.21,4.3
mask_166,119.1,8.81,3.39
mask_167,255.28,13.94,4.6
mask_168,164.75,9.94,4.16
mask_169,345.56,16.1,5.39
mask_170,286.3,17.96,4.0
mask_171,236.22,12.46,4.76
mask_172,180.21,10.15,4.46
mask_173,196.93,10.44,4.73
mask_174,272.39,12.77,5.35
mask_175,208.53,11.45,4.57
mask_176,192.64,10.92,4.43
mask_177,226.6,11.37,5.0
mask_178,160.96,10.09,4.01
mask_179,308.5,13.18,5.87
mask_180,285.31,14.49,4.94
mask_181,200.12,10.93,4.6
mask_182,229.16,12.64,4.55
mask_183,171.93,10.62,4.06
mask_184,177.4,11.54,3.86
mask_185,194.92,11.41,4.29
mask_186,147.32,10.55,3.5
mask_187,256.05,12.29,5.23
mask_188,168.6,11.17,3.79
mask_189,213.37,16.46,3.25
mask_190,149.74,8.85,4.25
mask_191,217.5,12.11,4.51
mask_192,140.72,8.77,4.03
mask_193,216.12,11.2,4.84
mask_194,111.4,9.0,3.11
mask_195,136.43,9.4,3.64
mask_196,162.88,13.11,3.12
mask_197,140.06,9.75,3.61
mask_198,178.78,10.72,4.19
mask_199,107.06,8.18,3.29
mask_200,224.54,11.89,4.74
mask_201,213.76,11.28,4.76
mask_202,174.27,10.56,4.14
mask_203,110.85,6.81,4.09
mask_204,250.11,12.95,4.85
mask_205,164.94,10.65,3.89
mask_206,266.23,12.84,5.21
mask_207,154.38,12.18,3.18
mask_208,115.8,8.49,3.42
mask_209,102.6,8.38,3.07
mask_210,292.13,14.87,4.93
mask_211,208.18,11.95,4.37
mask_212,219.09,13.14,4.18
mask_213,201.16,10.51,4.8
mask_214,193.79,12.04,4.04
mask_215,160.74,12.08,3.34
mask_216,189.5,13.12,3.63
mask_217,277.34,13.75,5.06
mask_218,231.91,12.77,4.56
mask_219,168.16,8.84,4.78
mask_220,194.45,10.51,4.64
mask_221,199.95,11.56,4.34
mask_222,174.87,11.06,3.97
mask_223,231.25,12.97,4.48
mask_224,176.03,10.9,4.05
mask_225,150.4,9.32,4.05
mask_226,151.88,10.73,3.55
mask_227,106.4,8.77,3.04
mask_228,250.97,12.32,5.11
mask_229,213.04,10.79,4.96
mask_230,179.05,13.36,3.36
mask_231,122.68,9.58,3.22
mask_232,138.85,8.63,4.04
mask_233,283.44,14.94,4.76
mask_234,213.54,14.08,3.81
mask_235,283.44,13.57,5.24
mask_236,154.91,9.74,3.99
mask_237,157.38,11.75,3.36
mask_238,248.46,16.63,3.75
mask_239,220.58,10.61,5.22
mask_240,165.41,12.55,3.31
mask_241,251.71,13.11,4.82
mask_242,140.83,10.1,3.5
mask_243,221.13,10.67,5.2
mask_244,110.14,8.5,3.25
mask_245,157.71,9.55,4.15
mask_246,177.24,10.74,4.14
mask_247,119.49,8.4,3.57
mask_248,131.92,8.99,3.68
mask_249,216.95,14.58,3.74
mask_250,197.5,12.91,3.84
mask_251,184.83,10.45,4.44
mask_252,150.4,9.68,3.9
mask_253,134.67,9.62,3.52
mask_254,160.19,9.86,4.08
mask_255,148.14,8.1,4.59
mask_256,190.88,12.44,3.85
mask_257,189.78,11.44,4.16
mask_258,182.02,10.16,4.5
mask_259,117.73,7.29,4.05
mask_260,199.98,10.27,4.89
mask_261,192.31,11.07,4.36
mask_262,106.84,9.25,2.9
mask_263,193.68,9.83,4.94
mask_264,158.54,10.06,3.96
mask_265,188.57,9.54,4.96
mask_266,208.97,11.24,4.67
mask_267,133.24,8.82,3.79
mask_268,212.49,12.52,4.26
mask_269,167.12,10.26,4.09
mask_270,276.73,12.5,5.56
mask_271,102.55,9.17,2.81
mask_272,170.53,10.9,3.93
mask_273,127.79,13.67,2.35
mask_274,206.06,12.63,4.1
mask_275,112.12,7.12,3.95
mask_276,240.87,12.21,4.95
mask_277,231.03,13.84,4.19
mask_278,113.88,8.45,3.38
mask_279,220.94,13.21,4.2
mask_280,202.32,14.58,3.48
mask_281,224.98,11.71,4.82
mask_282,149.63,9.13,4.11
mask_283,164.09,11.0,3.75
mask_284,182.02,10.48,4.36
mask_285,273.1,14.12,4.85
mask_286,99.3,12.07,2.06
mask_287,166.51,9.8,4.27
mask_288,258.97,12.95,5.02
mask_289,242.52,12.92,4.71
mask_290,243.35,14.9,4.1
mask_291,198.06,9.45,5.26
mask_292,212.93,11.44,4.67
mask_293,209.58,11.12,4.73
mask_294,306.93,15.29,5.04
mask_295,172.29,10.38,4.17
mask_296,199.24,12.49,4.0
mask_297,153.2,11.17,3.44
mask_298,197.92,10.49,4.73
mask_299,138.79,10.84,3.21
mask_300,259.41,11.87,5.49
mask_301,117.18,10.28,2.86
mask_302,207.05,11.89,4.37
mask_303,103.26,5.61,4.62
mask_304,168.71,8.72,4.85
mask_305,174.1,9.22,4.74
mask_306,114.76,8.29,3.47
mask_307,118.44,8.49,3.5
mask_308,215.57,12.11,4.47
mask_309,200.34,11.16,4.51
mask_310,198.36,11.84,4.2
mask_311,126.03,8.11,3.9
mask_312,156.12,10.3,3.8
mask_313,126.36,9.25,3.43
mask_314,223.52,12.3,4.56
mask_315,250.66,13.9,4.53
mask_316,196.98,12.2,4.05
mask_317,150.12,8.49,4.44
mask_318,216.29,12.23,4.44
mask_319,225.97,12.41,4.57
mask_320,153.86,12.1,3.19
mask_321,261.75,15.34,4.28
mask_322,211.5,11.28,4.71
mask_323,133.9,8.22,4.09
mask_324,179.47,10.57,4.26
mask_325,101.34,7.14,3.56
mask_326,196.87,10.6,4.66
mask_327,137.42,8.59,4.01
mask_328,166.51,14.51,2.88
mask_329,124.82,7.3,4.29
mask_330,191.37,8.55,5.62
mask_331,202.1,9.54,5.32
mask_332,233.06,13.83,4.23
mask_333,140.09,8.72,4.03
mask_334,181.36,9.66,4.71
mask_335,269.97,13.16,5.15
mask_336,113.6,8.84,3.22
mask_337,151.88,9.13,4.18
mask_338,139.78,8.96,3.92
mask_339,201.16,11.33,4.46
mask_340,224.15,12.19,4.62
mask_341,107.61,8.22,3.29
mask_342,202.56,15.74,3.23
mask_343,202.37,10.94,4.65
mask_344,175.59,8.7,5.07
mask_345,160.74,11.03,3.66
mask_346,244.12,13.12,4.67
mask_347,178.56,12.34,3.63
mask_348,181.8,9.29,4.91
mask_349,224.56,12.34,4.57
mask_350,256.0,14.39,4.47
mask_351,129.94,11.04,2.95
mask_352,132.03,9.0,3.68
mask_353,205.4,11.43,4.51
mask_354,129.55,8.4,3.87
mask_355,137.53,9.23,3.74
mask_356,147.48,8.72,4.25
mask_357,158.48,10.47,3.8
mask_358,193.3,9.76,4.97
mask_359,281.68,13.28,5.32
mask_360,152.49,10.57,3.62
mask_361,93.2,8.11,2.88
mask_362,220.03,11.0,5.02
mask_363,139.92,9.27,3.79
mask_364,107.06,9.41,2.86
mask_365,190.11,11.7,4.08
mask_366,199.68,11.93,4.2
mask_367,174.54,11.99,3.65
mask_368,112.17,9.16,3.07
mask_369,168.77,11.22,3.78
mask_370,115.64,7.81,3.72
mask_371,188.13,10.56,4.47
mask_372,162.0,11.84,3.43
mask_373,193.63,10.99,4.42
mask_374,190.22,9.4,5.08
mask_375,148.42,11.61,3.21
mask_376,164.75,11.3,3.66
mask_377,331.26,16.35,5.08
mask_378,147.37,10.97,3.37
mask_379,182.6,13.25,3.46
mask_380,150.73,10.2,3.71
mask_381,135.69,8.53,3.99
mask_382,113.99,7.02,4.08
mask_383,112.67,8.08,3.5
mask_384,134.72,10.07,3.36
mask_385,231.47,21.77,2.67
mask_386,142.2,9.65,3.7
mask_387,217.44,11.64,4.69
mask_388,155.07,11.01,3.54
mask_389,141.54,8.72,4.07
mask_390,166.68,10.07,4.15
mask_391,149.13,11.43,3.27
mask_392,307.37,19.01,4.06
mask_393,110.52,7.54,3.68
mask_394,144.02,9.44,3.83
mask_395,104.2,8.01,3.27
mask_396,247.75,13.39,4.65
mask_397,160.54,8.92,4.52
mask_398,174.43,9.48,4.62
mask_399,236.53,13.73,4.33
mask_400,181.83,11.66,3.92
mask_401,100.84,6.29,4.03
mask_402,212.3,20.33,2.62
mask_403,104.36,8.97,2.92
mask_404,168.91,10.2,4.16
MaskID,Area(mm^2),Length(mm),Width(mm)
mask_0,389.4,16.19,6.04
mask_1,397.81,15.44,6.47
mask_2,320.24,13.61,5.91
mask_3,354.72,14.89,5.98
mask_4,391.96,16.29,6.04
mask_5,382.06,16.98,5.65
mask_6,372.6,15.99,5.85
mask_7,344.3,16.06,5.38
mask_8,380.0,16.43,5.8
mask_9,366.22,15.39,5.97
mask_10,387.01,14.36,6.77
mask_11,358.02,14.95,6.01
mask_12,295.21,13.82,5.36
mask_13,396.77,16.43,6.06
mask_14,368.91,15.28,6.06
mask_15,328.71,14.52,5.68
mask_16,358.57,15.16,5.94
mask_17,370.78,16.57,5.62
mask_18,321.17,13.98,5.77
mask_19,375.46,15.54,6.07
mask_20,337.73,15.05,5.63
mask_21,393.44,16.12,6.13
mask_22,332.78,15.3,5.46
mask_23,350.93,14.34,6.14
mask_24,399.77,16.38,6.13
mask_25,408.84,15.54,6.6
mask_26,347.57,14.98,5.82
mask_27,334.7,15.96,5.27
mask_28,388.6,16.53,5.9
mask_29,378.54,16.46,5.77
mask_30,361.38,17.23,5.26
mask_31,380.11,15.33,6.23
mask_32,372.21,14.82,6.31
mask_33,429.94,15.79,6.83
mask_34,329.09,15.31,5.4
mask_35,346.39,16.9,5.15
mask_36,348.34,14.15,6.18
mask_37,364.93,14.62,6.27
mask_38,385.44,16.47,5.87
mask_39,311.05,13.7,5.7
mask_40,305.83,15.69,4.89
mask_41,407.63,17.04,6.01
mask_42,376.28,18.14,5.21
mask_43,349.39,15.1,5.81
mask_44,430.02,17.67,6.11
mask_45,382.17,15.35,6.25
mask_46,304.12,13.49,5.66
mask_47,324.5,13.91,5.86
mask_48,372.71,16.84,5.56
mask_49,318.2,15.81,5.05
mask_50,335.88,15.95,5.29
mask_51,342.05,13.99,6.14
mask_52,353.81,15.89,5.59
mask_53,415.0,16.75,6.22
mask_54,323.87,14.03,5.8
mask_55,441.29,17.79,6.23
mask_56,378.32,15.91,5.97
mask_57,365.72,15.61,5.88
mask_58,363.25,13.63,6.69
mask_59,387.17,16.04,6.06
mask_60,306.68,14.87,5.18
mask_61,448.0,15.98,7.04
mask_62,361.87,15.92,5.71
mask_63,303.85,14.77,5.16
mask_64,340.86,14.95,5.72
mask_65,334.37,14.98,5.6
mask_66,309.24,16.34,4.75
mask_67,329.48,15.68,5.28
mask_68,314.41,13.25,5.96
mask_69,374.85,16.37,5.75
mask_70,339.6,15.69,5.43
mask_71,344.13,14.19,6.09
mask_72,333.44,14.05,5.96
mask_73,391.74,16.63,5.91
mask_74,373.42,17.08,5.49
mask_75,329.48,16.91,4.89
mask_76,376.83,15.54,6.09
mask_77,361.1,15.77,5.75
mask_78,359.12,18.45,4.89
mask_79,375.35,16.33,5.77
mask_80,326.18,12.89,6.35
mask_81,399.44,15.88,6.31
mask_82,346.61,14.47,6.01
mask_83,372.05,15.88,5.88
mask_84,344.22,15.33,5.64
mask_85,330.52,15.07,5.5
mask_86,331.62,14.56,5.72
mask_87,356.37,14.53,6.16
mask_88,370.1,16.93,5.49
mask_89,334.48,14.54,5.77
mask_90,351.31,16.24,5.43
mask_91,318.59,14.14,5.66
mask_92,414.26,17.36,5.99
mask_93,399.49,15.76,6.36
mask_94,343.94,14.54,5.94
mask_95,381.2,15.9,6.02
mask_96,305.22,13.42,5.71
mask_97,268.92,14.22,4.75
mask_98,310.78,15.42,5.06
mask_99,357.67,14.73,6.1
mask_100,359.29,14.83,6.08
mask_101,325.74,14.62,5.59
mask_102,371.11,14.19,6.57
mask_103,386.57,16.59,5.85
mask_104,342.68,14.06,6.12
mask_105,348.01,15.53,5.63
mask_106,359.45,15.41,5.86
mask_107,386.07,15.31,6.33
mask_108,287.9,16.33,4.43
mask_109,327.66,12.16,6.77
mask_110,303.02,15.03,5.06
mask_111,321.2,16.3,4.95
mask_112,370.84,16.03,5.81
mask_113,301.92,13.75,5.51
mask_114,342.93,14.41,5.97
mask_115,310.94,14.64,5.33
mask_116,358.79,15.01,6.0
mask_117,407.63,15.57,6.57
mask_118,376.67,15.81,5.98
mask_119,334.51,13.84,6.07
mask_120,372.27,15.38,6.08
mask_121,315.34,14.34,5.52
mask_122,341.14,14.18,6.04
mask_123,369.52,15.71,5.9
mask_124,377.44,15.29,6.2
mask_125,373.04,15.97,5.86
mask_126,315.01,15.41,5.13
mask_127,328.32,14.21,5.8
mask_128,363.41,15.88,5.75
mask_129,393.72,16.28,6.07
mask_130,313.56,12.68,6.21
mask_131,322.6,13.17,6.15
mask_132,264.03,11.65,5.69
mask_133,376.01,15.05,6.27
mask_134,364.57,15.62,5.86
mask_135,308.91,13.88,5.59
mask_136,401.91,17.32,5.82
mask_137,368.69,15.53,5.96
mask_138,427.49,15.96,6.72
mask_139,351.53,15.55,5.68
mask_140,387.45,15.6,6.24
mask_141,346.42,14.67,5.93
mask_142,392.18,16.68,5.9
mask_143,356.29,13.14,6.8
mask_144,397.6,17.25,5.79
mask_145,380.82,17.66,5.41
mask_146,331.46,21.33,3.9
mask_147,335.12,13.04,6.45
mask_148,331.51,15.74,5.29
mask_149,267.49,15.56,4.32
mask_150,389.84,15.9,6.15
mask_151,306.65,14.08,5.47
mask_152,311.93,13.26,5.91
mask_153,442.45,16.69,6.65
mask_154,388.85,15.49,6.3
mask_155,349.83,16.16,5.43
mask_156,410.71,16.43,6.28
mask_157,338.06,15.52,5.47
mask_158,310.89,17.19,4.54
mask_159,305.94,12.87,5.97
mask_160,391.85,17.1,5.75
mask_161,296.83,15.59,4.78
mask_162,420.39,17.43,6.05
mask_163,306.79,15.18,5.07
mask_164,261.77,12.6,5.21
mask_165,313.25,16.75,4.69
mask_166,296.62,13.21,5.64
mask_167,351.7,15.87,5.56
mask_168,332.17,14.48,5.76
mask_169,356.45,16.02,5.59
mask_170,348.4,17.0,5.15
mask_171,285.81,14.75,4.86
mask_172,383.43,15.77,6.1
mask_173,283.66,11.63,6.12
mask_174,323.56,14.99,5.42
mask_175,374.96,15.36,6.13
mask_176,371.5,14.72,6.33
mask_177,255.78,15.16,4.24
mask_178,375.26,16.33,5.77
mask_179,310.01,14.04,5.54
mask_180,281.57,15.13,4.67
mask_181,335.09,14.77,5.69
mask_182,589.24,27.63,5.35
mask_183,277.01,12.18,5.71
mask_184,328.46,17.01,4.85
mask_185,333.16,14.28,5.86
mask_186,273.82,15.67,4.39
mask_187,236.47,12.4,4.79
mask_188,321.34,13.63,5.92
mask_189,179.33,10.76,4.19
mask_190,217.83,12.81,4.27
mask_191,302.67,14.76,5.15
mask_192,287.02,13.85,5.2
mask_193,252.94,12.53,5.07
mask_194,235.29,10.26,5.76
mask_195,286.69,11.42,6.3
MaskID,Area(mm^2),Length(mm),Width(mm)
mask_0,192.8,11.73,4.12
mask_1,231.41,14.71,3.95
mask_2,175.31,10.76,4.09
mask_3,154.58,9.74,3.99
mask_4,141.82,9.25,3.85
mask_5,185.71,11.35,4.11
mask_6,178.61,10.65,4.21
mask_7,277.28,13.28,5.24
mask_8,174.93,11.41,3.85
mask_9,185.6,12.75,3.65
mask_10,213.48,12.73,4.21
mask_11,183.89,9.92,4.65
mask_12,184.94,11.21,4.14
mask_13,141.38,9.01,3.94
mask_14,156.17,9.55,4.11
mask_15,180.37,12.65,3.58
mask_16,164.59,10.15,4.07
mask_17,160.08,11.05,3.64
mask_18,177.73,12.09,3.69
mask_19,163.82,9.54,4.31
mask_20,218.96,11.15,4.93
mask_21,233.61,13.74,4.27
mask_22,240.93,13.18,4.59
mask_23,190.6,10.48,4.56
MaskID,Area(mm^2),Length(mm),Width(mm)
mask_0,264.41,12.34,5.38
mask_1,223.49,12.48,4.5
mask_2,239.77,11.38,5.29
mask_3,265.79,14.09,4.74
mask_4,252.78,11.8,5.38
mask_5,275.91,15.87,4.37
mask_6,267.71,12.52,5.37
mask_7,262.6,13.35,4.94
mask_8,216.07,12.17,4.46
mask_9,254.62,14.77,4.33
mask_10,237.44,13.82,4.31
mask_11,243.35,13.56,4.5
mask_12,252.92,15.31,4.15
mask_13,241.37,11.24,5.39
mask_14,297.19,14.9,5.01
mask_15,257.32,12.28,5.26
mask_16,254.32,14.18,4.5
mask_17,196.76,11.31,4.37
mask_18,202.1,10.89,4.66
mask_19,226.68,12.56,4.53
mask_20,300.08,15.42,4.88
mask_21,345.15,17.02,5.09
mask_22,251.43,12.48,5.06
mask_23,293.34,15.66,4.7
mask_24,190.44,11.03,4.33
mask_25,224.21,11.53,4.88
mask_26,159.47,9.63,4.16
mask_27,229.05,12.33,4.66
mask_28,253.41,11.33,5.61
mask_29,227.34,12.65,4.51
mask_30,245.49,11.67,5.28
mask_31,262.41,13.61,4.84
mask_32,170.86,9.75,4.4
mask_33,231.91,12.22,4.77
mask_34,233.09,12.13,4.82
mask_35,286.19,13.19,5.45
mask_36,217.11,10.38,5.25
mask_37,240.76,12.28,4.92
mask_38,242.03,12.66,4.8
mask_39,196.71,12.32,4.01
mask_40,168.11,9.82,4.3
mask_41,176.08,10.45,4.23
mask_42,226.13,11.63,4.88
mask_43,191.98,9.96,4.84
mask_44,244.72,13.37,4.59
mask_45,273.98,11.51,5.97
mask_46,226.85,11.43,4.98
mask_47,229.82,13.12,4.4
mask_48,181.42,10.72,4.25
mask_49,164.81,9.6,4.31
mask_50,305.39,14.48,5.3
mask_51,291.47,15.06,4.86
mask_52,257.81,12.83,5.05
mask_53,189.91,10.49,4.55
mask_54,210.46,11.76,4.49
mask_55,309.51,14.33,5.42
mask_56,165.47,11.51,3.61
mask_57,303.02,11.99,6.34
mask_58,269.09,12.04,5.61
mask_59,188.4,10.23,4.62
mask_60,216.23,10.75,5.05
mask_61,157.6,8.22,4.82
mask_62,265.07,12.54,5.31
mask_63,243.57,13.38,4.57
mask_64,253.3,14.01,4.54
mask_65,318.75,15.14,5.28
mask_66,255.34,12.3,5.21
mask_67,195.0,10.86,4.51
mask_68,172.95,11.55,3.76
mask_69,207.16,12.81,4.06
mask_70,234.71,12.5,4.71
mask_71,232.9,11.4,5.13
mask_72,224.21,10.12,5.56
mask_73,196.21,10.85,4.54
mask_74,219.48,11.43,4.82
mask_75,149.3,9.13,4.11
mask_76,244.78,11.8,5.21
mask_77,191.46,14.09,3.41
mask_78,176.52,11.06,4.01
mask_79,320.51,14.76,5.45
mask_80,140.77,8.56,4.13
mask_81,224.21,12.77,4.41
mask_82,253.69,12.58,5.06
mask_83,199.51,10.32,4.85
mask_84,292.46,14.4,5.1
mask_85,173.39,12.27,3.55
mask_86,126.69,9.71,3.27
mask_87,191.04,11.07,4.33
mask_88,263.92,11.81,5.61
mask_89,242.33,11.98,5.08
mask_90,158.21,11.29,3.52
mask_91,163.54,12.49,3.29
mask_92,186.97,13.22,3.55
mask_93,180.37,11.57,3.91
mask_94,122.51,8.21,3.74
mask_95,199.51,11.58,4.32
mask_96,252.31,11.23,5.64
mask_97,196.82,12.37,4.0
mask_98,163.98,9.58,4.3
mask_99,288.5,13.92,5.2
mask_100,290.07,13.3,5.47
mask_101,231.16,11.65,4.98
mask_102,195.83,10.13,4.85
mask_103,208.97,14.42,3.64
mask_104,163.05,9.55,4.29
mask_105,244.72,12.29,5.0
mask_106,241.04,9.39,6.44
mask_107,170.31,9.63,4.44
mask_108,238.84,12.16,4.93
mask_109,302.91,13.56,5.61
mask_110,229.49,11.41,5.05
mask_111,159.97,12.07,3.33
mask_112,162.39,9.61,4.24
mask_113,229.32,13.29,4.33
mask_114,231.3,14.97,3.88
mask_115,183.78,11.53,4.0
mask_116,203.36,11.98,4.26
mask_117,179.99,9.18,4.92
mask_118,214.31,11.98,4.49
mask_119,198.52,11.36,4.39
mask_120,195.11,10.6,4.62
mask_121,236.53,11.53,5.15
mask_122,141.6,9.36,3.8
mask_123,261.83,13.05,5.04
mask_124,202.21,10.93,4.65
mask_125,214.97,13.24,4.08
mask_126,182.35,10.15,4.51
mask_127,293.18,14.51,5.07
mask_128,235.98,11.61,5.1
mask_129,160.02,12.16,3.3
mask_130,288.56,12.96,5.59
mask_131,287.57,14.81,4.87
mask_132,214.97,12.14,4.45
mask_133,241.2,11.69,5.18
mask_134,311.44,14.51,5.39
mask_135,234.55,16.24,3.62
mask_136,240.65,13.75,4.39
mask_137,201.38,9.56,5.29
mask_138,167.72,11.23,3.75
mask_139,294.77,16.72,4.42
mask_140,180.34,11.38,3.98
mask_141,88.69,7.95,2.8
mask_142,192.36,11.7,4.13
mask_143,234.74,13.74,4.29
mask_144,198.82,10.24,4.87
mask_145,170.47,10.94,3.91
mask_146,194.4,11.36,4.29
mask_147,302.58,13.89,5.47
mask_148,200.5,11.13,4.52
mask_149,138.3,9.15,3.79
mask_150,204.63,13.58,3.78
mask_151,243.29,14.61,4.18
mask_152,250.22,13.01,4.83
mask_153,202.87,12.57,4.05
mask_154,200.28,9.62,5.22
mask_155,325.08,14.71,5.55
mask_156,171.68,11.06,3.9
mask_157,172.62,13.48,3.22
mask_158,192.14,10.38,4.65
mask_159,200.34,13.19,3.81
mask_160,189.56,11.62,4.1
mask_161,192.09,12.95,3.72
mask_162,259.88,12.51,5.21
mask_163,136.29,10.07,3.4
mask_164,247.75,12.5,4.98
mask_165,115.86,8.84,3.29
mask_166,163.21,11.02,3.72
mask_167,138.24,8.9,3.9
mask_168,210.35,12.67,4.17
mask_169,149.93,9.89,3.81
mask_170,280.09,13.46,5.22
mask_171,237.13,12.89,4.62
mask_172,221.79,12.0,4.64
mask_173,169.15,11.17,3.8
mask_174,246.15,11.68,5.29
mask_175,274.53,13.38,5.15
mask_176,191.26,11.24,4.27
mask_177,281.63,14.29,4.95
mask_178,135.05,9.95,3.41
mask_179,161.56,11.09,3.66
mask_180,238.07,13.3,4.49
mask_181,205.51,9.33,5.53
mask_182,227.48,11.34,5.04
mask_183,106.4,8.6,3.11
mask_184,165.8,10.03,4.15
mask_185,125.32,8.21,3.83
mask_186,160.74,10.81,3.73
mask_187,197.59,10.25,4.84
mask_188,178.17,8.63,5.18
mask_189,219.15,11.3,4.87
mask_190,140.0,9.53,3.69
mask_191,213.21,11.12,4.81
mask_192,177.93,11.64,3.84
mask_193,312.79,14.84,5.29
mask_194,127.63,9.64,3.32
mask_195,217.28,12.59,4.33
mask_196,177.02,11.57,3.84
mask_197,263.48,13.91,4.75
mask_198,126.86,7.97,4.0
mask_199,247.97,13.22,4.71
mask_200,156.61,10.62,3.7
mask_201,120.97,9.71,3.13
mask_202,182.85,10.98,4.18
mask_203,176.08,10.64,4.16
mask_204,228.94,11.53,4.99
mask_205,229.71,12.35,4.67
mask_206,154.47,9.05,4.28
mask_207,82.03,6.58,3.13
mask_208,148.2,10.33,3.6
mask_209,189.5,11.47,4.15
mask_210,250.22,16.16,3.89
mask_211,186.26,10.5,4.45
mask_212,202.87,12.01,4.24
mask_213,122.9,7.17,4.3
mask_214,213.65,11.32,4.74
mask_215,191.43,9.43,5.09
mask_216,257.43,14.34,4.51
mask_217,224.4,13.06,4.31
mask_218,229.87,13.1,4.41
mask_219,117.29,8.08,3.64
mask_220,142.92,8.68,4.13
mask_221,170.36,11.13,3.84
mask_222,174.38,10.27,4.26
mask_223,159.42,11.85,3.38
mask_224,143.58,10.08,3.58
mask_225,237.9,12.15,4.91
mask_226,120.31,7.93,3.81
mask_227,152.21,11.02,3.47
mask_228,180.92,10.36,4.38
mask_229,178.28,11.03,4.06
mask_230,142.97,10.59,3.39
mask_231,271.4,13.67,4.98
mask_232,162.99,10.66,3.84
mask_233,231.41,11.16,5.2
mask_234,158.04,8.45,4.69
mask_235,145.5,10.71,3.41
mask_236,227.15,13.12,4.35
mask_237,224.54,13.52,4.17
mask_238,170.17,12.03,3.55
mask_239,171.63,10.2,4.23
mask_240,184.0,13.44,3.44
mask_241,247.91,12.71,4.9
mask_242,193.46,9.8,4.96
mask_243,210.35,10.42,5.07
mask_244,109.42,8.82,3.12
mask_245,191.1,10.79,4.45
mask_246,204.57,10.75,4.78
mask_247,158.26,10.6,3.75
mask_248,235.37,11.0,5.37
mask_249,109.64,9.01,3.05
mask_250,235.54,10.96,5.39
mask_251,265.62,13.87,4.81
mask_252,186.59,11.86,3.95
mask_253,234.05,14.55,4.04
mask_254,238.23,12.42,4.82
mask_255,156.61,9.17,4.29
mask_256,135.99,7.86,4.34
mask_257,122.46,9.06,3.39
mask_258,202.24,11.73,4.33
mask_259,175.53,12.62,3.49
mask_260,163.27,9.53,4.3
mask_261,153.97,10.3,3.75
mask_262,199.24,11.74,4.26
mask_263,221.73,13.35,4.17
mask_264,200.01,11.98,4.19
mask_265,83.02,6.77,3.08
mask_266,247.69,12.65,4.92
mask_267,188.24,11.27,4.19
mask_268,120.75,7.72,3.93
mask_269,136.26,11.16,3.07
mask_270,114.54,8.59,3.35
mask_271,188.35,13.06,3.62
mask_272,168.05,9.81,4.3
mask_273,195.17,12.19,4.02
mask_274,123.5,8.63,3.59
mask_275,186.31,11.76,3.98
mask_276,144.84,10.97,3.32
mask_277,170.2,10.52,4.06
mask_278,210.29,14.05,3.76
mask_279,147.43,9.77,3.79
mask_280,211.01,14.29,3.71
mask_281,123.12,9.16,3.38
mask_282,110.85,10.03,2.77
mask_283,330.22,16.61,4.99
mask_284,275.36,13.08,5.29
mask_285,98.86,7.55,3.29
mask_286,233.12,10.6,5.52
mask_287,118.97,9.63,3.1
mask_288,214.03,18.36,2.93
mask_289,169.87,11.54,3.7
mask_290,140.22,10.25,3.43
mask_291,131.31,9.38,3.52
mask_292,128.23,8.83,3.64
mask_293,178.67,8.28,5.41
mask_294,235.76,11.66,5.07
mask_295,96.88,7.91,3.08
mask_296,212.77,12.59,4.24
mask_297,171.02,9.5,4.52
mask_298,267.85,12.02,5.59
mask_299,209.14,13.02,4.03
mask_300,250.55,12.22,5.15
mask_301,149.41,9.59,3.91
mask_302,137.42,10.38,3.32
mask_303,268.68,13.83,4.88
mask_304,113.93,7.74,3.7
mask_305,152.76,10.89,3.52
mask_306,262.05,13.12,5.02
mask_307,146.66,9.1,4.05
mask_308,156.69,9.46,4.16
mask_309,133.35,6.23,5.31
mask_310,190.49,11.37,4.21
mask_311,217.25,13.05,4.18
mask_312,2358.57,48.91,12.11
mask_313,127.13,9.25,3.45
mask_314,136.21,10.9,3.14
mask_315,165.25,10.92,3.8
mask_316,174.76,10.31,4.25
mask_317,179.49,9.46,4.76
mask_318,198.6,12.81,3.89
mask_319,180.87,11.53,3.94
mask_320,213.43,11.88,4.51
mask_321,241.7,14.39,4.22
mask_322,129.06,8.31,3.9
mask_323,164.97,14.32,2.89
mask_324,109.81,8.13,3.39
mask_325,186.31,12.05,3.88
mask_326,194.45,10.01,4.87
mask_327,178.17,12.14,3.68
mask_328,197.7,11.74,4.23
mask_329,216.51,11.91,4.56
mask_330,186.75,11.94,3.93
mask_331,218.32,12.92,4.24
mask_332,132.03,8.53,3.88
mask_333,73.78,7.08,2.62
mask_334,140.99,10.62,3.33
mask_335,167.28,10.11,4.15
mask_336,143.82,10.37,3.48
mask_337,315.64,20.85,3.8
mask_338,263.48,13.1,5.05
mask_339,145.28,13.03,2.8
mask_340,191.98,10.56,4.56
mask_341,236.31,14.75,4.02
mask_342,176.63,10.18,4.36
mask_343,229.1,11.84,4.86
mask_344,162.72,10.41,3.92
mask_345,183.15,14.07,3.27
mask_346,182.46,9.49,4.83
mask_347,193.74,11.14,4.37
mask_348,144.02,8.91,4.06
mask_349,112.94,7.76,3.65
mask_350,182.57,11.28,4.06
mask_351,118.83,10.03,2.97
mask_352,186.7,9.18,5.11
mask_353,171.85,11.18,3.86
mask_354,262.43,16.7,3.94
mask_355,110.08,8.38,3.3
mask_356,155.9,9.37,4.17
mask_357,182.49,9.79,4.68
mask_358,139.23,10.42,3.36
mask_359,196.87,13.96,3.54
mask_360,87.7,7.19,3.06
mask_361,206.99,12.69,4.09
mask_362,141.71,11.24,3.16
mask_363,86.93,8.49,2.57
mask_364,192.25,8.45,5.71
mask_365,205.89,11.27,4.58
mask_366,174.16,10.19,4.29
mask_367,229.54,11.18,5.16
mask_368,217.5,13.24,4.12
mask_369,132.47,9.63,3.45
mask_370,162.77,9.9,4.13
mask_371,208.09,11.52,4.53
mask_372,283.39,17.25,4.12
mask_373,167.45,10.87,3.87
mask_374,195.22,11.22,4.37
mask_375,84.73,8.22,2.59
mask_376,145.23,8.85,4.12
mask_377,150.29,8.22,4.59
mask_378,176.58,9.03,4.91
mask_379,199.84,12.74,3.94
mask_380,95.4,8.94,2.68
mask_381,147.21,9.17,4.03
mask_382,158.62,10.22,3.9
mask_383,169.04,10.18,4.17
mask_384,97.1,7.99,3.05
mask_385,134.72,10.06,3.36
mask_386,118.17,8.18,3.63
mask_387,84.62,7.54,2.82
mask_388,167.06,9.59,4.37
mask_389,106.81,10.02,2.68
mask_390,133.46,9.1,3.68
mask_391,105.85,7.28,3.65
mask_392,173.77,8.89,4.91
mask_393,231.19,12.46,4.66
mask_394,190.55,12.14,3.94
mask_395,126.09,9.4,3.37
mask_396,183.59,13.55,3.4
mask_397,151.72,10.37,3.67
mask_398,117.89,8.47,3.49
mask_399,281.46,14.11,5.01
mask_400,94.68,7.7,3.09
mask_401,126.97,9.32,3.42
mask_402,198.47,9.91,5.03
mask_403,242.6,11.88,5.13
mask_404,289.66,14.02,5.19
mask_405,113.99,9.66,2.96
mask_406,175.31,13.19,3.34
mask_407,223.11,11.92,4.7
mask_408,200.61,8.86,5.68
mask_409,187.6,11.58,4.07
mask_410,146.05,8.32,4.41
mask_411,154.85,11.28,3.45
mask_412,149.16,7.96,4.7
mask_413,148.58,10.03,3.72
mask_414,118.06,10.31,2.87
mask_415,129.06,9.63,3.36
mask_416,195.77,11.57,4.25
mask_417,90.78,7.05,3.23
mask_418,195.22,12.04,4.07
mask_419,135.66,10.02,3.4
mask_420,197.64,9.04,5.49
mask_421,122.51,8.29,3.71
mask_422,105.74,6.95,3.82
mask_423,207.21,14.93,3.48
mask_424,140.88,10.53,3.36
mask_425,85.42,5.13,4.18
mask_426,141.76,9.52,3.74
mask_427,206.39,10.86,4.77
mask_428,270.57,14.4,4.72
mask_429,133.9,9.54,3.52
mask_430,100.13,7.48,3.36
mask_431,251.27,13.96,4.52
mask_432,198.19,11.7,4.25
mask_433,220.28,11.83,4.67
mask_434,175.86,11.78,3.75
mask_435,181.97,11.17,4.09
mask_436,141.98,9.8,3.64
mask_437,133.13,9.37,3.57
mask_438,103.18,9.58,2.7
mask_439,170.58,10.99,3.9
mask_440,91.11,5.2,4.4
mask_441,194.84,11.38,4.3
mask_442,130.71,10.85,3.03
mask_443,72.63,7.6,2.4
mask_444,167.45,11.06,3.8
mask_445,252.92,13.61,4.67
mask_446,84.78,8.05,2.64
mask_447,93.72,9.42,2.5
mask_448,157.55,8.14,4.86
mask_449,139.34,8.23,4.25
mask_450,80.52,6.14,3.29
mask_451,225.09,12.0,4.71
mask_452,164.48,8.72,4.73
mask_453,212.55,11.87,4.5
mask_454,144.62,10.12,3.59
mask_455,170.97,11.94,3.59
mask_456,155.24,10.77,3.62
mask_457,91.71,10.7,2.15
MaskID,Area(mm^2),Length(mm),Width(mm)
mask_0,251.27,13.96,4.52
mask_1,242.52,12.04,5.06
mask_2,298.73,13.94,5.38
mask_3,226.08,11.48,4.95
mask_4,294.06,14.49,5.1
mask_5,276.07,13.34,5.19
mask_6,189.34,11.55,4.12
mask_7,179.93,7.62,5.93
mask_8,230.37,12.09,4.78
mask_9,302.14,14.42,5.26
mask_10,183.84,10.73,4.3
mask_11,296.31,14.52,5.12
mask_12,181.2,13.33,3.41
mask_13,255.78,11.48,5.59
mask_14,236.86,15.03,3.96
mask_15,214.86,12.04,4.48
mask_16,209.41,11.51,4.57
mask_17,245.93,11.37,5.43
mask_18,229.16,10.91,5.27
mask_19,211.06,12.47,4.25
mask_20,269.25,14.02,4.82
mask_21,336.24,16.74,5.04
mask_22,219.37,12.89,4.27
mask_23,233.23,11.43,5.12
mask_24,260.89,13.95,4.7
mask_25,209.52,12.49,4.21
mask_26,254.57,12.64,5.06
mask_27,222.83,13.32,4.2
mask_28,209.3,12.56,4.18
mask_29,259.57,13.68,4.76
mask_30,220.77,12.58,4.4
mask_31,231.69,13.31,4.37
mask_32,224.98,11.75,4.81
mask_33,118.39,8.39,3.54
mask_34,172.89,10.28,4.22
mask_35,229.32,10.85,5.31
mask_36,281.79,13.57,5.21
mask_37,240.93,11.73,5.16
mask_38,237.02,12.66,4.7
mask_39,150.78,10.97,3.45
mask_40,248.9,14.16,4.41
mask_41,175.97,11.04,4.0
mask_42,262.38,12.19,5.4
mask_43,151.44,10.65,3.57
mask_44,230.53,12.86,4.5
mask_45,118.17,8.85,3.35
mask_46,216.29,10.98,4.95
mask_47,219.26,9.7,5.67
mask_48,231.74,12.72,4.57
mask_49,239.94,13.39,4.5
mask_50,144.51,8.21,4.42
mask_51,197.26,12.03,4.11
mask_52,180.15,11.37,3.98
mask_53,203.14,11.8,4.32
mask_54,174.27,10.31,4.24
mask_55,337.34,17.04,4.97
mask_56,276.9,13.58,5.12
mask_57,214.83,12.11,4.45
mask_58,131.15,10.73,3.07
mask_59,182.02,11.57,3.95
mask_60,208.7,12.6,4.16
mask_61,276.35,13.29,5.22
mask_62,250.5,12.77,4.93
mask_63,253.25,12.48,5.09
mask_64,203.31,11.26,4.53
mask_65,214.09,11.25,4.78
mask_66,214.97,13.7,3.94
mask_67,216.12,14.73,3.68
mask_68,149.71,9.95,3.78
mask_69,164.53,10.53,3.92
mask_70,236.2,11.53,5.14
mask_71,223.93,10.84,5.19
mask_72,203.09,12.06,4.23
mask_73,182.41,11.98,3.82
mask_74,137.36,8.92,3.86
mask_75,162.0,12.59,3.23
mask_76,232.07,11.33,5.14
mask_77,184.5,11.93,3.88
mask_78,247.69,13.03,4.77
mask_79,222.5,12.48,4.47
mask_80,184.28,10.62,4.36
mask_81,218.65,13.49,4.07
mask_82,275.08,14.02,4.93
mask_83,191.26,10.67,4.5
mask_84,170.31,10.53,4.06
mask_85,193.9,11.74,4.15
mask_86,244.39,12.9,4.76
mask_87,223.44,12.1,4.64
mask_88,272.44,12.15,5.63
mask_89,144.51,10.12,3.59
mask_90,246.1,13.6,4.54
mask_91,254.4,12.6,5.07
mask_92,246.54,12.72,4.87
mask_93,194.09,10.78,4.52
mask_94,163.38,9.18,4.47
mask_95,156.06,10.56,3.71
mask_96,222.56,10.41,5.37
mask_97,204.9,10.05,5.12
mask_98,180.37,10.78,4.2
mask_99,211.56,10.91,4.87
mask_100,167.28,12.22,3.44
mask_101,113.44,9.2,3.1
mask_102,137.25,9.09,3.79
mask_103,278.71,15.04,4.65
mask_104,226.68,11.2,5.08
mask_105,249.07,12.19,5.13
mask_106,206.22,11.77,4.4
mask_107,228.22,12.36,4.64
mask_108,211.06,11.42,4.64
mask_109,191.95,11.28,4.27
mask_110,199.68,11.88,4.22
mask_111,160.57,9.72,4.14
mask_112,260.51,13.37,4.89
mask_113,250.77,11.57,5.44
mask_114,173.94,10.36,4.21
mask_115,147.59,9.61,3.86
mask_116,255.17,13.25,4.83
mask_117,305.28,17.2,4.46
mask_118,249.01,12.82,4.88
mask_119,209.96,12.53,4.21
mask_120,183.34,9.7,4.75
mask_121,198.14,12.43,4.0
mask_122,175.97,10.92,4.04
mask_123,175.15,10.93,4.02
mask_124,145.17,9.37,3.89
mask_125,148.97,9.36,4.0
mask_126,181.42,11.27,4.04
mask_127,125.15,8.52,3.69
mask_128,115.58,9.76,2.97
mask_129,195.06,11.19,4.37
mask_130,187.36,9.57,4.91
mask_131,165.58,9.99,4.16
mask_132,204.9,12.08,4.26
mask_133,163.32,12.22,3.36
mask_134,268.56,13.21,5.11
mask_135,182.13,12.58,3.63
mask_136,168.66,10.73,3.95
mask_137,253.47,12.27,5.18
mask_138,181.31,10.93,4.16
mask_139,142.42,10.39,3.44
mask_140,214.14,10.85,4.95
mask_141,173.94,10.51,4.15
mask_142,135.11,9.15,3.71
mask_143,207.54,10.27,5.07
mask_144,193.19,10.05,4.82
mask_145,229.98,11.45,5.04
mask_146,151.03,9.24,4.1
mask_147,196.27,12.56,3.92
mask_148,232.18,11.52,5.06
mask_149,194.45,11.31,4.32
mask_150,185.05,10.6,4.38
mask_151,201.49,10.52,4.81
mask_152,271.04,13.54,5.02
mask_153,319.85,14.86,5.4
mask_154,200.23,9.71,5.17
mask_155,245.33,13.1,4.7
mask_156,198.69,11.23,4.44
mask_157,212.16,12.22,4.36
mask_158,202.7,9.33,5.45
mask_159,217.11,10.57,5.16
mask_160,209.69,10.15,5.19
mask_161,174.43,11.69,3.75
mask_162,218.65,10.59,5.18
mask_163,201.6,11.92,4.24
mask_164,204.74,11.11,4.63
mask_165,148.86,9.17,4.08
mask_166,243.84,13.61,4.5
mask_167,220.88,13.21,4.2
mask_168,150.29,9.2,4.1
mask_169,192.83,10.29,4.71
mask_170,270.38,13.59,4.99
mask_171,152.76,11.23,3.42
mask_172,147.1,10.19,3.62
mask_173,261.22,13.72,4.78
mask_174,225.06,12.23,4.62
mask_175,148.8,9.47,3.94
mask_176,281.85,14.27,4.96
mask_177,173.77,9.64,4.53
mask_178,187.8,10.31,4.57
mask_179,262.76,13.11,5.03
mask_180,210.35,11.18,4.72
mask_181,154.8,9.07,4.28
mask_182,146.05,11.75,3.12
mask_183,138.3,8.21,4.23
mask_184,190.88,10.81,4.43
mask_185,121.63,8.7,3.51
mask_186,128.89,10.3,3.14
mask_187,131.92,8.69,3.81
mask_188,127.85,9.36,3.43
mask_189,167.01,8.84,4.74
mask_190,321.01,14.96,5.39
mask_191,171.08,11.48,3.74
mask_192,107.61,8.93,3.02
mask_193,229.93,13.02,4.43
mask_194,164.53,11.13,3.71
mask_195,194.56,9.86,4.95
mask_196,133.73,10.04,3.34
mask_197,237.68,11.49,5.19
mask_198,273.05,11.1,6.18
mask_199,134.89,9.08,3.73
mask_200,225.58,12.38,4.57
mask_201,166.68,10.84,3.86
mask_202,137.58,9.42,3.67
mask_203,221.73,11.86,4.69
mask_204,206.77,11.21,4.63
mask_205,151.83,9.99,3.81
mask_206,150.23,10.39,3.63
mask_207,141.1,9.1,3.89
mask_208,263.89,14.35,4.62
mask_209,146.93,9.86,3.74
mask_210,235.32,12.21,4.84
mask_211,148.58,12.34,3.02
mask_212,198.52,12.06,4.13
mask_213,174.49,11.09,3.95
mask_214,134.06,10.84,3.1
mask_215,137.47,9.99,3.46
mask_216,157.77,9.43,4.2
mask_217,215.3,11.08,4.88
mask_218,199.73,12.72,3.94
mask_219,136.43,11.48,2.98
mask_220,207.32,12.16,4.28
mask_221,171.96,10.65,4.05
mask_222,251.6,12.97,4.87
mask_223,152.54,10.36,3.7
mask_224,158.15,9.97,3.98
mask_225,226.66,15.13,3.76
mask_226,160.52,10.42,3.87
mask_227,180.04,10.76,4.2
mask_228,197.86,11.73,4.23
MaskID,Area(mm^2),Length(mm),Width(mm)
mask_0,256.49,11.63,5.53
mask_1,227.73,13.29,4.3
mask_2,293.95,14.41,5.12
mask_3,256.6,13.84,4.65
mask_4,257.15,12.78,5.05
mask_5,208.42,11.93,4.39
mask_6,230.53,12.29,4.71
mask_7,250.99,12.32,5.11
mask_8,198.41,11.09,4.49
mask_9,266.34,13.38,5.0
mask_10,248.63,11.42,5.46
mask_11,189.78,11.57,4.12
mask_12,165.36,12.29,3.38
mask_13,312.65,14.45,5.43
mask_14,229.13,11.7,4.92
mask_15,262.27,13.61,4.84
mask_16,223.66,11.42,4.92
mask_17,276.13,14.17,4.89
mask_18,230.81,12.81,4.52
mask_19,226.52,11.29,5.03
mask_20,143.08,8.6,4.17
mask_21,180.7,11.96,3.79
mask_22,210.57,10.71,4.93
mask_23,190.33,10.55,4.53
mask_24,257.81,12.5,5.18
mask_25,267.38,14.79,4.54
mask_26,248.52,13.02,4.79
mask_27,220.58,11.97,4.62
mask_28,226.3,13.88,4.09
mask_29,324.47,14.98,5.44
mask_30,212.11,11.83,4.5
mask_31,212.55,11.91,4.48
mask_32,229.96,12.95,4.46
mask_33,330.71,16.15,5.14
mask_34,264.36,12.55,5.29
mask_35,211.39,13.61,3.9
mask_36,286.08,13.72,5.23
mask_37,148.36,10.8,3.45
mask_38,238.51,11.12,5.39
mask_39,275.36,12.51,5.52
mask_40,233.45,13.68,4.28
mask_41,201.93,13.1,3.87
mask_42,174.38,10.37,4.22
mask_43,175.53,10.38,4.24
mask_44,257.59,12.45,5.19
mask_45,246.76,11.5,5.39
mask_46,194.07,10.98,4.44
mask_47,212.93,10.99,4.86
mask_48,273.82,14.56,4.72
mask_49,203.53,10.99,4.65
mask_50,274.48,15.73,4.38
mask_51,236.64,12.63,4.71
mask_52,229.65,12.12,4.76
mask_53,132.96,8.89,3.76
mask_54,179.71,10.62,4.25
mask_55,198.63,11.57,4.31
mask_56,173.77,10.77,4.05
mask_57,212.22,13.32,4.0
mask_58,249.15,15.18,4.12
mask_59,231.69,13.01,4.47
mask_60,208.26,13.14,3.98
mask_61,273.32,13.68,5.02
mask_62,261.06,12.57,5.21
mask_63,149.96,9.03,4.17
mask_64,136.81,9.27,3.7
mask_65,276.46,13.75,5.05
mask_66,185.71,10.48,4.45
mask_67,186.92,10.36,4.53
mask_68,189.78,12.12,3.93
mask_69,134.67,10.44,3.24
mask_70,189.23,9.65,4.92
mask_71,277.37,12.42,5.61
mask_72,161.07,10.54,3.84
mask_73,219.42,12.49,4.41
mask_74,165.3,12.16,3.41
mask_75,183.34,9.88,4.66
mask_76,265.43,13.26,5.03
mask_77,233.06,14.26,4.1
mask_78,238.23,13.06,4.58
mask_79,229.1,12.15,4.73
mask_80,182.41,9.39,4.88
mask_81,223.99,11.72,4.8
mask_82,214.58,12.13,4.44
mask_83,228.0,11.13,5.14
mask_84,263.04,14.18,4.66
mask_85,138.63,8.99,3.87
mask_86,221.24,13.59,4.09
mask_87,199.02,11.61,4.3
mask_88,175.09,10.1,4.35
mask_89,232.02,11.34,5.14
mask_90,210.02,12.1,4.36
mask_91,176.58,10.73,4.13
mask_92,123.5,8.31,3.73
mask_93,193.57,13.21,3.68
mask_94,258.72,11.84,5.48
mask_95,175.26,11.42,3.85
mask_96,190.49,13.28,3.6
mask_97,225.97,11.25,5.04
mask_98,132.8,10.45,3.19
mask_99,246.98,11.54,5.37
mask_100,165.25,11.73,3.54
mask_101,196.68,12.19,4.05
mask_102,186.81,9.95,4.72
mask_103,193.08,12.56,3.86
mask_104,250.72,10.86,5.8
mask_105,249.01,14.01,4.46
mask_106,198.08,10.53,4.72
mask_107,149.41,10.32,3.63
mask_108,102.77,8.6,3.0
mask_109,156.83,9.9,3.97
mask_110,286.14,14.42,4.98
mask_111,219.92,13.98,3.95
mask_112,162.55,9.76,4.18
mask_113,244.94,11.7,5.26
mask_114,149.41,10.55,3.55
mask_115,104.25,8.53,3.07
mask_116,176.47,9.63,4.6
mask_117,224.26,12.01,4.69
mask_118,247.39,10.43,5.96
mask_119,189.47,10.43,4.56
mask_120,194.73,10.33,4.73
mask_121,225.03,10.99,5.14
mask_122,223.93,14.92,3.77
mask_123,223.77,12.02,4.67
mask_124,175.15,10.37,4.24
mask_125,159.97,11.93,3.37
mask_126,164.59,9.86,4.19
mask_127,228.94,13.21,4.35
mask_128,231.3,11.63,4.99
mask_129,239.55,12.32,4.88
mask_130,177.9,11.8,3.78
mask_131,130.84,9.09,3.61
mask_132,236.22,13.72,4.32
mask_133,164.92,13.26,3.12
mask_134,268.84,13.83,4.88
mask_135,127.96,9.39,3.42
mask_136,210.4,10.26,5.15
mask_137,266.5,13.57,4.93
mask_138,249.51,12.88,4.86
mask_139,193.93,9.86,4.94
mask_140,227.29,11.52,4.95
mask_141,116.57,8.78,3.33
mask_142,145.06,10.2,3.57
mask_143,214.91,12.06,4.47
mask_144,211.81,14.08,3.78
mask_145,192.2,10.87,4.44
mask_146,203.28,12.57,4.06
mask_147,199.46,11.57,4.33
mask_148,287.24,14.87,4.85
mask_149,100.73,8.55,2.96
mask_150,146.71,9.26,3.98
mask_151,175.59,9.74,4.53
mask_152,257.43,14.35,4.5
mask_153,103.81,9.63,2.71
mask_154,193.85,11.44,4.25
mask_155,240.41,11.04,5.47
mask_156,206.28,12.64,4.1
mask_157,183.73,9.77,4.72
mask_158,179.27,10.81,4.16
mask_159,206.17,12.97,3.99
mask_160,247.14,13.6,4.56
mask_161,253.47,12.64,5.03
mask_162,176.69,10.43,4.25
mask_163,183.12,10.62,4.33
mask_164,166.98,10.54,3.98
mask_165,206.25,11.22,4.61
mask_166,98.86,7.56,3.28
mask_167,206.0,11.29,4.58
mask_168,194.12,12.06,4.04
mask_169,224.68,11.83,4.77
mask_170,204.52,12.16,4.22
mask_171,167.06,14.55,2.88
mask_172,225.8,13.08,4.33
mask_173,190.88,9.2,5.21
mask_174,233.39,14.54,4.03
mask_175,207.93,11.81,4.42
mask_176,203.97,12.61,4.06
mask_177,215.19,13.24,4.08
mask_178,175.7,10.91,4.04
mask_179,179.38,9.32,4.83
mask_180,167.45,9.34,4.5
mask_181,165.85,9.35,4.45
mask_182,162.77,10.73,3.81
mask_183,156.45,8.89,4.42
mask_184,240.49,12.88,4.69
mask_185,202.78,9.55,5.33
mask_186,204.13,11.96,4.28
mask_187,173.41,10.35,4.21
mask_188,168.57,11.9,3.56
mask_189,289.11,16.73,4.34
mask_190,153.09,10.28,3.74
mask_191,97.93,7.41,3.32
mask_192,167.83,11.35,3.71
mask_193,194.4,12.31,3.96
mask_194,250.28,12.86,4.89
mask_195,117.07,8.67,3.39
mask_196,154.96,12.95,3.0
mask_197,253.63,14.33,4.44
mask_198,197.53,18.91,2.62
mask_199,245.93,12.72,4.85
mask_200,198.85,11.6,4.3
mask_201,241.86,12.4,4.9
mask_202,148.64,8.34,4.47
mask_203,182.46,12.04,3.8
mask_204,202.37,11.69,4.34
mask_205,206.66,12.81,4.05
mask_206,220.63,11.04,5.02
mask_207,100.57,7.22,3.5
mask_208,238.95,11.59,5.18
mask_209,210.57,12.0,4.41
mask_210,229.38,12.94,4.45
mask_211,176.52,11.49,3.86
mask_212,162.88,10.38,3.94
mask_213,170.36,10.49,4.08
mask_214,164.67,11.49,3.6
mask_215,184.77,12.92,3.59
mask_216,159.25,10.77,3.71
mask_217,125.26,8.21,3.83
mask_218,207.54,11.82,4.41
mask_219,253.03,13.48,4.71
mask_220,139.18,10.35,3.37
mask_221,177.73,10.86,4.11
mask_222,141.38,8.0,4.43
mask_223,209.58,10.68,4.93
mask_224,137.09,9.99,3.44
mask_225,124.22,8.82,3.54
mask_226,149.35,9.93,3.78
mask_227,176.69,10.01,4.43
mask_228,149.41,9.62,3.9
mask_229,162.61,9.53,4.28
mask_230,200.17,13.4,3.75
mask_231,156.17,10.86,3.61
mask_232,92.15,7.4,3.13
mask_233,138.63,8.91,3.91
mask_234,211.5,10.81,4.91
mask_235,197.26,11.69,4.23
mask_236,112.23,8.24,3.42
mask_237,101.01,8.01,3.17
mask_238,216.34,12.35,4.4
mask_239,149.79,11.14,3.38
mask_240,200.28,12.57,4.0
mask_241,185.43,12.74,3.65
mask_242,177.07,9.81,4.53
mask_243,137.03,8.05,4.27
mask_244,132.85,8.1,4.12
mask_245,153.81,8.77,4.4
mask_246,184.0,10.55,4.38
mask_247,247.39,11.46,5.42
mask_248,194.43,10.33,4.72
mask_249,119.6,8.21,3.66
mask_250,114.15,8.49,3.38
mask_251,187.08,10.77,4.36
mask_252,189.56,8.73,5.45
mask_253,132.36,10.32,3.22
mask_254,196.05,10.75,4.58
mask_255,134.78,10.44,3.24
mask_256,173.94,11.76,3.71
mask_257,147.29,11.85,3.12
mask_258,145.17,10.05,3.62
mask_259,205.62,11.18,4.62
mask_260,224.1,10.56,5.33
mask_261,281.41,14.64,4.83
mask_262,209.41,12.31,4.27
mask_263,163.98,10.84,3.8
mask_264,142.26,11.52,3.1
mask_265,192.53,12.48,3.87
mask_266,133.68,9.63,3.49
mask_267,109.86,8.78,3.14
mask_268,184.88,9.02,5.14
mask_269,138.9,10.82,3.22
mask_270,117.84,8.9,3.32
mask_271,172.23,10.9,3.97
mask_272,253.52,15.15,4.2
mask_273,93.42,8.09,2.9
mask_274,207.87,10.72,4.87
mask_275,151.33,10.36,3.67
mask_276,48.87,5.44,2.26
mask_277,136.43,8.16,4.2
mask_278,217.83,10.88,5.03
mask_279,145.56,9.35,3.91
mask_280,145.39,9.15,3.99
mask_281,178.72,10.2,4.4
mask_282,207.84,10.05,5.19
mask_283,230.23,12.97,4.46
mask_284,139.56,10.11,3.47
mask_285,234.49,12.28,4.79
mask_286,154.8,12.16,3.2
mask_287,151.66,10.74,3.55
mask_288,153.2,10.5,3.66
mask_289,163.87,10.49,3.92
mask_290,202.56,14.51,3.5
mask_291,150.67,9.16,4.13
mask_292,201.47,11.02,4.59
mask_293,226.46,11.44,4.97
mask_294,129.44,8.64,3.76
mask_295,160.19,10.94,3.68
mask_296,168.38,9.46,4.47
mask_297,163.21,13.67,3.0
mask_298,117.04,8.08,3.63
mask_299,148.47,12.18,3.06
mask_300,195.0,10.99,4.45
mask_301,219.53,12.61,4.37
mask_302,176.08,10.2,4.33
mask_303,220.85,13.22,4.19
mask_304,261.99,14.04,4.68
mask_305,169.65,12.01,3.55
mask_306,161.51,13.57,2.99
mask_307,168.05,9.83,4.29
mask_308,176.19,10.47,4.23
mask_309,141.16,9.32,3.8
mask_310,190.99,13.05,3.67
mask_311,120.64,8.74,3.46
mask_312,135.77,8.88,3.84
mask_313,192.94,10.86,4.46
mask_314,130.43,9.05,3.62
mask_315,208.81,11.19,4.69
mask_316,159.8,10.65,3.77
mask_317,160.9,12.67,3.19
mask_318,112.34,7.78,3.63
mask_319,146.6,10.88,3.38
mask_320,162.39,10.78,3.78
mask_321,224.81,12.1,4.67
mask_322,108.1,8.36,3.25
mask_323,118.55,8.45,3.52
mask_324,124.11,9.95,3.13
mask_325,150.51,10.35,3.65
mask_326,183.89,10.32,4.47
mask_327,195.66,11.66,4.21
mask_328,130.1,9.26,3.53
mask_329,206.39,12.21,4.24
mask_330,190.41,10.73,4.45
mask_331,124.99,10.71,2.93
mask_332,98.37,8.73,2.83
mask_333,220.41,16.87,3.28
mask_334,103.1,9.15,2.83
mask_335,180.04,13.0,3.48
mask_336,152.38,12.13,3.15
mask_337,195.55,10.75,4.57
mask_338,182.08,8.11,5.63
mask_339,227.65,14.43,3.96
mask_340,129.28,10.43,3.11
mask_341,142.48,9.79,3.65
mask_342,122.35,7.77,3.95
mask_343,159.8,8.78,4.57
mask_344,122.68,10.69,2.88
mask_345,265.76,13.41,4.98
mask_346,179.93,11.51,3.92
MaskID,Area(mm^2),Length(mm),Width(mm)
mask_0,215.24,10.37,5.21
mask_1,254.46,13.03,4.9
mask_2,256.22,12.54,5.13
mask_3,260.04,14.08,4.64
mask_4,296.37,14.51,5.13
mask_5,164.31,10.29,4.01
mask_6,182.68,10.61,4.32
mask_7,280.09,11.87,5.92
mask_8,228.97,12.77,4.5
mask_9,249.95,11.31,5.55
mask_10,224.21,12.12,4.64
mask_11,245.66,13.8,4.47
mask_12,164.67,9.68,4.27
mask_13,186.48,11.43,4.09
mask_14,242.85,12.31,4.95
mask_15,188.84,10.22,4.64
mask_16,207.71,11.37,4.59
mask_17,178.56,12.04,3.72
mask_18,211.39,11.16,4.75
mask_19,221.62,13.46,4.13
mask_20,237.74,13.02,4.59
mask_21,217.44,10.42,5.24
mask_22,213.7,10.41,5.16
mask_23,158.37,9.34,4.26
mask_24,234.38,12.31,4.78
mask_25,220.85,11.99,4.63
mask_26,174.21,11.6,3.77
mask_27,194.89,9.59,5.1
mask_28,166.07,10.18,4.09
mask_29,220.19,11.75,4.71
mask_30,216.12,13.02,4.17
mask_31,242.14,12.78,4.76
mask_32,221.51,13.77,4.04
mask_33,172.23,11.41,3.79
mask_34,266.12,13.57,4.92
mask_35,252.59,12.82,4.95
mask_36,202.87,10.7,4.76
mask_37,168.0,11.97,3.52
mask_38,201.99,10.44,4.86
mask_39,212.71,13.33,4.01
mask_40,250.22,12.32,5.1
mask_41,205.62,13.05,3.96
mask_42,321.31,15.56,5.18
mask_43,240.87,13.07,4.63
mask_44,265.24,13.18,5.05
mask_45,241.64,13.2,4.6
mask_46,244.34,11.65,5.26
mask_47,146.82,9.8,3.76
mask_48,201.0,11.92,4.23
mask_49,121.58,8.55,3.57
mask_50,241.09,12.27,4.93
mask_51,203.36,11.99,4.26
mask_52,230.7,11.82,4.9
mask_53,168.16,9.67,4.37
mask_54,224.76,12.22,4.62
mask_55,206.77,12.09,4.29
mask_56,227.89,11.03,5.19
mask_57,287.68,12.24,5.9
mask_58,189.59,10.54,4.52
mask_59,235.98,12.69,4.67
mask_60,230.04,13.3,4.34
mask_61,225.91,10.83,5.23
mask_62,212.05,10.17,5.23
mask_63,207.49,10.84,4.8
mask_64,218.76,13.12,4.19
mask_65,268.87,13.29,5.08
mask_66,225.75,12.26,4.62
mask_67,244.78,13.1,4.69
mask_68,213.43,11.01,4.86
mask_69,175.59,9.78,4.51
mask_70,291.09,14.66,4.98
mask_71,132.52,8.46,3.93
mask_72,199.46,11.93,4.2
mask_73,176.63,10.01,4.43
mask_74,205.51,10.81,4.77
mask_75,164.42,10.74,3.84
mask_76,278.11,14.41,4.84
mask_77,164.26,8.51,4.85
mask_78,206.66,11.21,4.63
mask_79,265.9,11.99,5.57
mask_80,213.7,11.08,4.84
mask_81,160.74,9.65,4.18
mask_82,255.23,14.33,4.47
mask_83,174.49,10.85,4.04
mask_84,212.11,9.97,5.34
mask_85,211.83,12.59,4.22
mask_86,204.13,11.93,4.3
mask_87,185.71,9.24,5.04
mask_88,264.74,12.98,5.12
mask_89,216.84,11.92,4.57
mask_90,197.04,11.74,4.21
mask_91,179.22,9.73,4.62
mask_92,178.45,11.32,3.96
mask_93,206.22,11.48,4.51
mask_94,177.24,10.13,4.39
mask_95,247.53,13.05,4.76
mask_96,126.75,9.79,3.25
mask_97,173.94,9.8,4.46
mask_98,211.94,11.72,4.54
mask_99,210.68,12.32,4.29
mask_100,206.94,12.78,4.07
mask_101,201.77,11.5,4.4
mask_102,314.19,13.19,5.98
mask_103,224.98,10.81,5.22
mask_104,218.29,12.47,4.4
mask_105,177.9,12.06,3.7
mask_106,141.76,9.17,3.88
mask_107,205.01,12.83,4.01
mask_108,238.48,15.13,3.96
mask_109,218.32,14.52,3.78
mask_110,183.07,11.42,4.02
mask_111,162.99,9.88,4.14
mask_112,166.29,10.06,4.15
mask_113,190.47,11.35,4.21
mask_114,275.69,13.93,4.97
mask_115,191.76,11.55,4.17
mask_116,243.35,11.84,5.16
mask_117,247.86,13.1,4.75
mask_118,283.77,13.67,5.21
mask_119,168.77,9.37,4.52
mask_120,266.28,16.07,4.16
mask_121,256.88,11.95,5.4
mask_122,216.62,11.68,4.66
mask_123,127.68,9.86,3.25
mask_124,177.07,13.18,3.37
mask_125,215.3,14.47,3.73
mask_126,193.46,12.07,4.02
mask_127,161.73,11.87,3.42
mask_128,158.21,10.15,3.91
mask_129,210.18,10.85,4.86
mask_130,162.77,12.23,3.34
mask_131,199.29,12.22,4.09
mask_132,129.44,8.02,4.05
mask_133,133.18,10.06,3.32
mask_134,148.09,10.14,3.67
mask_135,172.95,12.24,3.55
mask_136,177.51,9.2,4.84
mask_137,279.54,12.71,5.52
mask_138,231.41,13.7,4.24
mask_139,154.91,8.82,4.41
mask_140,185.76,9.54,4.89
mask_141,218.16,11.53,4.75
mask_142,199.13,11.17,4.47
mask_143,229.93,11.87,4.86
mask_144,153.59,10.63,3.63
mask_145,243.98,14.09,4.35
mask_146,165.52,9.09,4.57
mask_147,182.74,11.75,3.91
mask_148,264.0,12.77,5.19
mask_149,207.93,10.45,4.99
mask_150,195.28,11.74,4.18
mask_151,200.5,9.99,5.04
mask_152,200.06,12.12,4.14
mask_153,164.81,9.51,4.35
mask_154,195.28,11.83,4.14
mask_155,180.54,13.65,3.32
mask_156,171.46,12.12,3.55
mask_157,197.64,12.91,3.84
mask_158,181.53,9.82,4.64
mask_159,159.14,9.78,4.08
mask_160,162.61,11.04,3.7
mask_161,168.93,11.44,3.71
mask_162,193.52,10.67,4.55
mask_163,175.75,11.88,3.71
mask_164,112.06,8.24,3.41
mask_165,288.09,15.21,4.76
mask_166,177.68,12.23,3.65
mask_167,267.93,13.67,4.92
mask_168,215.02,12.16,4.44
mask_169,154.91,9.79,3.97
mask_170,138.9,9.85,3.54
mask_171,124.27,7.14,4.37
mask_172,110.58,10.28,2.7
mask_173,194.67,11.05,4.42
mask_174,198.82,10.93,4.57
mask_175,137.47,9.0,3.83
mask_176,234.11,12.96,4.53
mask_177,188.35,10.41,4.54
mask_178,177.24,10.18,4.37
mask_179,171.02,10.61,4.05
mask_180,233.34,10.68,5.48
mask_181,111.07,8.89,3.14
mask_182,198.85,11.18,4.47
mask_183,132.91,9.25,3.61
mask_184,218.38,11.06,4.96
mask_185,160.85,9.96,4.05
mask_186,152.65,10.48,3.66
mask_187,264.19,16.24,4.08
mask_188,263.31,14.1,4.69
mask_189,191.7,11.74,4.1
mask_190,216.48,13.57,4.0
mask_191,225.25,12.71,4.45
mask_192,232.13,14.56,4.0
mask_193,126.17,8.85,3.58
mask_194,142.64,8.84,4.05
mask_195,186.81,10.37,4.52
mask_196,132.25,9.08,3.66
mask_197,221.79,11.7,4.76
mask_198,189.39,11.21,4.24
mask_199,228.17,12.49,4.59
mask_200,165.52,10.14,4.1
mask_201,88.8,7.21,3.09
mask_202,180.43,13.51,3.35
mask_203,141.65,10.54,3.37
mask_204,214.2,14.91,3.61
mask_205,90.89,7.57,3.01
mask_206,124.0,8.75,3.56
mask_207,156.61,9.6,4.09
mask_208,175.48,11.15,3.95
mask_209,272.17,14.08,4.85
mask_210,230.59,13.41,4.32
mask_211,200.17,10.45,4.81
mask_212,148.25,11.57,3.22
mask_213,224.76,11.06,5.1
mask_214,198.19,12.97,3.83
mask_215,193.63,11.25,4.32
mask_216,204.46,12.42,4.13
mask_217,171.63,11.01,3.91
mask_218,172.67,10.31,4.21
mask_219,218.27,11.48,4.77
mask_220,119.76,9.02,3.33
mask_221,193.74,12.61,3.86
mask_222,172.67,12.05,3.6
mask_223,186.42,11.59,4.04
mask_224,151.36,10.98,3.46
mask_225,181.14,10.37,4.39
mask_226,178.37,11.32,3.96
mask_227,231.63,12.21,4.76
mask_228,160.24,9.01,4.46
mask_229,175.86,10.7,4.13
mask_230,215.57,13.29,4.07
mask_231,161.07,9.65,4.19
mask_232,234.0,12.13,4.84
mask_233,189.56,11.66,4.08
mask_234,224.68,11.93,4.73
mask_235,211.94,14.67,3.63
mask_236,184.72,12.16,3.81
mask_237,125.76,10.01,3.15
mask_238,236.8,13.34,4.46
mask_239,271.18,12.98,5.24
mask_240,216.56,11.68,4.65
mask_241,204.16,11.34,4.52
mask_242,140.77,10.14,3.49
mask_243,228.0,10.07,5.68
mask_244,166.29,18.07,2.31
mask_245,157.27,11.35,3.48
mask_246,186.15,10.63,4.4
mask_247,219.18,14.79,3.72
mask_248,203.09,11.51,4.43
mask_249,117.34,8.5,3.47
mask_250,176.14,12.8,3.45
mask_251,242.28,14.52,4.19
mask_252,192.53,10.46,4.62
mask_253,180.37,13.55,3.34
mask_254,196.16,11.04,4.46
mask_255,117.51,8.81,3.35
mask_256,208.15,11.47,4.56
mask_257,240.16,14.43,4.18
mask_258,178.23,10.89,4.11
mask_259,158.98,11.44,3.49
mask_260,169.87,10.35,4.12
mask_261,184.88,11.25,4.13
mask_262,176.52,9.1,4.87
mask_263,187.19,11.32,4.15
mask_264,145.72,9.9,3.69
mask_265,174.6,10.06,4.36
mask_266,239.72,12.88,4.67
mask_267,174.54,10.12,4.33
mask_268,149.57,9.12,4.12
mask_269,164.64,10.4,3.98
mask_270,156.01,11.3,3.47
mask_271,123.01,9.66,3.2
mask_272,154.0,8.74,4.42
mask_273,198.96,10.87,4.59
mask_274,133.51,8.62,3.89
mask_275,267.11,16.52,4.06
mask_276,224.48,11.76,4.79
mask_277,182.85,10.34,4.44
mask_278,295.87,14.92,4.98
mask_279,132.91,8.92,3.74
mask_280,168.0,9.01,4.68
mask_281,201.16,10.98,4.6
mask_282,200.45,10.95,4.6
mask_283,203.61,12.44,4.11
mask_284,230.31,12.14,4.76
mask_285,336.13,18.7,4.51
mask_286,180.81,12.15,3.74
mask_287,187.69,10.65,4.43
mask_288,169.21,9.92,4.28
mask_289,249.84,13.83,4.54
mask_290,160.74,9.24,4.37
mask_291,150.62,9.49,3.99
mask_292,141.93,8.16,4.37
mask_293,219.37,13.54,4.07
mask_294,105.13,7.59,3.48
mask_295,242.85,13.66,4.46
mask_296,154.91,9.91,3.92
mask_297,150.89,10.73,3.53
mask_298,153.04,9.55,4.02
mask_299,137.88,11.34,3.05
mask_300,130.13,9.86,3.31
mask_301,146.27,11.05,3.32
mask_302,186.31,9.74,4.8
mask_303,180.92,11.17,4.07
mask_304,180.04,8.76,5.16
mask_305,88.36,7.51,2.95
mask_306,205.78,12.14,4.25
mask_307,123.56,8.82,3.52
mask_308,165.41,11.12,3.73
mask_309,156.34,8.87,4.43
mask_310,145.15,10.42,3.5
mask_311,192.69,10.3,4.69
mask_312,213.7,15.37,3.49
mask_313,108.76,8.45,3.23
mask_314,148.09,9.15,4.06
mask_315,151.88,9.49,4.02
mask_316,136.54,9.53,3.6
mask_317,167.23,10.72,3.92
mask_318,171.02,9.64,4.45
mask_319,204.13,11.64,4.4
mask_320,224.15,11.21,5.02
mask_321,137.58,10.39,3.32
mask_322,199.51,9.97,5.02
mask_323,154.74,9.59,4.05
mask_324,182.35,9.54,4.8
mask_325,159.14,8.64,4.62
mask_326,152.54,8.49,4.51
mask_327,153.15,9.96,3.86
mask_328,219.86,14.07,3.92
mask_329,157.99,10.52,3.77
mask_330,128.29,9.7,3.32
mask_331,161.29,11.08,3.65
mask_332,152.54,8.27,4.63
mask_333,305.08,16.86,4.54
mask_334,102.44,8.17,3.15
MaskID,Area(mm^2),Length(mm),Width(mm)
mask_0,381.51,15.6,6.14
mask_1,357.25,15.47,5.8
mask_2,306.6,13.35,5.76
mask_3,437.52,17.08,6.43
mask_4,403.51,16.2,6.25
mask_5,403.01,16.64,6.08
mask_6,400.59,16.9,5.95
mask_7,390.25,14.77,6.63
mask_8,408.13,16.5,6.21
mask_9,363.17,15.62,5.84
mask_10,430.62,16.31,6.63
mask_11,456.2,17.02,6.73
mask_12,365.75,14.68,6.25
mask_13,343.83,16.03,5.38
mask_14,325.44,15.64,5.22
mask_15,420.94,16.56,6.38
mask_16,371.25,16.22,5.74
mask_17,355.66,15.56,5.74
mask_18,271.89,12.89,5.29
mask_19,391.6,16.23,6.06
mask_20,426.17,17.0,6.29
mask_21,355.77,15.09,5.92
mask_22,379.2,15.19,6.27
mask_23,361.54,14.64,6.2
mask_24,411.04,16.12,6.4
mask_25,324.69,14.11,5.78
mask_26,356.81,14.96,5.99
mask_27,402.08,16.74,6.03
mask_28,373.34,16.75,5.59
mask_29,443.88,17.67,6.31
mask_30,369.9,13.98,6.64
mask_31,278.41,11.9,5.87
mask_32,380.57,17.19,5.56
mask_33,357.94,14.58,6.16
mask_34,405.49,17.12,5.94
mask_35,359.62,14.19,6.36
mask_36,353.46,15.97,5.56
mask_37,363.88,14.51,6.3
mask_38,321.58,14.16,5.7
mask_39,399.27,16.17,6.2
mask_40,358.74,14.71,6.12
mask_41,371.44,15.38,6.06
mask_42,366.77,14.84,6.2
mask_43,309.9,15.85,4.91
mask_44,354.45,16.79,5.3
mask_45,382.06,15.85,6.05
mask_46,368.47,16.41,5.64
mask_47,436.87,16.28,6.74
mask_48,316.06,15.23,5.21
mask_49,431.39,17.6,6.15
mask_50,437.66,17.14,6.41
mask_51,420.72,17.99,5.87
mask_52,392.54,15.75,6.25
mask_53,375.35,15.65,6.02
mask_54,349.94,14.88,5.9
mask_55,389.48,15.64,6.25
mask_56,394.68,17.12,5.79
mask_57,378.54,14.82,6.41
mask_58,322.11,13.74,5.89
mask_59,298.95,13.66,5.49
mask_60,322.49,14.8,5.47
mask_61,430.79,17.94,6.03
mask_62,348.75,15.35,5.7
mask_63,399.93,15.4,6.52
mask_64,291.36,15.49,4.72
mask_65,383.54,18.0,5.35
mask_66,320.98,13.93,5.78
mask_67,410.11,16.47,6.25
mask_68,407.66,16.11,6.35
mask_69,355.44,14.86,6.0
mask_70,272.52,14.93,4.58
mask_71,406.73,16.39,6.23
mask_72,446.79,17.44,6.43
mask_73,339.54,14.18,6.01
mask_74,410.44,16.46,6.26
MaskID,Area(mm^2),Length(mm),Width(mm)
mask_0,129.17,9.22,3.52
mask_1,149.79,9.35,4.02
mask_2,129.22,9.37,3.46
mask_3,146.0,10.72,3.42
mask_4,158.26,10.58,3.75
mask_5,123.94,8.44,3.69
mask_6,279.29,13.8,5.08
mask_7,157.93,10.35,3.83
mask_8,172.62,9.86,4.4
mask_9,148.8,10.98,3.4
MaskID,Area(mm^2),Length(mm),Width(mm)
mask_0,274.97,14.03,4.92
mask_1,207.41,12.0,4.34
mask_2,307.92,13.83,5.59
mask_3,360.99,15.81,5.73
mask_4,280.91,13.41,5.26
mask_5,210.57,10.93,4.84
mask_6,214.03,13.9,3.87
mask_7,227.4,11.94,4.78
mask_8,257.65,12.9,5.01
mask_9,295.07,13.92,5.32
mask_10,163.93,11.76,3.5
mask_11,311.77,13.73,5.7
mask_12,240.93,12.31,4.91
mask_13,254.9,14.48,4.42
mask_14,243.73,11.19,5.47
mask_15,254.84,11.38,5.62
mask_16,177.18,11.7,3.8
mask_17,170.58,11.08,3.87
mask_18,203.97,11.01,4.65
mask_19,187.91,10.75,4.39
mask_20,157.77,10.88,3.64
mask_21,212.77,12.51,4.27
mask_22,212.88,11.48,4.65
mask_23,319.03,14.04,5.7
mask_24,253.96,10.98,5.81
mask_25,254.98,15.24,4.2
mask_26,232.02,13.37,4.36
mask_27,298.79,13.54,5.54
mask_28,217.75,12.42,4.4
mask_29,261.83,12.89,5.1
mask_30,227.84,14.1,4.06
mask_31,277.92,12.38,5.64
mask_32,267.27,13.75,4.88
mask_33,222.72,12.22,4.57
mask_34,235.26,11.77,5.02
mask_35,231.08,13.37,4.34
mask_36,147.76,9.81,3.78
mask_37,167.23,11.57,3.63
mask_38,197.53,11.84,4.19
mask_39,279.92,15.14,4.64
mask_40,243.57,12.16,5.03
mask_41,234.57,12.58,4.68
mask_42,280.03,13.02,5.4
mask_43,241.48,12.84,4.72
mask_44,195.11,10.62,4.61
mask_45,243.62,14.26,4.29
mask_46,186.09,11.18,4.18
mask_47,247.47,13.28,4.68
mask_48,247.25,15.71,3.95
mask_49,215.19,9.96,5.42
mask_50,267.22,14.01,4.79
mask_51,212.11,11.42,4.66
mask_52,192.75,11.22,4.31
mask_53,239.33,12.17,4.94
mask_54,235.43,12.19,4.85
mask_55,250.99,12.67,4.97
mask_56,265.95,12.62,5.29
mask_57,176.69,11.44,3.88
mask_58,266.34,13.17,5.08
mask_59,232.35,13.2,4.42
mask_60,222.12,11.34,4.92
mask_61,265.62,12.7,5.25
mask_62,212.55,10.9,4.89
mask_63,231.6,11.81,4.92
mask_64,244.45,13.4,4.58
mask_65,167.78,9.58,4.4
mask_66,254.18,12.5,5.1
mask_67,207.32,9.82,5.3
mask_68,217.28,10.3,5.3
mask_69,278.93,12.66,5.53
mask_70,258.25,14.2,4.57
mask_71,192.31,11.5,4.2
mask_72,211.94,12.29,4.33
mask_73,191.37,12.0,4.0
mask_74,235.7,11.64,5.08
mask_75,228.11,11.82,4.85
mask_76,145.39,8.31,4.39
mask_77,267.11,13.18,5.09
mask_78,293.12,16.21,4.54
mask_79,207.27,11.63,4.47
mask_80,207.32,12.02,4.33
mask_81,207.93,11.74,4.45
mask_82,210.35,14.26,3.7
mask_83,238.18,10.91,5.48
mask_84,270.19,11.61,5.84
mask_85,173.0,10.85,4.0
mask_86,172.23,11.38,3.8
mask_87,190.22,10.07,4.74
mask_88,206.28,11.87,4.36
mask_89,210.95,10.98,4.82
mask_90,206.22,11.23,4.61
mask_91,242.63,12.05,5.05
mask_92,230.75,14.15,4.09
mask_93,224.98,11.2,5.04
mask_94,152.93,9.6,4.0
mask_95,171.41,10.33,4.16
mask_96,194.51,10.78,4.53
mask_97,273.71,17.05,4.03
mask_98,137.14,8.46,4.07
mask_99,175.18,9.63,4.57
mask_100,196.32,11.75,4.19
mask_101,249.95,11.01,5.7
mask_102,188.9,10.6,4.47
mask_103,240.54,11.84,5.1
mask_104,211.17,13.37,3.96
mask_105,148.86,10.9,3.43
mask_106,236.75,14.19,4.19
mask_107,223.99,10.38,5.41
mask_108,311.99,15.15,5.17
mask_109,198.74,9.97,5.0
mask_110,203.42,11.28,4.52
mask_111,262.16,13.1,5.02
mask_112,248.19,13.45,4.63
mask_113,224.04,10.06,5.59
mask_114,161.73,11.72,3.46
mask_115,188.02,12.21,3.87
mask_116,113.82,8.3,3.44
mask_117,184.5,11.46,4.04
mask_118,135.82,8.83,3.86
mask_119,249.78,14.12,4.44
mask_120,221.68,10.68,5.21
mask_121,175.64,9.97,4.42
mask_122,179.66,10.7,4.21
mask_123,152.38,9.42,4.06
mask_124,298.51,15.41,4.86
mask_125,201.27,12.71,3.97
mask_126,169.59,10.34,4.12
mask_127,162.17,10.45,3.9
mask_128,232.95,11.75,4.98
mask_129,153.92,10.39,3.72
mask_130,211.17,13.08,4.05
mask_131,267.11,13.85,4.84
mask_132,140.88,9.45,3.74
mask_133,305.28,13.99,5.48
mask_134,213.81,11.24,4.77
mask_135,215.46,12.55,4.31
mask_136,262.93,13.0,5.08
mask_137,256.49,15.31,4.21
mask_138,234.66,11.47,5.14
mask_139,157.88,9.12,4.34
mask_140,108.71,7.93,3.44
mask_141,176.25,10.17,4.35
mask_142,283.22,16.24,4.38
mask_143,181.97,12.51,3.65
mask_144,251.54,14.52,4.35
mask_145,110.3,8.5,3.26
mask_146,136.04,10.48,3.26
mask_147,252.84,13.07,4.85
mask_148,222.56,12.24,4.56
mask_149,237.68,12.67,4.71
mask_150,188.62,12.09,3.92
mask_151,126.14,10.21,3.1
mask_152,209.66,11.75,4.48
mask_153,128.01,9.89,3.25
mask_154,143.96,9.4,3.85
mask_155,125.26,9.18,3.43
mask_156,208.31,10.89,4.8
mask_157,206.33,11.09,4.67
mask_158,200.06,10.14,4.95
mask_159,220.11,11.52,4.8
mask_160,154.19,8.26,4.69
mask_161,249.12,11.29,5.54
mask_162,247.14,11.33,5.47
mask_163,175.7,10.73,4.11
mask_164,264.08,12.96,5.11
mask_165,133.79,8.19,4.1
mask_166,152.16,10.59,3.61
mask_167,187.36,11.14,4.22
mask_168,214.86,11.3,4.77
mask_169,231.22,12.63,4.59
mask_170,298.13,15.7,4.77
mask_171,268.59,14.11,4.78
mask_172,280.17,14.67,4.79
mask_173,253.47,13.16,4.84
mask_174,129.06,9.59,3.38
mask_175,234.44,12.96,4.54
mask_176,209.58,11.84,4.44
mask_177,196.6,12.07,4.09
mask_178,213.87,10.44,5.14
mask_179,130.05,9.02,3.62
mask_180,214.2,10.74,5.01
mask_181,263.92,12.5,5.3
mask_182,217.94,12.3,4.45
mask_183,217.72,12.32,4.44
mask_184,157.82,11.07,3.58
mask_185,218.98,12.84,4.28
mask_186,244.83,11.69,5.26
mask_187,232.4,12.58,4.64
mask_188,245.11,11.31,5.44
mask_189,182.35,10.32,4.43
mask_190,117.89,9.37,3.16
mask_191,222.06,12.57,4.44
mask_192,200.5,9.88,5.09
mask_193,220.36,11.71,4.72
mask_194,253.36,12.75,4.99
mask_195,213.65,11.87,4.52
mask_196,174.49,10.95,4.0
mask_197,148.91,9.28,4.03
mask_198,195.61,13.39,3.67
mask_199,148.25,10.02,3.71
mask_200,263.09,14.79,4.46
mask_201,247.53,13.27,4.68
mask_202,160.96,8.64,4.68
mask_203,140.06,9.67,3.63
mask_204,245.71,11.8,5.23
mask_205,176.85,11.1,4.0
mask_206,232.79,14.67,3.98
mask_207,194.84,11.48,4.26
mask_208,160.08,9.47,4.24
mask_209,199.02,13.88,3.6
mask_210,271.43,13.12,5.2
mask_211,156.5,9.24,4.25
mask_212,175.42,10.78,4.09
mask_213,236.69,11.45,5.19
mask_214,132.3,8.29,4.01
mask_215,143.08,10.5,3.42
mask_216,229.43,12.64,4.56
mask_217,152.87,9.81,3.91
mask_218,191.43,9.04,5.32
mask_219,223.99,12.44,4.52
mask_220,234.93,12.46,4.73
mask_221,230.48,13.28,4.36
mask_222,215.85,12.29,4.41
mask_223,274.15,12.66,5.43
mask_224,241.64,12.57,4.82
mask_225,175.78,10.15,4.35
mask_226,130.71,9.21,3.56
mask_227,272.77,13.33,5.14
mask_228,114.7,8.25,3.49
mask_229,196.76,11.39,4.34
mask_230,164.15,10.34,3.99
mask_231,187.74,11.64,4.05
mask_232,244.17,12.63,4.85
mask_233,186.53,11.51,4.07
mask_234,146.27,10.57,3.47
mask_235,222.12,10.16,5.49
mask_236,243.13,12.54,4.87
mask_237,278.05,14.95,4.67
mask_238,269.47,16.98,3.98
mask_239,312.37,15.84,4.95
mask_240,244.89,11.29,5.45
mask_241,211.5,10.11,5.25
mask_242,273.74,13.5,5.09
mask_243,274.62,14.69,4.69
mask_244,200.89,11.71,4.31
mask_245,298.29,14.11,5.31
mask_246,218.79,12.26,4.48
mask_247,223.33,11.42,4.91
mask_248,183.23,11.56,3.98
mask_249,221.16,11.9,4.66
mask_250,188.29,11.38,4.16
mask_251,124.55,9.03,3.46
mask_252,130.32,8.65,3.78
mask_253,165.8,10.46,3.98
mask_254,145.17,9.39,3.88
mask_255,207.65,8.55,6.1
mask_256,175.75,9.3,4.74
mask_257,191.7,9.95,4.83
mask_258,199.68,9.62,5.21
mask_259,248.41,15.55,4.01
mask_260,140.0,8.69,4.04
mask_261,175.92,10.81,4.08
mask_262,274.15,13.3,5.17
mask_263,171.3,11.46,3.75
mask_264,259.85,13.75,4.75
mask_265,111.24,7.19,3.88
mask_266,148.42,10.03,3.71
mask_267,191.98,10.89,4.43
mask_268,164.09,10.41,3.96
mask_269,204.68,11.71,4.39
mask_270,210.24,12.2,4.32
mask_271,173.99,10.81,4.04
mask_272,106.56,9.26,2.89
mask_273,97.49,7.38,3.32
mask_274,204.46,10.91,4.71
mask_275,207.98,11.08,4.71
mask_276,174.05,10.66,4.1
mask_277,179.55,9.69,4.65
mask_278,202.73,13.24,3.84
mask_279,154.85,9.83,3.95
mask_280,149.3,12.8,2.93
mask_281,227.67,12.32,4.64
mask_282,195.88,11.94,4.12
mask_283,219.2,12.75,4.32
mask_284,203.91,11.94,4.29
mask_285,283.06,15.12,4.7
mask_286,237.54,13.25,4.5
mask_287,164.04,9.69,4.25
mask_288,223.49,13.11,4.28
mask_289,123.89,8.47,3.67
mask_290,128.84,10.71,3.02
mask_291,237.57,13.13,4.54
mask_292,122.57,8.5,3.62
mask_293,114.48,8.27,3.48
mask_294,302.94,15.25,4.99
mask_295,195.39,10.35,4.74
mask_296,229.16,11.52,4.99
mask_297,220.25,10.66,5.19
mask_298,228.0,14.0,4.09
mask_299,212.33,11.62,4.59
mask_300,217.44,14.18,3.85
mask_301,223.27,12.29,4.56
mask_302,154.14,10.23,3.78
mask_303,196.43,9.47,5.21
mask_304,124.99,9.01,3.48
mask_305,142.81,8.57,4.18
mask_306,246.81,11.26,5.5
mask_307,141.6,10.6,3.35
mask_308,217.5,12.51,4.37
mask_309,191.76,10.93,4.41
mask_310,232.29,13.86,4.21
mask_311,216.59,13.35,4.07
mask_312,92.48,8.57,2.71
mask_313,261.55,13.97,4.7
mask_314,136.65,9.08,3.78
mask_315,166.35,9.91,4.21
mask_316,143.58,9.72,3.71
mask_317,204.63,15.46,3.32
mask_318,164.01,13.46,3.06
mask_319,273.93,12.88,5.34
mask_320,123.56,8.02,3.87
mask_321,142.42,14.69,2.43
mask_322,201.99,10.45,4.85
mask_323,179.77,11.42,3.95
mask_324,301.87,14.45,5.25
mask_325,172.23,9.67,4.47
mask_326,176.47,9.94,4.45
mask_327,225.31,10.97,5.16
mask_328,112.17,7.82,3.6
mask_329,219.75,13.77,4.01
mask_330,111.4,8.76,3.19
mask_331,277.61,14.22,4.9
mask_332,166.24,12.85,3.25
mask_333,117.23,8.92,3.3
mask_334,102.16,6.27,4.09
mask_335,174.1,11.0,3.97
MaskID,Area(mm^2),Length(mm),Width(mm)
mask_0,312.37,14.47,5.42
mask_1,257.15,12.65,5.1
mask_2,231.85,11.48,5.07
mask_3,266.61,13.36,5.01
mask_4,220.69,12.84,4.31
mask_5,236.42,12.09,4.91
mask_6,234.0,11.51,5.1
mask_7,198.52,11.06,4.51
mask_8,328.32,13.06,6.31
mask_9,243.4,11.61,5.26
mask_10,271.56,13.91,4.9
mask_11,267.05,13.78,4.86
mask_12,237.3,11.79,5.05
mask_13,269.31,15.03,4.5
mask_14,215.46,11.66,4.64
mask_15,178.83,11.09,4.05
mask_16,207.71,11.73,4.44
mask_17,190.49,10.95,4.37
mask_18,260.45,12.99,5.03
mask_19,256.0,11.95,5.38
mask_20,261.22,11.7,5.61
mask_21,232.68,11.1,5.26
mask_22,219.86,11.52,4.79
mask_23,274.15,13.31,5.17
mask_24,205.97,11.14,4.64
mask_25,238.62,12.69,4.72
mask_26,280.58,12.86,5.48
mask_27,235.65,12.29,4.81
mask_28,179.05,10.06,4.47
mask_29,183.23,12.92,3.56
mask_30,198.91,10.44,4.78
mask_31,226.24,12.39,4.58
mask_32,195.5,11.58,4.24
mask_33,194.12,10.39,4.69
mask_34,206.22,11.45,4.52
mask_35,246.32,11.22,5.51
mask_36,188.95,11.5,4.12
mask_37,207.32,11.09,4.69
mask_38,235.21,11.96,4.94
mask_39,145.01,8.76,4.15
mask_40,216.56,11.67,4.66
mask_41,183.07,12.7,3.62
mask_42,302.33,13.68,5.55
mask_43,174.43,11.36,3.85
mask_44,254.73,12.02,5.32
mask_45,196.05,11.2,4.39
mask_46,265.24,15.95,4.18
mask_47,234.99,12.58,4.69
mask_48,248.68,12.75,4.89
mask_49,298.93,15.58,4.82
mask_50,240.38,13.1,4.61
mask_51,220.52,10.99,5.04
mask_52,218.05,12.08,4.53
mask_53,170.97,10.67,4.02
mask_54,115.58,8.25,3.52
mask_55,256.93,12.63,5.11
mask_56,191.34,10.89,4.41
mask_57,137.31,10.32,3.34
mask_58,255.12,11.11,5.77
mask_59,180.54,11.2,4.05
mask_60,213.92,14.68,3.66
mask_61,186.75,9.2,5.1
mask_62,228.22,11.1,5.16
mask_63,234.38,11.58,5.08
mask_64,214.14,11.71,4.59
mask_65,264.58,13.91,4.77
mask_66,224.48,10.46,5.39
mask_67,180.54,10.77,4.21
mask_68,181.2,10.14,4.48
mask_69,263.31,11.71,5.65
mask_70,201.38,13.49,3.75
mask_71,163.05,11.48,3.57
mask_72,224.87,13.09,4.31
mask_73,223.88,13.82,4.07
mask_74,172.73,11.93,3.64
mask_75,196.87,11.62,4.25
mask_76,216.01,11.12,4.88
mask_77,268.81,12.93,5.22
mask_78,162.66,9.94,4.11
mask_79,246.43,12.83,4.82
mask_80,236.53,12.5,4.75
mask_81,158.04,10.22,3.88
mask_82,203.64,13.73,3.72
mask_83,280.53,15.49,4.55
mask_84,170.86,10.16,4.22
mask_85,244.34,13.87,4.42
mask_86,186.97,10.13,4.63
mask_87,103.43,7.34,3.54
mask_88,232.9,12.1,4.83
mask_89,204.68,11.67,4.4
mask_90,204.41,13.22,3.88
mask_91,205.75,13.65,3.78
mask_92,230.75,15.81,3.66
mask_93,180.15,10.74,4.21
mask_94,210.57,11.84,4.46
mask_95,201.77,10.66,4.75
mask_96,191.26,11.38,4.22
mask_97,109.86,7.54,3.66
mask_98,189.67,11.2,4.25
mask_99,196.65,11.31,4.36
mask_100,148.64,10.66,3.5
mask_101,202.7,10.58,4.81
mask_102,205.89,11.16,4.63
mask_103,191.76,11.78,4.09
mask_104,194.12,11.35,4.29
mask_105,255.94,13.48,4.76
mask_106,208.59,11.58,4.52
mask_107,237.57,12.98,4.59
mask_108,334.32,15.88,5.28
mask_109,184.61,10.65,4.35
mask_110,254.9,14.14,4.53
mask_111,114.1,10.05,2.85
mask_112,170.31,10.08,4.24
mask_113,263.64,11.94,5.54
mask_114,256.22,12.73,5.05
mask_115,240.71,13.24,4.56
mask_116,193.3,12.21,3.97
mask_117,235.59,12.64,4.68
mask_118,199.9,13.58,3.69
mask_119,268.54,13.73,4.91
mask_120,227.89,12.14,4.71
mask_121,197.59,12.09,4.1
mask_122,202.32,12.21,4.16
mask_123,248.9,13.39,4.67
mask_124,147.54,9.64,3.84
mask_125,209.85,13.35,3.95
mask_126,157.11,10.26,3.84
mask_127,213.24,11.19,4.79
mask_128,231.91,13.83,4.21
mask_129,177.71,9.58,4.66
mask_130,189.61,11.24,4.23
mask_131,171.08,10.63,4.04
mask_132,128.89,11.72,2.76
mask_133,239.44,12.29,4.89
mask_134,193.02,13.87,3.49
mask_135,234.77,13.65,4.32
mask_136,142.31,9.01,3.96
mask_137,194.29,11.56,4.22
mask_138,200.06,11.45,4.39
mask_139,189.78,11.63,4.1
mask_140,167.17,9.32,4.5
mask_141,245.77,13.56,4.55
mask_142,179.0,12.94,3.47
mask_143,160.19,9.49,4.23
mask_144,235.37,12.17,4.85
mask_145,260.95,12.83,5.1
mask_146,244.45,12.68,4.84
mask_147,185.71,12.73,3.66
mask_148,217.66,11.39,4.8
mask_149,169.32,11.3,3.76
mask_150,139.78,8.51,4.12
mask_151,225.03,13.07,4.32
mask_152,226.68,12.32,4.62
mask_153,199.13,9.7,5.15
mask_154,238.73,13.66,4.39
mask_155,188.18,10.63,4.44
mask_156,224.81,13.79,4.09
mask_157,230.15,13.36,4.32
mask_158,121.74,9.24,3.31
mask_159,213.37,12.4,4.32
mask_160,124.99,9.48,3.31
mask_161,185.21,12.42,3.74
mask_162,140.77,8.85,3.99
mask_163,170.97,9.24,4.65
mask_164,222.5,13.0,4.3
mask_165,234.66,12.46,4.73
mask_166,218.38,14.52,3.77
mask_167,161.95,10.19,3.99
mask_168,212.88,11.84,4.51
mask_169,195.94,10.57,4.65
mask_170,173.39,12.19,3.57
mask_171,228.28,11.88,4.82
mask_172,138.08,10.9,3.18
mask_173,138.49,10.38,3.35
mask_174,195.55,13.36,3.68
mask_175,218.76,12.24,4.49
mask_176,174.6,10.06,4.36
mask_177,156.28,10.05,3.9
mask_178,157.05,10.47,3.76
mask_179,196.93,11.81,4.18
mask_180,127.6,9.49,3.37
mask_181,145.28,10.22,3.57
mask_182,204.85,11.21,4.59
mask_183,168.38,10.24,4.13
mask_184,234.77,11.44,5.15
mask_185,254.73,11.84,5.4
mask_186,203.09,11.51,4.43
mask_187,233.42,12.65,4.63
mask_188,200.67,12.5,4.03
mask_189,175.23,9.25,4.76
mask_190,188.4,9.53,4.96
mask_191,194.89,9.89,4.95
mask_192,205.01,11.74,4.38
MaskID,Area(mm^2),Length(mm),Width(mm)
mask_0,277.94,13.33,5.23
mask_1,354.78,18.81,4.73
mask_2,251.49,12.15,5.19
mask_3,328.85,15.71,5.25
mask_4,285.31,11.87,6.03
mask_5,261.83,12.61,5.21
mask_6,234.44,12.36,4.76
mask_7,230.7,12.35,4.69
mask_8,284.82,14.22,5.03
mask_9,196.93,10.71,4.61
mask_10,315.29,15.29,5.18
mask_11,178.61,12.15,3.69
mask_12,262.71,13.35,4.94
mask_13,275.58,12.78,5.41
mask_14,246.21,12.09,5.11
mask_15,279.65,12.01,5.85
mask_16,252.78,12.78,4.97
mask_17,254.79,13.96,4.58
mask_18,251.24,13.99,4.51
mask_19,336.35,15.55,5.43
mask_20,200.72,9.54,5.28
mask_21,217.33,11.86,4.6
mask_22,237.08,12.98,4.59
mask_23,207.38,11.78,4.42
mask_24,267.71,13.35,5.03
mask_25,153.86,10.57,3.65
mask_26,251.74,15.25,4.14
mask_27,285.7,16.39,4.38
mask_28,238.34,13.66,4.38
mask_29,252.2,12.62,5.02
mask_30,268.54,13.31,5.06
mask_31,210.07,10.88,4.85
mask_32,195.11,12.59,3.89
mask_33,203.97,10.93,4.69
mask_34,245.27,13.7,4.49
mask_35,232.62,12.43,4.7
mask_36,243.02,12.19,5.0
mask_37,253.91,10.83,5.88
mask_38,221.24,11.48,4.84
mask_39,235.54,12.71,4.65
mask_40,221.95,12.11,4.6
mask_41,205.34,12.45,4.14
mask_42,226.08,13.03,4.35
mask_43,305.5,15.1,5.08
mask_44,228.55,12.51,4.59
mask_45,189.78,12.29,3.88
mask_46,278.55,11.69,5.98
mask_47,156.56,9.29,4.23
mask_48,189.56,13.52,3.52
mask_49,297.69,14.88,5.02
mask_50,264.63,12.86,5.17
mask_51,203.2,13.15,3.88
mask_52,266.83,13.03,5.14
mask_53,235.87,12.18,4.86
mask_54,315.34,13.95,5.68
mask_55,152.98,9.63,3.99
mask_56,278.55,13.22,5.29
mask_57,252.59,12.61,5.03
mask_58,302.2,14.78,5.13
mask_59,224.51,12.08,4.66
mask_60,236.47,11.28,5.26
mask_61,289.05,13.39,5.42
mask_62,192.25,11.98,4.03
mask_63,271.48,13.61,5.01
mask_64,138.85,9.1,3.83
mask_65,272.17,14.62,4.67
mask_66,213.21,14.28,3.75
mask_67,237.63,11.84,5.04
mask_68,217.83,12.64,4.33
mask_69,242.3,12.9,4.71
mask_70,298.9,14.37,5.22
mask_71,149.63,9.38,4.0
mask_72,280.8,13.59,5.19
mask_73,238.73,13.6,4.41
mask_74,219.84,11.96,4.61
mask_75,261.94,14.06,4.68
mask_76,247.75,12.54,4.96
mask_77,143.52,9.81,3.67
mask_78,234.55,12.52,4.7
mask_79,210.24,11.55,4.57
mask_80,224.98,13.28,4.25
mask_81,145.06,9.05,4.02
mask_82,168.33,9.54,4.43
mask_83,236.75,13.53,4.39
mask_84,273.21,12.2,5.62
mask_85,154.69,9.91,3.92
mask_86,187.69,12.11,3.89
mask_87,207.49,12.42,4.19
mask_88,198.36,11.8,4.22
mask_89,171.41,9.94,4.33
mask_90,238.01,13.55,4.41
mask_91,225.25,13.66,4.14
mask_92,126.64,8.18,3.89
mask_93,211.67,11.03,4.82
mask_94,251.21,12.11,5.21
mask_95,163.43,10.26,4.0
mask_96,170.09,9.6,4.45
mask_97,200.23,10.41,4.83
mask_98,206.44,11.09,4.67
mask_99,216.73,11.27,4.83
mask_100,200.81,11.1,4.54
mask_101,244.34,12.47,4.92
mask_102,150.62,9.21,4.11
mask_103,237.41,12.31,4.84
mask_104,214.47,11.0,4.89
mask_105,226.52,11.87,4.79
mask_106,174.49,11.85,3.7
mask_107,173.72,11.16,3.91
mask_108,199.4,10.63,4.71
mask_109,198.63,13.51,3.69
mask_110,255.89,13.42,4.79
mask_111,248.82,13.53,4.62
mask_112,208.86,12.17,4.31
mask_113,175.15,11.23,3.92
mask_114,268.95,12.26,5.51
mask_115,256.36,14.02,4.59
mask_116,175.81,10.93,4.04
mask_117,281.0,14.42,4.89
mask_118,125.54,9.09,3.47
mask_119,254.59,15.48,4.13
mask_120,190.55,9.79,4.88
mask_121,230.37,12.64,4.57
mask_122,129.17,9.69,3.35
mask_123,235.04,11.19,5.27
mask_124,256.38,13.62,4.72
mask_125,197.53,11.55,4.29
mask_126,223.71,10.87,5.17
mask_127,306.85,15.35,5.02
mask_128,165.19,10.38,4.0
mask_129,214.03,11.17,4.81
mask_130,213.59,12.63,4.25
mask_131,213.76,11.48,4.67
mask_132,268.04,12.79,5.26
mask_133,126.69,8.6,3.7
mask_134,223.22,12.93,4.33
mask_135,226.68,13.04,4.36
mask_136,207.65,13.67,3.81
mask_137,220.85,10.82,5.12
mask_138,194.81,10.93,4.47
mask_139,238.95,11.96,5.01
mask_140,105.35,7.44,3.56
mask_141,189.39,13.03,3.65
mask_142,234.47,12.84,4.58
mask_143,166.51,10.14,4.12
mask_144,164.81,11.35,3.65
mask_145,172.62,11.35,3.82
mask_146,153.7,9.28,4.16
mask_147,262.65,13.96,4.72
mask_148,161.89,9.41,4.32
mask_149,223.49,12.03,4.66
mask_150,177.35,11.03,4.03
mask_151,327.28,15.08,5.45
mask_152,231.03,13.39,4.33
mask_153,272.61,13.12,5.22
mask_154,214.86,11.67,4.62
mask_155,288.61,14.88,4.87
mask_156,204.22,12.68,4.04
mask_157,103.34,8.49,3.05
mask_158,161.78,9.47,4.29
mask_159,192.42,10.98,4.4
mask_160,224.54,12.57,4.48
mask_161,140.94,10.39,3.41
mask_162,193.46,12.45,3.9
mask_163,253.47,12.56,5.06
mask_164,144.24,9.88,3.66
mask_165,150.87,9.39,4.03
mask_166,211.91,12.51,4.25
mask_167,183.45,9.93,4.64
mask_168,282.62,16.15,4.39
mask_169,273.13,12.92,5.31
mask_170,241.5,11.24,5.39
mask_171,256.82,16.78,3.84
mask_172,185.27,9.49,4.9
mask_173,199.29,10.81,4.63
mask_174,183.87,9.77,4.72
mask_175,224.26,11.07,5.09
mask_176,193.57,11.1,4.38
mask_177,262.27,14.22,4.63
mask_178,235.59,10.96,5.39
mask_179,138.99,9.92,3.52
mask_180,163.21,12.1,3.39
mask_181,213.26,14.48,3.7
mask_182,168.93,10.37,4.09
mask_183,236.09,12.9,4.6
mask_184,189.61,10.87,4.38
mask_185,187.47,11.8,3.99
mask_186,267.71,13.53,4.97
mask_187,184.22,13.11,3.53
mask_188,198.19,12.77,3.9
mask_189,157.05,9.11,4.33
mask_190,213.48,12.21,4.39
mask_191,164.2,11.33,3.64
mask_192,222.28,12.45,4.48
mask_193,154.58,10.06,3.86
mask_194,205.67,12.88,4.01
mask_195,216.56,9.84,5.53
mask_196,290.62,12.94,5.64
mask_197,268.84,12.1,5.58
mask_198,227.31,14.93,3.82
mask_199,222.01,13.95,3.99
mask_200,212.22,9.99,5.33
mask_201,238.09,12.49,4.78
mask_202,181.25,11.69,3.89
mask_203,210.46,13.08,4.04
mask_204,171.74,9.27,4.65
mask_205,211.64,9.79,5.43
mask_206,143.36,9.74,3.69
mask_207,143.36,9.09,3.96
mask_208,178.83,9.55,4.7
mask_209,213.26,13.64,3.92
mask_210,197.2,11.21,4.42
mask_211,140.17,9.06,3.88
mask_212,231.19,14.34,4.05
mask_213,260.62,12.88,5.08
mask_214,145.72,9.59,3.82
mask_215,211.56,11.99,4.43
mask_216,231.3,10.96,5.3
mask_217,162.11,10.23,3.98
mask_218,201.55,12.16,4.16
mask_219,217.5,12.31,4.44
mask_220,220.52,12.69,4.36
mask_221,224.15,12.29,4.58
mask_222,162.44,11.22,3.63
mask_223,178.59,12.28,3.65
mask_224,227.26,12.35,4.62
mask_225,194.89,12.62,3.88
mask_226,138.24,9.11,3.81
mask_227,160.02,11.25,3.57
mask_228,190.05,12.12,3.94
mask_229,164.37,9.2,4.49
mask_230,220.85,10.2,5.44
mask_231,152.27,11.43,3.34
mask_232,117.29,8.35,3.53
mask_233,183.34,12.09,3.81
mask_234,249.89,13.16,4.77
mask_235,191.92,10.86,4.43
mask_236,265.24,15.65,4.25
mask_237,136.92,9.28,3.7
mask_238,143.58,10.17,3.54
mask_239,205.18,12.51,4.12
mask_240,147.26,11.04,3.35
mask_241,148.25,7.5,4.96
mask_242,183.09,11.61,3.96
mask_243,191.98,10.65,4.53
mask_244,227.56,11.86,4.82
mask_245,247.03,11.92,5.2
mask_246,186.26,11.41,4.1
mask_247,157.0,9.02,4.37
mask_248,263.78,14.84,4.46
mask_249,197.09,10.43,4.74
mask_250,234.11,13.84,4.25
mask_251,209.91,11.1,4.75
mask_252,273.71,16.28,4.22
mask_253,231.63,12.16,4.78
mask_254,123.56,9.41,3.3
mask_255,210.79,11.53,4.59
mask_256,160.9,9.79,4.13
mask_257,222.89,10.96,5.1
mask_258,157.77,10.65,3.72
mask_259,226.96,11.94,4.77
mask_260,268.21,13.25,5.08
mask_261,160.96,9.46,4.27
mask_262,255.34,13.69,4.68
mask_263,105.41,8.55,3.09
mask_264,178.47,11.23,3.99
mask_265,291.53,16.53,4.43
mask_266,132.52,7.44,4.47
mask_267,108.82,7.75,3.52
mask_268,265.29,13.92,4.78
mask_269,144.57,10.14,3.58
mask_270,224.98,12.24,4.62
mask_271,185.32,12.49,3.73
mask_272,156.06,12.24,3.2
mask_273,245.11,12.26,5.02
mask_274,211.12,11.01,4.81
mask_275,153.42,11.3,3.41
mask_276,149.13,10.53,3.56
mask_277,166.4,10.3,4.06
mask_278,136.98,9.9,3.47
mask_279,223.16,10.28,5.45
mask_280,201.05,10.32,4.89
mask_281,184.77,10.91,4.25
mask_282,244.28,12.82,4.78
mask_283,157.05,7.57,5.21
mask_284,164.42,8.35,4.94
mask_285,234.16,12.41,4.74
mask_286,126.36,10.07,3.15
mask_287,114.37,8.62,3.33
mask_288,221.79,12.73,4.37
mask_289,138.96,8.45,4.13
mask_290,157.44,9.11,4.34
mask_291,237.13,14.29,4.17
mask_292,164.48,11.43,3.61
mask_293,218.84,13.39,4.1
mask_294,254.57,13.43,4.76
mask_295,123.72,8.53,3.64
mask_296,279.98,14.85,4.73
mask_297,164.37,10.82,3.81
mask_298,202.98,11.1,4.59
mask_299,224.7,13.61,4.14
mask_300,196.32,8.32,5.92
mask_301,187.19,10.45,4.5
mask_302,183.12,10.57,4.35
mask_303,144.95,9.46,3.85
mask_304,130.27,8.95,3.65
mask_305,113.33,8.1,3.51
mask_306,236.12,12.21,4.86
mask_307,143.36,9.58,3.76
mask_308,166.35,10.09,4.14
mask_309,219.75,11.41,4.84
mask_310,124.16,9.29,3.35
mask_311,116.46,9.55,3.06
mask_312,147.48,10.05,3.68
mask_313,196.93,14.04,3.52
mask_314,177.62,11.15,4.0
mask_315,121.74,10.01,3.05
mask_316,178.17,10.37,4.31
mask_317,124.05,8.4,3.71
mask_318,207.87,12.04,4.34
mask_319,175.48,12.18,3.62
mask_320,273.9,14.21,4.84
mask_321,175.01,10.65,4.13
mask_322,172.29,11.07,3.91
mask_323,116.35,10.06,2.9
mask_324,205.18,11.87,4.34
mask_325,271.2,14.24,4.78
mask_326,132.36,8.34,3.98
mask_327,86.76,7.1,3.07
mask_328,123.12,9.14,3.38
mask_329,101.78,7.97,3.21
mask_330,171.08,10.18,4.22
mask_331,239.88,15.19,3.96
mask_332,121.74,9.66,3.16
mask_333,113.55,8.93,3.19
mask_334,147.76,7.82,4.74
mask_335,154.08,8.75,4.42
mask_336,150.67,12.68,2.98
mask_337,104.25,6.87,3.81
mask_338,136.1,8.23,4.15
mask_339,103.59,7.96,3.27
mask_340,225.42,11.26,5.03
mask_341,189.89,13.37,3.57
mask_342,128.45,7.57,4.26
mask_343,101.06,7.48,3.39
mask_344,103.7,7.84,3.32
mask_345,207.35,10.23,5.09
mask_346,255.61,14.73,4.36
mask_347,279.07,13.32,5.26
mask_348,222.34,10.19,5.48
mask_349,154.36,11.34,3.42
mask_350,206.61,11.14,4.66
mask_351,154.63,11.26,3.45
mask_352,120.31,8.18,3.69
mask_353,194.62,11.07,4.41
mask_354,170.42,11.67,3.67
mask_355,150.89,13.22,2.87
mask_356,192.03,14.33,3.36
mask_357,200.39,11.19,4.5
mask_358,144.57,9.71,3.74
mask_359,163.49,11.42,3.59
mask_360,215.41,13.97,3.87
mask_361,244.81,11.45,5.37
mask_362,141.27,9.71,3.65
mask_363,186.59,10.44,4.49
mask_364,68.01,6.07,2.81
mask_365,154.63,9.81,3.96
mask_366,168.44,9.73,4.34
mask_367,250.83,14.18,4.44
mask_368,141.49,9.44,3.76
mask_369,131.42,8.76,3.77
mask_370,142.86,8.71,4.11
mask_371,184.72,12.78,3.63
mask_372,139.01,8.56,4.08
mask_373,141.32,8.79,4.03
mask_374,166.51,14.1,2.97
mask_375,140.88,9.79,3.61
mask_376,162.75,10.23,3.99
mask_377,151.0,9.53,3.98
mask_378,232.68,11.09,5.26
mask_379,228.47,10.01,5.73
mask_380,125.54,9.21,3.42
mask_381,209.47,12.75,4.12
mask_382,124.99,10.01,3.13
mask_383,157.41,11.46,3.45
mask_384,149.85,9.85,3.82
mask_385,152.71,12.02,3.19
mask_386,233.42,12.63,4.64
mask_387,151.77,8.73,4.37
mask_388,288.5,13.25,5.47
mask_389,121.33,8.08,3.77
mask_390,185.98,10.69,4.37
mask_391,173.77,8.39,5.2
mask_392,207.1,14.88,3.49
mask_393,230.86,11.81,4.91
mask_394,115.69,8.06,3.6
mask_395,201.49,11.21,4.51
mask_396,143.63,7.57,4.77
mask_397,159.53,11.98,3.34
mask_398,214.53,11.31,4.76
mask_399,258.47,13.9,4.67
mask_400,197.42,10.98,4.51
mask_401,118.0,14.09,2.1
mask_402,150.73,10.23,3.7
mask_403,250.77,15.53,4.05
mask_404,206.28,11.0,4.71
MaskID,Area(mm^2),Length(mm),Width(mm)
mask_0,175.92,9.63,4.58
mask_1,178.39,10.92,4.1
mask_2,137.91,10.05,3.45
mask_3,158.81,10.76,3.71
mask_4,116.08,8.1,3.6
MaskID,Area(mm^2),Length(mm),Width(mm)
mask_0,315.23,14.4,5.49
mask_1,269.86,12.65,5.35
mask_2,307.23,14.43,5.35
mask_3,294.11,14.21,5.19
mask_4,223.22,12.94,4.33
mask_5,206.66,10.8,4.8
mask_6,277.5,13.38,5.21
mask_7,272.33,15.03,4.55
mask_8,303.3,13.89,5.48
mask_9,227.01,12.71,4.48
mask_10,258.86,12.92,5.03
mask_11,304.62,15.11,5.06
mask_12,337.48,17.17,4.94
mask_13,220.14,11.63,4.75
mask_14,259.24,13.42,4.85
mask_15,347.66,19.71,4.43
mask_16,302.31,13.32,5.7
mask_17,237.66,12.31,4.85
mask_18,226.02,14.31,3.96
mask_19,249.78,11.69,5.36
mask_20,225.03,13.16,4.29
mask_21,167.39,10.0,4.2
mask_22,208.72,12.23,4.28
mask_23,224.92,12.57,4.49
mask_24,227.89,13.81,4.14
mask_25,173.0,11.11,3.91
mask_26,194.75,11.93,4.1
mask_27,127.52,9.88,3.24
mask_28,252.92,12.59,5.04
mask_29,215.46,10.5,5.15
mask_30,276.46,13.84,5.01
mask_31,227.45,11.84,4.82
mask_32,323.37,14.15,5.74
mask_33,200.01,12.43,4.04
mask_34,233.01,13.3,4.4
mask_35,221.79,12.88,4.32
mask_36,242.58,13.87,4.39
mask_37,271.34,12.78,5.33
mask_38,213.87,11.34,4.73
mask_39,171.93,10.5,4.11
mask_40,216.78,11.17,4.87
mask_41,193.41,10.92,4.45
mask_42,245.55,12.77,4.83
mask_43,302.53,14.88,5.1
mask_44,187.06,11.2,4.19
mask_45,216.04,15.6,3.48
mask_46,255.42,13.08,4.9
mask_47,264.44,13.71,4.84
mask_48,217.28,12.64,4.32
mask_49,141.16,9.58,3.7
mask_50,209.3,12.58,4.18
mask_51,179.11,9.57,4.7
mask_52,254.46,12.51,5.11
mask_53,238.01,12.96,4.61
mask_54,186.81,11.91,3.94
mask_55,178.67,11.19,4.01
mask_56,284.43,13.37,5.34
mask_57,261.75,12.06,5.45
mask_58,216.95,12.0,4.54
mask_59,229.93,11.59,4.98
mask_60,238.07,11.56,5.17
mask_61,246.98,12.32,5.03
mask_62,255.39,14.11,4.54
mask_63,170.64,9.03,4.74
mask_64,204.24,11.71,4.38
mask_65,212.99,10.63,5.03
mask_66,221.54,12.13,4.58
mask_67,246.7,12.96,4.78
mask_68,169.7,11.66,3.65
mask_69,207.71,11.13,4.68
mask_70,223.82,12.61,4.46
mask_71,257.54,14.49,4.46
mask_72,228.77,12.57,4.57
mask_73,213.98,12.29,4.37
mask_74,195.09,10.39,4.71
mask_75,242.94,12.18,5.01
mask_76,207.93,10.92,4.78
mask_77,241.04,12.14,4.98
mask_78,205.75,12.1,4.27
mask_79,256.02,13.76,4.67
mask_80,273.43,14.77,4.65
mask_81,238.59,11.54,5.19
mask_82,287.02,14.29,5.04
mask_83,239.61,13.22,4.55
mask_84,170.78,11.99,3.57
mask_85,212.47,11.82,4.51
mask_86,206.17,10.92,4.74
mask_87,173.94,10.59,4.12
mask_88,211.5,11.11,4.78
mask_89,158.21,9.98,3.98
mask_90,201.55,12.12,4.17
mask_91,170.58,9.3,4.61
mask_92,176.77,11.92,3.72
mask_93,207.38,11.83,4.4
mask_94,223.38,12.29,4.56
mask_95,176.69,8.49,5.23
mask_96,183.18,11.18,4.11
mask_97,216.89,10.57,5.15
mask_98,163.1,12.06,3.4
mask_99,255.34,12.41,5.16
mask_100,215.24,12.41,4.35
mask_101,247.31,12.62,4.92
mask_102,242.55,14.6,4.17
mask_103,256.05,13.06,4.92
mask_104,219.31,12.34,4.46
mask_105,233.12,11.87,4.93
mask_106,301.54,13.96,5.42
mask_107,183.62,9.93,4.64
mask_108,173.88,11.68,3.74
mask_109,223.16,11.45,4.89
mask_110,297.91,15.66,4.78
mask_111,266.34,13.43,4.98
mask_112,233.39,12.49,4.69
mask_113,158.65,9.89,4.03
mask_114,251.68,12.2,5.18
mask_115,189.06,10.51,4.52
mask_116,180.1,10.66,4.24
mask_117,171.13,11.65,3.69
mask_118,144.51,8.39,4.32
mask_119,262.82,12.79,5.16
mask_120,153.97,9.51,4.06
mask_121,121.91,10.07,3.04
mask_122,187.8,10.81,4.36
mask_123,255.83,12.64,5.08
mask_124,182.13,9.89,4.62
mask_125,132.96,10.23,3.26
mask_126,220.08,11.44,4.83
mask_127,239.39,11.82,5.08
mask_128,233.12,11.22,5.22
mask_129,146.99,10.62,3.48
mask_130,208.23,11.41,4.58
mask_131,216.12,10.84,5.01
mask_132,185.65,11.6,4.02
mask_133,214.36,11.82,4.55
mask_134,204.3,10.6,4.84
mask_135,241.31,13.68,4.43
mask_136,207.19,12.76,4.08
mask_137,211.12,10.7,4.95
mask_138,214.91,11.9,4.53
mask_139,294.8,15.07,4.91
mask_140,193.16,11.6,4.18
mask_141,97.6,8.03,3.05
mask_142,248.52,12.06,5.17
mask_143,209.88,13.29,3.96
mask_144,187.08,11.82,3.97
mask_145,173.31,10.11,4.3
mask_146,189.61,11.63,4.09
mask_147,243.73,13.14,4.65
mask_148,285.31,13.72,5.22
mask_149,238.34,14.0,4.27
mask_150,214.75,12.58,4.29
mask_151,196.49,11.74,4.2
mask_152,296.56,15.22,4.89
mask_153,142.42,10.18,3.51
mask_154,168.71,10.16,4.17
mask_155,209.03,11.32,4.64
mask_156,213.92,12.76,4.21
mask_157,235.54,13.26,4.46
mask_158,234.33,13.23,4.45
mask_159,242.25,13.76,4.42
mask_160,195.63,10.52,4.67
mask_161,201.0,10.65,4.74
mask_162,188.02,12.37,3.81
mask_163,245.22,10.57,5.82
mask_164,203.25,10.86,4.7
mask_165,176.25,10.16,4.36
mask_166,250.61,12.76,4.93
mask_167,166.84,9.72,4.31
mask_168,245.03,14.62,4.21
mask_169,226.96,13.52,4.21
mask_170,181.42,11.65,3.91
mask_171,181.25,11.25,4.04
mask_172,166.79,11.71,3.57
mask_173,222.83,10.78,5.19
mask_174,210.38,13.75,3.84
mask_175,142.86,8.96,4.0
mask_176,233.39,11.21,5.23
mask_177,209.03,12.43,4.22
mask_178,193.68,11.47,4.24
mask_179,261.83,13.83,4.75
mask_180,159.91,11.65,3.45
mask_181,270.19,12.01,5.65
mask_182,191.26,14.18,3.39
mask_183,119.16,9.38,3.19
mask_184,313.12,14.58,5.39
mask_185,221.9,14.45,3.86
mask_186,174.41,11.71,3.74
mask_187,217.88,13.74,3.98
mask_188,138.96,8.84,3.95
mask_189,212.6,12.12,4.4
mask_190,183.89,10.7,4.31
mask_191,104.8,8.4,3.13
mask_192,199.62,11.34,4.42
mask_193,259.0,14.19,4.58
mask_194,117.18,8.42,3.49
mask_195,219.81,10.17,5.42
mask_196,217.77,11.02,4.96
mask_197,185.27,13.36,3.48
mask_198,287.24,14.16,5.09
mask_199,166.9,9.88,4.24
mask_200,225.94,11.73,4.84
mask_201,224.1,12.49,4.51
mask_202,137.64,10.1,3.42
mask_203,144.68,11.67,3.11
mask_204,230.2,12.21,4.73
mask_205,160.13,10.41,3.86
mask_206,136.98,11.5,2.99
mask_207,153.64,9.23,4.18
mask_208,238.34,12.39,4.83
mask_209,221.07,14.27,3.89
mask_210,251.96,16.37,3.86
mask_211,263.06,12.75,5.18
mask_212,170.44,10.17,4.21
mask_213,164.42,9.8,4.21
mask_214,185.16,11.22,4.14
mask_215,229.32,12.84,4.48
mask_216,153.81,13.15,2.94
mask_217,168.77,10.46,4.05
mask_218,188.9,12.73,3.73
mask_219,249.23,13.51,4.63
mask_220,150.89,10.23,3.7
mask_221,142.53,9.42,3.8
mask_222,167.72,9.73,4.33
mask_223,270.3,14.01,4.84
mask_224,219.81,12.35,4.47
mask_225,287.07,15.65,4.6
mask_226,115.03,8.0,3.61
mask_227,169.87,9.31,4.58
mask_228,225.8,11.38,4.98
mask_229,287.73,14.17,5.1
mask_230,233.37,14.7,3.98
mask_231,164.86,10.49,3.94
mask_232,142.23,8.68,4.11
mask_233,184.83,11.71,3.96
mask_234,148.31,11.09,3.36
mask_235,164.34,10.3,4.0
mask_236,219.42,11.88,4.64
mask_237,177.79,12.12,3.68
mask_238,184.03,13.58,3.4
mask_239,150.01,9.38,4.02
mask_240,120.48,9.61,3.15
mask_241,285.23,14.51,4.94
mask_242,172.23,10.88,3.97
mask_243,270.52,11.5,5.9
mask_244,190.22,12.83,3.72
mask_245,250.22,12.4,5.06
mask_246,276.38,16.8,4.13
mask_247,204.57,13.64,3.76
mask_248,231.06,13.33,4.35
mask_249,230.81,12.88,4.5
mask_250,251.98,13.75,4.6
mask_251,151.94,9.59,3.98
mask_252,151.99,9.97,3.83
mask_253,220.19,14.11,3.92
mask_254,162.83,10.09,4.05
mask_255,210.35,11.58,4.56
mask_256,224.04,10.65,5.28
mask_257,161.95,10.29,3.95
mask_258,167.72,9.74,4.32
mask_259,143.08,10.58,3.39
mask_260,200.81,11.22,4.49
mask_261,177.24,9.01,4.94
mask_262,238.12,12.49,4.79
mask_263,267.88,14.33,4.69
mask_264,179.11,10.94,4.11
mask_265,114.65,8.33,3.46
mask_266,142.42,9.39,3.81
mask_267,114.26,8.12,3.53
mask_268,217.31,13.71,3.98
mask_269,201.44,11.03,4.59
mask_270,224.78,13.02,4.33
mask_271,166.4,12.31,3.39
mask_272,166.51,10.53,3.97
mask_273,242.19,12.05,5.05
mask_274,211.23,9.92,5.34
mask_275,229.21,12.19,4.72
mask_276,229.87,11.87,4.86
mask_277,166.9,10.16,4.12
mask_278,230.2,10.19,5.67
mask_279,140.66,11.57,3.05
mask_280,137.2,11.19,3.08
mask_281,187.41,11.62,4.05
mask_282,241.81,11.44,5.31
mask_283,215.08,13.74,3.93
mask_284,224.07,12.13,4.64
mask_285,170.22,9.36,4.57
mask_286,120.92,9.52,3.19
mask_287,215.96,16.1,3.37
mask_288,212.71,12.39,4.31
mask_289,220.08,11.79,4.69
mask_290,179.77,10.9,4.14
mask_291,263.73,14.04,4.71
mask_292,195.33,10.74,4.56
mask_293,122.4,9.24,3.32
mask_294,157.99,9.18,4.32
mask_295,62.73,6.69,2.35
mask_296,126.97,6.79,4.7
mask_297,221.57,14.9,3.73
mask_298,270.82,13.4,5.07
mask_299,117.84,7.27,4.07
mask_300,178.75,10.36,4.33
mask_301,155.76,11.89,3.29
mask_302,216.34,12.33,4.4
mask_303,182.41,10.89,4.21
mask_304,246.98,12.35,5.02
mask_305,163.27,10.62,3.86
mask_306,138.41,8.91,3.9
mask_307,184.99,10.72,4.33
mask_308,99.25,6.78,3.67
mask_309,240.96,15.09,4.01
mask_310,173.28,11.63,3.74
mask_311,170.69,12.93,3.31
mask_312,110.25,7.28,3.8
mask_313,237.79,11.81,5.05
mask_314,245.93,13.21,4.67
mask_315,120.42,8.04,3.76
mask_316,157.0,9.67,4.08
mask_317,119.93,8.47,3.56
mask_318,430.84,15.72,6.88
mask_319,135.93,8.34,4.09
mask_320,239.5,14.75,4.08
mask_321,160.46,9.85,4.09
mask_322,199.57,11.04,4.54
mask_323,201.38,11.71,4.32
mask_324,244.37,12.52,4.9
mask_325,260.31,14.37,4.55
mask_326,147.65,10.41,3.56
mask_327,207.76,12.43,4.2
mask_328,170.97,11.17,3.84
mask_329,310.78,16.51,4.73
mask_330,201.22,14.71,3.43
mask_331,331.26,15.21,5.47
mask_332,188.84,10.67,4.44
mask_333,222.78,13.01,4.3
mask_334,312.87,14.59,5.38
mask_335,149.19,9.42,3.97
mask_336,186.09,11.86,3.94
mask_337,358.76,20.41,4.41
mask_338,242.19,10.15,5.99
mask_339,133.29,9.7,3.45
mask_340,105.52,9.22,2.87
mask_341,215.44,13.57,3.98
mask_342,131.48,8.69,3.8
mask_343,123.23,8.78,3.52
mask_344,170.2,10.37,4.12
mask_345,260.01,12.52,5.21
mask_346,209.58,13.87,3.79
mask_347,141.76,10.08,3.53
mask_348,186.48,11.32,4.13
mask_349,181.53,9.82,4.64
mask_350,75.35,6.34,2.99
mask_351,164.2,8.72,4.73
mask_352,143.08,10.93,3.28
mask_353,171.13,8.25,5.2
mask_354,223.82,18.39,3.06
mask_355,187.03,9.66,4.86
mask_356,202.1,12.51,4.05
mask_357,182.3,12.78,3.58
mask_358,134.01,9.27,3.63
mask_359,250.61,12.2,5.16
mask_360,220.14,13.01,4.25
mask_361,159.31,9.84,4.06
mask_362,253.36,13.47,4.72
mask_363,153.2,9.51,4.04
mask_364,146.22,10.27,3.58
mask_365,197.48,11.6,4.27
mask_366,236.2,13.09,4.53
mask_367,129.09,10.32,3.14
mask_368,183.95,9.56,4.83
mask_369,225.42,14.07,4.02
mask_370,157.13,8.0,4.93
mask_371,187.8,10.27,4.59
mask_372,92.48,7.58,3.06
mask_373,334.26,18.0,4.66
mask_374,217.75,11.64,4.69
mask_375,268.15,13.27,5.07
mask_376,194.89,7.91,5.94
mask_377,125.26,11.11,2.83
mask_378,172.95,12.02,3.61
mask_379,227.78,12.79,4.47
mask_380,194.29,14.61,3.34
mask_381,178.31,13.94,3.21
mask_382,281.63,15.22,4.65
mask_383,193.3,10.92,4.44
mask_384,182.63,13.75,3.33
mask_385,180.73,10.19,4.45
mask_386,155.95,9.21,4.25
mask_387,125.32,8.69,3.62
mask_388,200.5,10.94,4.6
mask_389,113.88,7.29,3.92
mask_390,110.3,8.85,3.13
mask_391,221.46,15.62,3.56
mask_392,210.79,11.22,4.72
mask_393,255.28,14.33,4.47
mask_394,234.41,12.03,4.89
mask_395,103.87,8.52,3.06
mask_396,134.39,7.11,4.74
mask_397,102.88,7.72,3.34
mask_398,155.68,9.67,4.04
mask_399,204.68,10.5,4.89
mask_400,195.83,14.19,3.46
mask_401,177.62,12.93,3.45
mask_402,252.67,13.29,4.77
mask_403,269.2,15.14,4.46
mask_404,247.53,15.13,4.11
mask_405,181.42,11.97,3.81
mask_406,193.96,11.34,4.29
mask_407,248.85,16.4,3.81
mask_408,111.13,6.75,4.13
mask_409,192.86,14.31,3.38
mask_410,176.8,10.39,4.27
mask_411,137.86,8.64,4.0
mask_412,158.21,11.77,3.37
mask_413,199.02,13.3,3.76
mask_414,138.57,9.11,3.82
mask_415,158.1,10.64,3.73
mask_416,181.91,12.09,3.78
mask_417,237.35,16.0,3.72
mask_418,159.14,11.1,3.6
mask_419,170.8,13.02,3.29
mask_420,213.1,10.15,5.27
mask_421,195.77,11.99,4.1
mask_422,99.96,7.29,3.44
mask_423,157.82,8.68,4.56
mask_424,189.83,10.81,4.41
mask_425,114.43,7.92,3.63
mask_426,152.49,8.61,4.45
mask_427,141.16,9.28,3.82
mask_428,140.83,10.47,3.37
mask_429,134.12,9.54,3.53
mask_430,205.95,21.53,2.4
mask_431,203.47,13.59,3.76
mask_432,221.24,13.23,4.2
mask_433,113.6,8.12,3.51
mask_434,153.06,6.89,5.57
mask_435,192.25,10.78,4.48
mask_436,144.29,11.11,3.26
mask_437,199.9,14.2,3.53
mask_438,95.78,8.56,2.81
mask_439,101.39,6.21,4.1
mask_440,190.88,13.49,3.55
mask_441,102.11,9.02,2.84
mask_442,134.72,8.98,3.77
mask_443,145.28,9.39,3.89
mask_444,153.37,10.59,3.64
MaskID,Area(mm^2),Length(mm),Width(mm)
mask_0,361.9,14.8,6.14
mask_1,386.73,16.98,5.72
mask_2,392.78,16.78,5.88
mask_3,387.61,16.65,5.84
mask_4,409.5,17.69,5.81
mask_5,417.64,16.43,6.38
mask_6,359.23,16.05,5.62
mask_7,365.28,14.84,6.18
mask_8,415.17,16.37,6.37
mask_9,401.69,16.13,6.25
mask_10,397.24,16.99,5.87
mask_11,348.89,14.27,6.14
mask_12,307.83,14.22,5.43
mask_13,319.36,14.12,5.68
mask_14,475.53,16.83,7.09
mask_15,337.67,15.39,5.51
mask_16,381.4,15.77,6.07
mask_17,346.69,15.32,5.68
mask_18,339.54,14.79,5.76
mask_19,352.52,15.37,5.76
mask_20,287.32,15.61,4.62
mask_21,354.69,15.17,5.87
mask_22,376.01,15.95,5.92
mask_23,339.65,14.91,5.72
mask_24,413.41,16.13,6.43
mask_25,340.01,15.54,5.49
mask_26,362.92,16.02,5.69
mask_27,339.93,14.89,5.73
mask_28,363.11,15.18,6.0
mask_29,372.6,15.36,6.09
mask_30,378.26,15.76,6.02
mask_31,326.26,16.55,4.95
mask_32,340.7,14.97,5.71
mask_33,368.94,14.15,6.54
mask_34,340.09,15.81,5.4
mask_35,317.76,14.84,5.37
mask_36,316.52,15.27,5.2
mask_37,427.6,14.88,7.22
mask_38,429.69,16.6,6.5
mask_39,351.53,15.38,5.74
mask_40,384.86,16.04,6.02
mask_41,351.42,16.6,5.31
mask_42,344.33,14.49,5.97
mask_43,332.45,15.16,5.51
mask_44,371.42,14.3,6.52
mask_45,374.96,15.15,6.21
mask_46,321.5,14.17,5.7
mask_47,367.45,18.32,5.04
mask_48,389.43,14.72,6.64
mask_49,291.97,13.27,5.52
mask_50,386.79,15.33,6.33
mask_51,426.86,17.69,6.06
mask_52,381.89,16.76,5.72
mask_53,348.34,14.8,5.91
mask_54,355.82,16.09,5.55
mask_55,381.31,18.85,5.08
mask_56,271.89,14.24,4.79
mask_57,328.76,13.47,6.13
mask_58,232.68,12.73,4.59
mask_59,238.51,13.48,4.44
mask_60,417.42,16.46,6.37
mask_61,368.88,15.9,5.82
mask_62,419.13,16.64,6.32
mask_63,364.87,16.38,5.59
mask_64,385.88,15.63,6.2
mask_65,413.05,14.8,7.01
mask_66,398.61,16.15,6.2
mask_67,330.52,14.11,5.88
mask_68,333.38,14.84,5.64
mask_69,333.16,15.62,5.35
mask_70,281.32,13.63,5.18
mask_71,327.42,14.03,5.86
mask_72,340.86,14.31,5.98
mask_73,282.87,15.1,4.7
mask_74,362.89,15.52,5.87
mask_75,381.75,16.83,5.69
mask_76,302.39,12.67,5.99
mask_77,311.41,16.86,4.64
mask_78,286.91,14.8,4.87
mask_79,401.86,18.46,5.46
mask_80,293.45,15.16,4.86
mask_81,331.95,14.54,5.73
mask_82,392.01,15.26,6.45
mask_83,403.51,17.01,5.96
mask_84,360.77,16.01,5.66
mask_85,310.06,15.54,5.01
mask_86,347.3,16.14,5.4
mask_87,404.11,16.27,6.24
mask_88,412.91,16.96,6.11
mask_89,243.02,12.58,4.85
mask_90,354.97,14.88,5.99
mask_91,366.55,16.07,5.73
mask_92,378.51,16.62,5.72
mask_93,345.07,13.37,6.48
mask_94,349.75,15.4,5.7
mask_95,312.81,14.05,5.59
mask_96,308.36,14.58,5.31
mask_97,354.83,14.8,6.02
mask_98,328.95,14.98,5.51
mask_99,328.68,17.31,4.77
mask_100,342.7,15.13,5.68
mask_101,361.21,16.04,5.65
mask_102,277.06,16.08,4.32
mask_103,305.61,14.46,5.3
mask_104,291.5,14.13,5.18
mask_105,277.45,12.05,5.78
mask_106,349.5,15.54,5.65
mask_107,309.93,15.94,4.88
mask_108,326.48,16.84,4.87
mask_109,330.08,15.38,5.39
mask_110,231.96,12.6,4.62
mask_111,236.53,13.19,4.5
mask_112,228.94,13.5,4.26
mask_113,233.42,15.19,3.86
mask_114,265.87,10.62,6.28
mask_115,377.55,14.02,6.76
mask_116,350.19,14.55,6.04
mask_117,254.57,16.19,3.95
mask_118,316.14,14.24,5.57
mask_119,302.06,16.75,4.53
mask_120,314.49,16.0,4.93
mask_121,349.5,14.93,5.88
mask_122,377.96,13.96,6.8
mask_123,393.08,15.04,6.56
mask_124,325.96,13.73,5.96
mask_125,286.22,13.53,5.31
mask_126,332.17,15.74,5.3
mask_127,309.18,12.81,6.06
mask_128,334.92,15.36,5.47
mask_129,349.22,17.12,5.12
mask_130,371.88,15.88,5.88
mask_131,266.83,14.15,4.73
mask_132,432.0,16.24,6.68
mask_133,218.54,12.45,4.41
mask_134,304.12,13.87,5.51
mask_135,372.49,14.95,6.26
mask_136,413.74,17.24,6.03
mask_137,357.06,15.55,5.76
mask_138,335.12,13.44,6.26
mask_139,282.84,11.18,6.35
mask_140,311.22,17.78,4.39
mask_141,274.31,13.54,5.08
mask_142,374.74,14.74,6.38
mask_143,322.11,13.32,6.07
mask_144,309.62,14.58,5.33
mask_145,323.1,14.73,5.51
mask_146,351.64,14.04,6.29
mask_147,230.15,12.1,4.77
mask_148,295.93,13.47,5.52
mask_149,211.28,11.84,4.48
mask_150,330.5,14.42,5.75
mask_151,326.26,17.78,4.61
mask_152,300.38,12.93,5.83
mask_153,288.67,14.11,5.14
mask_154,288.67,15.7,4.62
mask_155,344.6,14.55,5.95
mask_156,374.08,15.89,5.91
mask_157,263.15,12.89,5.13
mask_158,265.98,12.06,5.53
mask_159,261.31,14.21,4.62
mask_160,421.27,15.88,6.66
mask_161,243.1,14.85,4.11
mask_162,370.62,20.14,4.62
mask_163,339.16,14.23,5.98
mask_164,276.07,16.39,4.23
mask_165,235.43,13.96,4.23
mask_166,255.59,11.81,5.43
mask_167,216.34,12.09,4.49
mask_168,292.44,13.91,5.28
mask_169,288.09,17.8,4.06
mask_170,337.54,19.08,4.44
mask_171,185.1,13.14,3.54
mask_172,255.67,11.81,5.43
mask_173,188.1,13.03,3.63
mask_174,302.64,14.8,5.13
mask_175,364.29,16.14,5.66
mask_176,294.42,21.63,3.42
mask_177,304.12,17.08,4.47
mask_178,286.69,18.05,3.99
mask_179,235.04,14.28,4.13
mask_180,291.91,16.39,4.47
mask_181,261.06,13.85,4.73
mask_182,207.82,10.75,4.85
mask_183,249.97,16.45,3.81
mask_184,178.61,12.5,3.59
mask_185,210.84,13.75,3.85
mask_186,254.18,12.89,4.95
mask_187,327.5,18.76,4.38
mask_188,244.81,11.09,5.54
mask_189,339.16,18.57,4.58
mask_190,278.22,17.64,3.96
mask_191,230.26,12.71,4.55
mask_192,276.43,17.84,3.89
mask_193,286.58,16.2,4.44
mask_194,204.02,11.97,4.28
MaskID,Area(mm^2),Length(mm),Width(mm)
mask_0,111.02,8.55,3.26
mask_1,101.03,8.07,3.14
mask_2,123.06,8.09,3.82
mask_3,131.59,8.77,3.77
mask_4,78.57,6.82,2.89
mask_5,86.76,6.97,3.13
mask_6,125.98,8.35,3.79
mask_7,93.31,7.61,3.08
mask_8,95.51,7.51,3.19
mask_9,100.9,6.71,3.77
mask_10,106.95,6.82,3.93
mask_11,120.75,8.31,3.65
mask_12,122.62,7.76,3.97
mask_13,114.43,7.68,3.74
mask_14,89.29,5.17,4.34
mask_15,85.55,6.77,3.17
mask_16,90.12,7.49,3.02
mask_17,93.69,8.74,2.69
mask_18,104.91,7.75,3.4
mask_19,78.02,7.23,2.71
mask_20,93.53,7.19,3.26
mask_21,111.84,7.45,3.77
mask_22,91.99,7.26,3.18
mask_23,108.05,7.34,3.69
mask_24,95.84,7.04,3.42
mask_25,107.06,7.33,3.66
mask_26,99.25,8.93,2.79
mask_27,74.55,5.8,3.23
mask_28,82.14,8.33,2.48
mask_29,113.55,7.16,3.98
mask_30,87.48,5.97,3.68
mask_31,102.0,8.05,3.18
mask_32,84.01,5.04,4.18
mask_33,86.27,6.61,3.28
mask_34,75.76,6.94,2.74
mask_35,95.23,8.04,2.97
mask_36,99.41,7.73,3.23
mask_37,86.87,6.56,3.33
mask_38,89.62,6.76,3.33
mask_39,109.7,7.33,3.76
mask_40,90.67,6.73,3.38
mask_41,83.9,6.44,3.27
mask_42,79.34,7.04,2.83
mask_43,143.96,14.0,2.58
mask_44,99.14,7.32,3.4
mask_45,101.28,7.3,3.48
mask_46,94.52,7.68,3.09
mask_47,81.65,6.33,3.24
mask_48,70.92,8.04,2.21
mask_49,70.26,6.01,2.93
mask_50,100.24,7.51,3.35
mask_51,77.19,6.89,2.81
mask_52,107.99,7.41,3.66
mask_53,81.59,6.35,3.22
mask_54,62.01,5.83,2.67
mask_55,86.05,9.05,2.39
mask_56,89.68,6.96,3.23
mask_57,81.54,6.85,2.99
mask_58,103.48,6.97,3.73
mask_59,107.28,7.03,3.83
mask_60,83.08,7.09,2.94
mask_61,99.08,6.66,3.73
mask_62,262.38,18.18,3.62
mask_63,79.89,7.54,2.66
mask_64,104.03,6.97,3.75
mask_65,100.73,7.06,3.58
MaskID,Area(mm^2),Length(mm),Width(mm)
mask_0,289.74,14.57,4.99
mask_1,303.35,18.8,4.05
mask_2,280.36,12.62,5.58
mask_3,257.26,12.73,5.07
mask_4,262.54,12.23,5.39
mask_5,197.86,11.96,4.15
mask_6,235.76,12.09,4.89
mask_7,235.32,13.56,4.35
mask_8,244.34,13.09,4.69
mask_9,295.1,14.19,5.22
mask_10,228.66,11.76,4.88
mask_11,308.19,13.8,5.6
mask_12,256.6,14.42,4.47
mask_13,313.97,15.93,4.95
mask_14,206.55,10.34,5.01
mask_15,259.08,12.66,5.14
mask_16,239.72,12.42,4.84
mask_17,303.68,13.84,5.51
mask_18,204.79,13.78,3.73
mask_19,307.81,14.67,5.27
mask_20,262.38,14.72,4.47
mask_21,225.31,11.22,5.04
mask_22,266.01,13.11,5.09
mask_23,133.68,8.97,3.74
mask_24,218.9,11.63,4.72
mask_25,112.72,7.81,3.62
mask_26,245.93,12.23,5.05
mask_27,291.91,14.09,5.2
mask_28,223.05,12.49,4.48
mask_29,226.96,11.93,4.78
mask_30,249.34,11.26,5.56
mask_31,228.5,12.47,4.6
mask_32,242.63,15.52,3.93
mask_33,254.68,13.64,4.69
mask_34,279.18,14.43,4.86
mask_35,265.16,12.11,5.5
mask_36,216.07,13.33,4.07
mask_37,239.83,13.35,4.51
mask_38,246.15,13.69,4.51
mask_39,274.67,12.96,5.32
mask_40,223.44,10.79,5.2
mask_41,253.63,13.44,4.74
mask_42,223.11,11.37,4.93
mask_43,164.48,9.89,4.18
mask_44,180.59,10.33,4.39
mask_45,241.37,12.18,4.97
mask_46,241.15,12.19,4.96
mask_47,271.29,12.88,5.29
mask_48,232.18,12.63,4.62
mask_49,324.09,15.13,5.38
mask_50,306.6,13.76,5.59
mask_51,192.36,10.46,4.62
mask_52,248.13,12.24,5.09
mask_53,173.61,10.62,4.1
mask_54,146.66,10.66,3.45
mask_55,261.11,13.33,4.92
mask_56,242.14,11.98,5.07
mask_57,258.69,13.83,4.69
mask_58,298.81,14.42,5.2
mask_59,276.32,13.87,5.0
mask_60,222.67,12.0,4.66
mask_61,264.25,14.14,4.69
mask_62,207.21,13.22,3.93
mask_63,238.29,12.99,4.6
mask_64,186.45,11.34,4.13
mask_65,227.56,12.72,4.49
mask_66,234.16,15.11,3.89
mask_67,245.05,13.18,4.67
mask_68,228.0,12.34,4.64
mask_69,204.63,11.9,4.31
mask_70,235.21,13.04,4.53
mask_71,193.63,11.77,4.13
mask_72,201.93,11.03,4.6
mask_73,331.18,15.08,5.51
mask_74,293.54,14.67,5.02
mask_75,237.54,12.54,4.76
mask_76,148.75,9.79,3.82
mask_77,211.45,11.8,4.5
mask_78,208.53,13.0,4.03
mask_79,232.46,12.31,4.74
mask_80,176.99,11.74,3.79
mask_81,296.53,14.38,5.18
mask_82,186.15,10.88,4.3
mask_83,234.35,12.01,4.9
mask_84,123.12,9.35,3.31
mask_85,190.22,9.71,4.92
mask_86,151.72,9.54,3.99
mask_87,204.41,11.87,4.32
mask_88,259.79,14.0,4.66
mask_89,257.26,15.69,4.12
mask_90,271.07,14.11,4.82
mask_91,143.8,9.94,3.63
mask_92,220.58,13.16,4.21
mask_93,271.62,13.01,5.24
mask_94,182.35,12.89,3.55
mask_95,194.73,11.32,4.32
mask_96,286.47,14.02,5.13
mask_97,244.89,13.37,4.6
mask_98,240.93,13.67,4.42
mask_99,256.77,13.06,4.94
mask_100,312.79,17.92,4.38
mask_101,204.41,12.22,4.2
mask_102,218.98,11.64,4.72
mask_103,224.15,11.54,4.88
mask_104,221.43,12.72,4.37
mask_105,236.75,10.9,5.45
mask_106,119.82,7.47,4.02
mask_107,253.58,13.89,4.58
mask_108,196.21,12.7,3.88
mask_109,196.98,11.79,4.19
mask_110,246.43,12.63,4.9
mask_111,218.05,12.68,4.32
mask_112,226.52,13.07,4.35
mask_113,149.46,9.66,3.89
mask_114,261.17,13.63,4.81
mask_115,206.83,11.48,4.52
mask_116,282.34,13.26,5.34
mask_117,162.39,9.1,4.48
mask_118,258.44,12.38,5.24
mask_119,234.77,11.81,4.99
mask_120,294.11,14.93,4.95
mask_121,176.25,10.14,4.36
mask_122,220.22,12.41,4.46
mask_123,103.59,8.53,3.05
mask_124,212.49,11.59,4.6
mask_125,221.62,10.6,5.25
mask_126,180.1,10.46,4.32
mask_127,155.29,9.95,3.92
mask_128,191.73,10.51,4.58
mask_129,204.54,12.36,4.15
mask_130,263.59,15.65,4.23
mask_131,200.78,11.77,4.28
mask_132,165.19,10.22,4.06
mask_133,152.38,10.69,3.58
mask_134,229.43,13.28,4.34
mask_135,279.43,12.8,5.48
mask_136,262.57,14.97,4.4
mask_137,190.77,11.04,4.34
mask_138,236.17,12.84,4.62
mask_139,246.54,12.69,4.88
mask_140,215.13,10.46,5.16
mask_141,255.47,12.55,5.11
mask_142,99.03,7.81,3.18
mask_143,267.77,14.55,4.62
mask_144,136.48,9.72,3.52
mask_145,174.6,9.95,4.4
mask_146,262.6,12.55,5.25
mask_147,125.04,10.85,2.89
mask_148,104.25,8.81,2.97
mask_149,219.92,14.34,3.85
mask_150,219.7,11.24,4.9
mask_151,185.98,10.13,4.61
mask_152,178.56,11.36,3.94
mask_153,108.05,8.06,3.37
mask_154,257.21,13.58,4.75
mask_155,189.17,10.75,4.42
mask_156,148.31,9.74,3.82
mask_157,222.64,12.03,4.64
mask_158,104.53,8.12,3.23
mask_159,291.8,15.23,4.81
mask_160,225.83,12.85,4.41
mask_161,137.47,8.88,3.89
mask_162,154.03,9.47,4.08
mask_163,239.94,12.12,4.97
mask_164,187.72,14.87,3.17
mask_165,173.99,11.46,3.81
mask_166,226.32,13.71,4.14
mask_167,162.44,10.15,4.02
mask_168,212.22,13.15,4.05
mask_169,236.86,10.42,5.7
mask_170,249.01,12.2,5.12
mask_171,308.19,15.05,5.14
mask_172,169.98,8.82,4.84
mask_173,144.4,9.46,3.83
mask_174,223.22,10.97,5.11
mask_175,207.43,11.71,4.44
mask_176,206.41,10.19,5.09
mask_177,148.64,8.17,4.57
mask_178,267.93,12.55,5.36
mask_179,246.21,13.02,4.75
mask_180,153.26,11.63,3.31
mask_181,262.05,14.51,4.53
mask_182,196.54,11.72,4.21
mask_183,122.79,7.53,4.09
mask_184,205.07,14.3,3.6
mask_185,237.3,12.81,4.65
mask_186,129.5,8.85,3.67
mask_187,291.64,16.09,4.55
mask_188,228.17,12.62,4.54
mask_189,259.44,13.53,4.81
mask_190,154.63,9.53,4.07
mask_191,213.98,13.78,3.9
mask_192,117.67,8.19,3.61
mask_193,169.26,10.96,3.88
mask_194,295.1,14.05,5.27
mask_195,206.66,11.7,4.44
mask_196,236.66,12.01,4.95
mask_197,291.14,13.94,5.24
mask_198,292.41,14.41,5.09
mask_199,278.57,15.02,4.66
mask_200,228.0,11.83,4.84
mask_201,247.25,11.84,5.24
mask_202,179.77,13.16,3.43
mask_203,111.24,9.73,2.87
mask_204,161.01,10.92,3.7
mask_205,176.8,10.89,4.08
mask_206,115.42,8.09,3.58
mask_207,145.72,9.21,3.97
mask_208,178.61,11.09,4.04
mask_209,257.37,11.59,5.58
mask_210,276.7,12.06,5.76
mask_211,210.29,12.68,4.16
mask_212,159.91,10.81,3.71
mask_213,212.88,12.25,4.36
mask_214,244.5,13.53,4.54
mask_215,176.58,10.11,4.39
mask_216,211.06,10.09,5.25
mask_217,255.72,12.65,5.07
mask_218,166.62,10.15,4.12
mask_219,150.34,10.76,3.51
mask_220,175.37,10.49,4.2
mask_221,194.84,10.15,4.82
mask_222,131.2,9.79,3.36
mask_223,222.34,12.45,4.48
mask_224,137.14,9.44,3.65
mask_225,121.69,6.65,4.59
mask_226,225.25,11.84,4.78
mask_227,176.74,9.81,4.52
mask_228,218.24,12.74,4.3
mask_229,195.17,11.99,4.09
mask_230,179.49,11.41,3.95
mask_231,206.31,11.91,4.35
mask_232,217.94,11.01,4.97
mask_233,214.83,12.07,4.47
mask_234,359.56,15.84,5.7
mask_235,163.05,10.05,4.07
mask_236,158.76,9.38,4.25
mask_237,246.43,14.86,4.16
mask_238,180.32,13.25,3.42
mask_239,231.85,13.52,4.3
mask_240,134.23,10.12,3.33
mask_241,199.02,10.34,4.83
mask_242,261.61,13.91,4.72
mask_243,136.1,8.83,3.87
mask_244,252.31,12.96,4.89
mask_245,235.65,15.57,3.8
mask_246,209.14,12.6,4.17
mask_247,216.01,11.9,4.56
mask_248,266.28,14.43,4.63
mask_249,159.8,10.91,3.68
mask_250,296.42,14.09,5.28
mask_251,290.98,15.07,4.85
mask_252,153.26,11.26,3.42
mask_253,85.61,8.39,2.56
mask_254,207.43,10.45,4.98
mask_255,256.8,13.0,4.96
mask_256,237.96,13.7,4.36
mask_257,270.05,12.93,5.24
mask_258,184.94,10.23,4.54
mask_259,187.8,11.04,4.27
mask_260,144.13,9.28,3.9
mask_261,274.15,12.65,5.44
mask_262,98.26,8.34,2.96
mask_263,185.05,10.05,4.62
mask_264,172.78,10.7,4.05
mask_265,138.13,10.11,3.43
mask_266,191.15,10.77,4.45
mask_267,161.34,9.27,4.37
mask_268,238.95,15.01,4.0
mask_269,204.41,12.85,3.99
mask_270,148.42,9.1,4.1
mask_271,240.1,15.14,3.98
mask_272,257.37,13.58,4.76
mask_273,231.8,11.95,4.87
mask_274,181.69,12.28,3.71
mask_275,123.5,7.97,3.89
mask_276,102.44,7.57,3.4
mask_277,238.92,13.34,4.5
mask_278,148.69,9.76,3.82
mask_279,157.77,8.44,4.69
mask_280,168.27,10.61,3.98
mask_281,156.23,9.3,4.22
mask_282,150.07,9.4,4.01
mask_283,123.94,9.11,3.42
mask_284,243.84,13.14,4.66
mask_285,231.25,11.97,4.85
mask_286,116.79,8.22,3.57
mask_287,284.71,13.25,5.4
mask_288,126.42,9.65,3.29
mask_289,218.1,10.41,5.26
mask_290,171.19,11.18,3.84
mask_291,279.98,13.03,5.39
mask_292,183.18,9.89,4.65
mask_293,216.95,12.97,4.2
mask_294,200.28,11.04,4.55
mask_295,272.42,14.48,4.72
mask_296,228.28,13.47,4.25
mask_297,195.88,10.96,4.49
mask_298,152.16,8.72,4.38
mask_299,189.28,10.29,4.62
mask_300,151.33,11.47,3.31
mask_301,246.84,14.23,4.35
mask_302,80.16,6.89,2.92
mask_303,227.34,10.7,5.33
mask_304,187.52,11.68,4.03
mask_305,236.53,11.01,5.39
mask_306,121.85,9.55,3.2
mask_307,180.15,11.03,4.1
mask_308,226.9,10.97,5.19
mask_309,246.1,11.18,5.52
mask_310,290.26,13.5,5.4
mask_311,198.85,11.5,4.34
mask_312,229.05,12.21,4.71
mask_313,148.53,10.93,3.41
mask_314,106.78,6.93,3.87
mask_315,104.91,6.26,4.21
mask_316,86.98,8.49,2.57
mask_317,208.42,13.43,3.9
mask_318,231.69,13.81,4.21
mask_319,160.85,9.34,4.32
mask_320,248.52,13.3,4.69
mask_321,249.73,15.04,4.17
mask_322,241.75,10.54,5.76
mask_323,119.3,8.51,3.52
mask_324,142.92,7.79,4.61
mask_325,152.1,11.18,3.42
mask_326,182.96,10.23,4.49
mask_327,169.34,9.27,4.59
mask_328,155.07,10.49,3.71
mask_329,101.78,8.0,3.19
mask_330,208.42,12.13,4.31
mask_331,178.12,9.5,4.71
mask_332,245.71,13.51,4.57
mask_333,231.52,13.73,4.23
mask_334,176.36,11.33,3.91
mask_335,103.02,8.31,3.11
mask_336,128.45,8.21,3.93
mask_337,218.68,11.51,4.77
mask_338,121.0,8.94,3.4
mask_339,121.33,8.61,3.54
mask_340,184.39,12.66,3.66
mask_341,170.86,9.06,4.73
mask_342,197.92,10.31,4.82
mask_343,123.34,11.4,2.72
mask_344,221.35,11.36,4.89
mask_345,260.56,14.54,4.5
mask_346,130.87,8.78,3.74
mask_347,192.86,10.03,4.83
mask_348,136.32,8.95,3.82
mask_349,159.14,10.23,3.91
mask_350,98.92,9.02,2.75
mask_351,221.46,12.47,4.46
mask_352,184.88,9.52,4.87
mask_353,206.39,11.82,4.38
mask_354,204.0,13.97,3.67
mask_355,156.81,9.92,3.97
mask_356,144.18,9.49,3.82
mask_357,186.81,14.32,3.28
mask_358,98.53,7.68,3.22
mask_359,234.55,15.13,3.89
mask_360,128.12,9.35,3.44
mask_361,93.58,6.57,3.58
mask_362,234.27,14.07,4.18
mask_363,212.22,9.75,5.46
mask_364,163.82,10.68,3.85
mask_365,200.28,12.17,4.13
mask_366,88.69,7.47,2.98
mask_367,138.79,10.7,3.26
mask_368,217.28,10.31,5.29
mask_369,234.49,12.58,4.68
mask_370,211.06,11.07,4.78
mask_371,279.15,13.3,5.27
mask_372,245.88,11.88,5.2
mask_373,123.12,9.4,3.29
mask_374,183.95,10.38,4.45
mask_375,269.69,12.94,5.23
mask_376,206.44,13.76,3.76
mask_377,99.19,7.93,3.14
mask_378,214.86,11.12,4.85
mask_379,173.5,9.75,4.47
mask_380,221.27,12.96,4.29
mask_381,176.91,11.44,3.88
mask_382,243.4,13.02,4.69
mask_383,141.52,10.53,3.37
mask_384,243.02,13.16,4.63
mask_385,157.22,9.59,4.11
mask_386,216.29,11.45,4.74
mask_387,175.81,10.69,4.13
mask_388,267.11,13.06,5.14
mask_389,196.1,10.36,4.75
mask_390,238.4,12.36,4.84
mask_391,231.52,11.34,5.12
mask_392,219.92,12.86,4.29
mask_393,224.59,13.05,4.32
mask_394,189.5,11.9,4.0
mask_395,187.66,10.21,4.61
mask_396,120.97,9.48,3.2
mask_397,190.77,9.52,5.03
mask_398,181.44,10.09,4.51
mask_399,76.26,7.01,2.73
mask_400,155.9,8.55,4.58
mask_401,174.71,9.67,4.54
mask_402,232.04,14.49,4.02
mask_403,128.89,10.68,3.03
mask_404,174.65,11.53,3.8
mask_405,232.24,11.63,5.01
mask_406,194.67,10.0,4.89
mask_407,123.72,8.19,3.79
mask_408,175.7,10.31,4.28
mask_409,206.55,11.58,4.48
mask_410,190.49,9.9,4.83
mask_411,133.24,8.57,3.9
mask_412,176.58,9.07,4.88
mask_413,195.14,12.95,3.78
mask_414,83.96,6.97,3.03
mask_415,191.54,11.0,4.37
mask_416,204.74,14.29,3.6
mask_417,120.53,8.33,3.63
mask_418,209.36,12.07,4.36
mask_419,218.82,11.9,4.61
mask_420,201.77,12.39,4.09
mask_421,170.14,8.43,5.07
mask_422,260.92,14.49,4.52
mask_423,281.74,13.65,5.18
mask_424,235.87,12.38,4.78
mask_425,180.32,10.63,4.26
mask_426,173.83,10.66,4.09
mask_427,127.19,9.65,3.31
mask_428,217.66,10.13,5.39
mask_429,228.39,9.07,6.32
mask_430,180.18,12.08,3.75
mask_431,119.05,7.93,3.77
mask_432,142.59,9.74,3.67
mask_433,199.24,14.93,3.35
mask_434,122.95,10.24,3.02
mask_435,158.48,11.95,3.33
mask_436,117.07,7.86,3.74
mask_437,155.07,10.98,3.55
mask_438,180.15,10.3,4.39
mask_439,106.84,9.51,2.82
mask_440,116.74,9.82,2.98
mask_441,163.98,9.58,4.3
mask_442,125.59,8.74,3.61
mask_443,131.31,9.13,3.61
mask_444,169.76,11.36,3.75
mask_445,160.3,8.51,4.73
mask_446,125.92,7.56,4.18
mask_447,186.04,10.61,4.4
mask_448,192.66,11.63,4.16
mask_449,232.4,12.17,4.79
MaskID,Area(mm^2),Length(mm),Width(mm)
mask_0,373.86,14.34,6.54
mask_1,354.89,14.92,5.97
mask_2,392.18,14.59,6.75
mask_3,394.87,17.12,5.79
mask_4,399.77,14.52,6.91
mask_5,338.31,14.0,6.07
mask_6,369.99,16.12,5.76
mask_7,373.31,16.5,5.68
mask_8,323.65,15.41,5.27
mask_9,410.13,18.75,5.49
mask_10,358.46,15.48,5.81
mask_11,409.78,16.84,6.11
mask_12,410.11,17.0,6.06
mask_13,448.28,16.35,6.88
mask_14,369.3,15.27,6.07
mask_15,434.83,17.43,6.26
mask_16,301.1,14.36,5.27
mask_17,360.77,15.77,5.74
mask_18,393.72,17.44,5.67
mask_19,366.99,15.36,6.0
mask_20,320.84,13.45,5.99
mask_21,336.19,13.44,6.28
mask_22,375.95,15.76,5.99
mask_23,369.08,14.6,6.35
mask_24,372.71,14.89,6.28
mask_25,477.43,18.1,6.62
mask_26,386.18,17.02,5.69
mask_27,434.39,18.12,6.02
mask_28,447.23,18.13,6.19
mask_29,316.91,14.36,5.54
mask_30,364.62,15.48,5.91
mask_31,412.67,17.92,5.78
mask_32,364.87,15.0,6.11
mask_33,357.09,15.05,5.96
mask_34,404.86,15.81,6.43
mask_35,416.76,16.59,6.31
mask_36,344.69,16.18,5.35
mask_37,387.09,16.57,5.86
mask_38,382.5,15.42,6.23
mask_39,346.64,15.36,5.66
mask_40,463.49,16.93,6.87
mask_41,324.8,13.8,5.91
mask_42,427.98,16.65,6.45
mask_43,337.23,14.57,5.81
mask_44,432.88,16.71,6.5
mask_45,422.59,16.9,6.28
mask_46,366.49,15.85,5.81
mask_47,349.17,14.59,6.01
mask_48,367.43,15.55,5.93
mask_49,429.17,16.62,6.48
MaskID,Area(mm^2),Length(mm),Width(mm)
mask_0,235.15,12.87,4.58
mask_1,261.22,13.05,5.02
mask_2,267.08,14.07,4.77
mask_3,211.34,12.64,4.2
mask_4,211.61,10.92,4.86
mask_5,267.38,13.29,5.05
mask_6,327.0,14.75,5.56
mask_7,213.87,10.74,5.0
mask_8,297.69,14.7,5.08
mask_9,252.26,15.08,4.2
mask_10,197.67,11.32,4.38
mask_11,245.99,11.67,5.29
mask_12,196.93,14.06,3.52
mask_13,147.65,10.68,3.47
mask_14,248.46,13.08,4.77
mask_15,230.97,13.76,4.21
mask_16,226.46,11.9,4.78
mask_17,225.91,13.08,4.33
mask_18,130.6,7.67,4.27
mask_19,247.2,12.16,5.11
mask_20,245.05,11.72,5.25
mask_21,204.02,10.85,4.72
mask_22,119.49,8.46,3.55
mask_23,219.2,12.0,4.59
mask_24,256.38,14.55,4.42
mask_25,282.62,14.78,4.8
mask_26,207.27,11.5,4.53
mask_27,228.33,11.74,4.88
mask_28,256.0,11.64,5.52
mask_29,290.54,13.91,5.24
mask_30,168.44,10.27,4.12
mask_31,236.25,15.24,3.89
mask_32,140.17,9.47,3.72
mask_33,258.42,11.97,5.42
mask_34,220.19,12.54,4.41
mask_35,179.11,9.49,4.74
mask_36,245.33,13.22,4.66
mask_37,225.14,12.66,4.46
mask_38,198.74,12.49,3.99
mask_39,224.18,12.89,4.37
mask_40,280.31,13.8,5.1
mask_41,214.47,10.45,5.15
mask_42,208.86,11.63,4.51
mask_43,249.56,12.93,4.85
mask_44,210.24,10.4,5.07
mask_45,226.19,11.61,4.89
mask_46,218.21,11.22,4.88
mask_47,178.23,10.2,4.39
mask_48,202.43,11.55,4.4
mask_49,259.85,12.74,5.12
mask_50,231.96,11.56,5.04
mask_51,242.3,11.8,5.15
mask_52,308.74,15.28,5.07
mask_53,199.84,10.16,4.94
mask_54,278.49,14.28,4.89
mask_55,186.81,11.8,3.97
mask_56,206.88,11.17,4.65
mask_57,240.54,13.02,4.64
mask_58,229.71,12.02,4.8
mask_59,236.58,12.75,4.66
mask_60,168.6,9.92,4.27
mask_61,235.7,12.36,4.79
mask_62,202.98,11.69,4.36
mask_63,252.37,14.75,4.29
mask_64,179.0,10.44,4.3
mask_65,228.72,11.7,4.91
mask_66,235.1,13.57,4.35
mask_67,224.32,12.0,4.69
mask_68,252.53,13.99,4.53
mask_69,239.63,11.04,5.45
mask_70,232.4,13.15,4.44
mask_71,309.24,13.59,5.71
mask_72,238.56,11.95,5.01
mask_73,181.03,10.93,4.16
mask_74,179.0,12.13,3.71
mask_75,154.8,10.4,3.74
mask_76,232.57,13.3,4.39
mask_77,137.97,9.91,3.5
mask_78,230.04,12.53,4.61
mask_79,263.64,12.35,5.36
mask_80,248.79,13.91,4.49
mask_81,275.38,13.53,5.11
mask_82,192.2,11.3,4.27
mask_83,123.94,9.49,3.28
mask_84,254.95,14.31,4.47
mask_85,270.79,12.58,5.4
mask_86,167.67,10.01,4.21
mask_87,193.74,11.2,4.34
mask_88,205.31,11.54,4.47
mask_89,209.08,11.44,4.59
mask_90,239.28,14.12,4.25
mask_91,172.73,9.91,4.37
mask_92,165.47,10.67,3.89
mask_93,175.64,10.89,4.05
mask_94,242.14,11.24,5.41
mask_95,281.13,13.15,5.36
mask_96,243.4,13.24,4.62
mask_97,236.39,12.97,4.57
mask_98,224.32,12.73,4.42
mask_99,263.39,16.79,3.94
mask_100,254.4,13.59,4.7
mask_101,238.67,12.68,4.72
mask_102,259.55,10.59,6.15
mask_103,214.03,12.31,4.37
mask_104,276.73,13.17,5.27
mask_105,200.01,11.7,4.29
mask_106,279.32,14.84,4.73
mask_107,136.26,9.26,3.7
mask_108,245.44,12.95,4.76
mask_109,213.54,12.56,4.27
mask_110,238.59,12.38,4.84
mask_111,235.87,12.35,4.79
mask_112,222.78,11.65,4.8
mask_113,243.51,12.97,4.71
mask_114,284.79,13.88,5.15
mask_115,169.32,10.53,4.03
mask_116,236.09,11.68,5.07
mask_117,182.52,11.15,4.11
mask_118,270.02,13.52,5.02
mask_119,246.73,12.37,5.01
mask_120,219.31,11.88,4.64
mask_121,146.82,8.49,4.34
mask_122,262.95,13.68,4.82
mask_123,177.13,9.43,4.71
mask_124,219.15,12.03,4.57
mask_125,211.83,10.97,4.85
mask_126,267.66,14.52,4.63
mask_127,185.32,11.87,3.92
mask_128,255.67,13.09,4.9
mask_129,250.0,11.33,5.54
mask_130,302.47,13.33,5.7
mask_131,163.82,9.9,4.15
mask_132,211.17,12.34,4.3
mask_133,185.29,10.76,4.32
mask_134,228.94,11.82,4.86
mask_135,241.53,13.23,4.58
mask_136,218.21,10.81,5.07
mask_137,258.31,13.08,4.96
mask_138,278.74,14.75,4.74
mask_139,143.69,9.93,3.63
mask_140,175.78,9.71,4.55
mask_141,187.3,12.02,3.91
mask_142,241.26,14.41,4.2
mask_143,188.4,11.29,4.19
mask_144,188.13,11.52,4.1
mask_145,262.76,11.64,5.67
mask_146,176.74,8.83,5.02
mask_147,175.37,9.75,4.51
mask_148,416.87,21.25,4.92
mask_149,185.71,10.04,4.64
mask_150,198.3,11.47,4.34
mask_151,138.49,9.22,3.77
mask_152,130.82,9.11,3.61
mask_153,316.03,14.72,5.39
mask_154,243.95,13.89,4.41
mask_155,141.76,10.56,3.37
mask_156,228.77,12.29,4.67
mask_157,209.19,10.92,4.81
mask_158,200.56,10.54,4.78
mask_159,130.6,7.81,4.2
mask_160,285.7,14.12,5.08
mask_161,216.67,11.21,4.85
mask_162,199.62,10.57,4.74
mask_163,195.44,8.98,5.46
mask_164,146.49,9.03,4.07
mask_165,198.08,11.37,4.38
mask_166,147.26,11.56,3.2
mask_167,277.34,12.96,5.37
mask_168,250.83,12.61,4.99
mask_169,228.17,11.16,5.13
mask_170,235.43,11.2,5.28
mask_171,109.26,7.04,3.9
mask_172,234.33,12.72,4.62
mask_173,272.63,16.42,4.17
mask_174,266.92,12.76,5.25
mask_175,221.9,13.18,4.22
mask_176,169.15,10.66,3.98
mask_177,157.22,13.82,2.85
mask_178,221.62,10.51,5.29
mask_179,158.59,11.17,3.56
mask_180,274.92,17.34,3.98
mask_181,200.61,14.0,3.6
mask_182,191.34,11.47,4.19
mask_183,156.17,9.38,4.18
mask_184,160.9,9.65,4.18
mask_185,194.97,13.59,3.6
mask_186,251.65,12.84,4.92
mask_187,136.21,10.7,3.2
mask_188,147.37,10.17,3.64
mask_189,262.82,14.28,4.62
mask_190,201.49,12.13,4.17
mask_191,190.71,10.95,4.37
mask_192,239.06,13.78,4.35
mask_193,161.78,7.59,5.35
mask_194,96.44,8.16,2.97
mask_195,234.33,12.89,4.56
mask_196,214.97,10.95,4.93
mask_197,151.61,9.53,3.99
mask_198,161.18,11.13,3.64
mask_199,238.92,14.49,4.14
mask_200,180.21,8.81,5.13
mask_201,267.11,13.34,5.03
mask_202,259.71,11.31,5.77
mask_203,141.38,8.68,4.09
mask_204,168.22,12.86,3.28
mask_205,256.22,12.31,5.23
mask_206,220.03,12.67,4.36
mask_207,177.9,13.14,3.4
mask_208,209.96,12.61,4.18
mask_209,208.92,11.42,4.59
mask_210,148.47,11.8,3.16
mask_211,198.3,12.13,4.1
mask_212,196.76,10.98,4.5
mask_213,228.72,11.99,4.79
mask_214,91.77,6.54,3.52
mask_215,151.44,9.57,3.97
mask_216,177.4,12.22,3.64
mask_217,207.6,13.33,3.91
mask_218,184.06,10.76,4.29
mask_219,189.23,10.5,4.53
mask_220,157.38,9.02,4.38
mask_221,163.32,8.91,4.6
mask_222,171.52,11.19,3.85
mask_223,190.16,11.31,4.22
mask_224,192.2,10.98,4.39
mask_225,191.59,12.14,3.96
mask_226,189.12,17.25,2.75
mask_227,292.41,12.72,5.77
mask_228,158.76,10.52,3.79
mask_229,283.63,12.7,5.61
mask_230,193.52,12.12,4.01
mask_231,229.16,12.06,4.77
mask_232,211.86,13.14,4.05
mask_233,191.92,10.58,4.55
mask_234,254.46,12.28,5.2
mask_235,199.9,12.39,4.05
mask_236,165.14,8.48,4.89
mask_237,190.11,12.06,3.96
mask_238,239.28,13.11,4.58
mask_239,171.24,9.8,4.39
mask_240,119.21,7.23,4.14
mask_241,228.11,13.71,4.18
mask_242,197.42,10.88,4.56
mask_243,181.91,10.37,4.41
mask_244,178.75,8.96,5.01
mask_245,170.2,11.03,3.87
mask_246,209.74,11.36,4.63
mask_247,246.76,13.42,4.62
mask_248,142.59,9.12,3.92
mask_249,203.31,9.86,5.17
mask_250,114.98,8.43,3.42
mask_251,163.98,9.7,4.24
mask_252,145.12,7.61,4.79
mask_253,169.68,7.27,5.86
mask_254,109.75,7.69,3.58
mask_255,124.71,8.92,3.51
mask_256,180.59,9.39,4.83
mask_257,155.95,9.96,3.93
mask_258,190.05,11.82,4.04
mask_259,209.5,14.31,3.67
mask_260,209.36,10.36,5.07
mask_261,218.6,11.49,4.78
mask_262,234.88,14.79,3.99
mask_263,118.0,10.84,2.73
mask_264,173.11,10.76,4.04
mask_265,182.3,11.42,4.01
mask_266,227.89,12.6,4.54
mask_267,138.88,8.5,4.1
mask_268,182.9,11.19,4.1
mask_269,169.26,9.9,4.29
mask_270,145.89,7.5,4.88
mask_271,215.63,11.56,4.68
mask_272,238.78,12.69,4.72
mask_273,137.36,9.36,3.68
mask_274,178.06,10.93,4.09
mask_275,112.72,8.75,3.23
mask_276,228.03,13.33,4.29
mask_277,301.92,14.73,5.14
mask_278,178.89,9.39,4.78
mask_279,116.3,8.56,3.41
mask_280,161.75,10.65,3.81
mask_281,184.39,10.12,4.58
mask_282,157.66,8.79,4.5
mask_283,244.37,13.58,4.52
mask_284,178.78,10.7,4.19
mask_285,149.79,8.39,4.48
mask_286,203.09,12.69,4.02
mask_287,141.71,7.74,4.59
mask_288,159.47,10.12,3.96
mask_289,100.62,8.75,2.89
mask_290,204.08,11.85,4.32
mask_291,176.63,10.47,4.23
mask_292,153.97,9.9,3.9
mask_293,193.63,9.56,5.09
mask_294,204.57,12.88,3.99
mask_295,211.12,13.93,3.8
mask_296,170.91,8.7,4.93
mask_297,174.93,11.04,3.98
mask_298,282.45,13.47,5.26
mask_299,163.65,12.23,3.36
mask_300,208.97,12.4,4.23
mask_301,135.55,10.93,3.11
mask_302,116.96,8.3,3.54
mask_303,119.93,8.12,3.71
mask_304,164.53,10.4,3.97
mask_305,236.36,12.64,4.69
mask_306,235.37,11.93,4.95
mask_307,209.22,11.01,4.77
mask_308,207.27,11.89,4.38
mask_309,151.28,9.81,3.87
mask_310,143.36,10.03,3.59
mask_311,245.11,12.3,5.0
mask_312,138.35,11.01,3.15
mask_313,250.72,12.24,5.14
mask_314,170.42,10.57,4.05
mask_315,116.02,9.02,3.23
mask_316,198.58,10.81,4.61
mask_317,182.68,10.8,4.25
mask_318,219.15,12.23,4.5
mask_319,178.12,9.16,4.88
mask_320,147.34,8.2,4.51
mask_321,199.46,13.22,3.79
mask_322,189.67,11.71,4.07
mask_323,272.58,13.85,4.94
mask_324,146.71,10.12,3.64
mask_325,175.04,11.52,3.81
mask_326,158.76,7.85,5.08
mask_327,222.89,12.01,4.66
mask_328,218.93,10.76,5.11
mask_329,275.69,14.54,4.76
mask_330,172.45,9.83,4.4
mask_331,160.52,7.63,5.28
mask_332,174.43,12.32,3.55
mask_333,209.58,13.09,4.02
mask_334,188.84,12.46,3.8
mask_335,192.8,10.85,4.46
mask_336,128.78,7.96,4.06
mask_337,171.79,11.6,3.72
mask_338,178.34,12.66,3.54
mask_339,173.55,9.14,4.77
mask_340,118.17,7.74,3.83
mask_341,169.04,9.72,4.37
mask_342,193.79,10.32,4.71
mask_343,219.48,12.63,4.36
MaskID,Area(mm^2),Length(mm),Width(mm)
mask_0,203.42,11.71,4.36
mask_1,259.35,12.57,5.18
mask_2,209.69,13.44,3.92
mask_3,262.32,12.14,5.42
mask_4,225.64,13.11,4.32
mask_5,280.58,12.84,5.48
mask_6,295.16,15.47,4.79
mask_7,240.93,11.23,5.39
mask_8,282.4,13.77,5.15
mask_9,252.97,12.64,5.02
mask_10,251.49,12.77,4.94
mask_11,262.05,12.54,5.25
mask_12,239.33,12.68,4.74
mask_13,152.07,10.56,3.62
mask_14,211.12,12.03,4.41
mask_15,195.09,12.9,3.8
mask_16,204.66,12.65,4.06
mask_17,187.3,11.71,4.01
mask_18,246.76,13.14,4.71
mask_19,210.68,11.32,4.67
mask_20,209.8,11.13,4.73
mask_21,238.01,12.96,4.61
mask_22,194.95,10.6,4.61
mask_23,262.38,13.32,4.94
mask_24,195.61,11.68,4.2
mask_25,237.52,12.8,4.66
mask_26,263.31,12.4,5.33
mask_27,264.3,12.68,5.23
mask_28,286.14,13.28,5.41
mask_29,289.93,15.36,4.74
mask_30,182.02,12.75,3.58
mask_31,150.01,9.52,3.96
mask_32,173.28,10.98,3.96
mask_33,300.22,14.49,5.2
mask_34,234.82,12.99,4.54
mask_35,238.18,12.85,4.65
mask_36,275.52,14.77,4.68
mask_37,208.42,11.35,4.61
mask_38,268.92,13.06,5.17
mask_39,156.34,10.83,3.62
mask_40,189.67,10.04,4.74
mask_41,271.07,18.34,3.71
mask_42,353.29,16.06,5.52
mask_43,236.03,13.74,4.31
mask_44,263.86,14.71,4.5
mask_45,186.15,12.05,3.88
mask_46,220.96,11.09,5.0
mask_47,285.09,12.79,5.6
mask_48,309.13,15.3,5.07
mask_49,241.86,13.21,4.6
mask_50,260.01,13.29,4.91
mask_51,262.21,15.07,4.37
mask_52,165.74,9.89,4.21
mask_53,224.65,13.1,4.31
mask_54,206.0,10.89,4.75
mask_55,234.66,12.58,4.68
mask_56,269.53,14.0,4.83
mask_57,236.8,11.36,5.23
mask_58,227.78,12.31,4.64
mask_59,249.07,14.63,4.27
mask_60,251.65,14.73,4.29
mask_61,200.72,11.33,4.45
mask_62,231.08,13.85,4.19
mask_63,270.3,15.82,4.29
mask_64,203.64,13.01,3.93
mask_65,220.33,12.85,4.31
mask_66,189.75,11.66,4.09
mask_67,217.61,12.9,4.23
mask_68,190.6,10.61,4.51
mask_69,141.49,9.4,3.78
mask_70,273.21,13.98,4.9
mask_71,143.41,11.25,3.2
mask_72,208.75,12.26,4.27
mask_73,204.41,11.49,4.47
mask_74,170.64,11.45,3.74
mask_75,223.6,13.0,4.32
mask_76,158.87,10.05,3.97
mask_77,173.0,11.76,3.69
mask_78,251.43,13.66,4.62
mask_79,153.48,9.5,4.06
mask_80,253.85,13.12,4.86
mask_81,273.43,13.23,5.19
mask_82,181.36,11.57,3.93
mask_83,265.84,11.74,5.69
mask_84,204.74,12.27,4.19
mask_85,246.92,14.11,4.39
mask_86,212.71,11.67,4.57
mask_87,220.03,11.94,4.62
mask_88,222.39,12.63,4.42
mask_89,179.77,13.34,3.38
mask_90,240.98,14.81,4.08
mask_91,243.62,12.55,4.87
mask_92,210.51,11.78,4.48
mask_93,179.22,9.88,4.55
mask_94,245.27,11.05,5.57
mask_95,260.54,13.44,4.87
mask_96,174.98,10.87,4.04
mask_97,146.05,10.37,3.54
mask_98,208.31,10.59,4.94
mask_99,161.07,12.39,3.26
mask_100,142.04,10.11,3.53
mask_101,248.13,11.92,5.22
mask_102,235.48,12.08,4.89
mask_103,146.0,11.38,3.22
mask_104,256.22,13.6,4.73
mask_105,250.55,12.49,5.04
mask_106,256.49,12.73,5.06
mask_107,229.87,11.89,4.85
mask_108,226.52,13.15,4.32
mask_109,229.93,12.06,4.79
mask_110,242.8,14.06,4.33
mask_111,177.02,11.29,3.94
mask_112,207.43,12.48,4.17
mask_113,201.63,11.05,4.58
mask_114,252.81,15.01,4.23
mask_115,235.76,12.03,4.92
mask_116,169.43,10.75,3.96
mask_117,202.98,11.04,4.61
mask_118,197.31,10.79,4.59
mask_119,237.19,12.27,4.85
mask_120,123.78,9.22,3.37
mask_121,188.73,11.62,4.08
mask_122,196.16,11.85,4.15
mask_123,297.74,15.02,4.98
mask_124,205.31,11.87,4.34
mask_125,151.77,8.96,4.25
mask_126,309.98,14.94,5.21
mask_127,176.3,9.2,4.81
mask_128,223.49,11.05,5.08
mask_129,185.1,12.1,3.84
mask_130,164.86,12.54,3.3
mask_131,174.87,11.16,3.93
mask_132,274.23,13.81,4.99
mask_133,173.0,12.04,3.61
mask_134,208.86,12.72,4.12
mask_135,202.21,11.61,4.37
mask_136,156.45,9.25,4.25
mask_137,165.52,8.89,4.67
mask_138,213.21,10.52,5.09
mask_139,238.4,12.88,4.65
mask_140,249.73,14.33,4.38
mask_141,207.05,11.42,4.55
mask_142,178.17,10.53,4.25
mask_143,165.52,12.0,3.46
mask_144,234.88,12.57,4.69
mask_145,256.44,12.79,5.03
mask_146,105.96,7.69,3.46
mask_147,197.97,10.74,4.63
mask_148,181.03,10.47,4.34
mask_149,233.28,11.1,5.27
mask_150,142.48,9.58,3.73
mask_151,202.92,11.76,4.33
mask_152,129.55,9.62,3.38
mask_153,230.7,13.1,4.42
mask_154,123.23,9.41,3.29
mask_155,182.35,11.0,4.16
mask_156,194.12,11.67,4.18
mask_157,242.74,12.26,4.97
mask_158,141.1,9.71,3.65
mask_159,176.36,12.45,3.55
mask_160,169.37,9.53,4.46
mask_161,240.16,13.22,4.56
mask_162,295.93,14.58,5.1
mask_163,283.39,12.32,5.78
mask_164,208.7,10.33,5.07
mask_165,149.46,9.55,3.93
mask_166,138.02,9.42,3.68
mask_167,173.06,9.46,4.59
mask_168,304.51,14.16,5.4
mask_169,199.84,11.32,4.43
mask_170,151.28,10.04,3.78
mask_171,126.14,10.41,3.04
mask_172,198.96,12.16,4.11
mask_173,216.67,12.73,4.27
mask_174,183.89,9.74,4.74
mask_175,190.05,11.27,4.23
mask_176,211.61,10.65,4.99
mask_177,133.24,8.52,3.93
mask_178,150.89,10.51,3.6
mask_179,282.84,18.15,3.91
mask_180,211.61,10.94,4.86
mask_181,197.09,10.07,4.91
mask_182,150.18,10.15,3.72
mask_183,309.9,15.02,5.18
mask_184,161.95,11.07,3.67
mask_185,224.87,14.26,3.96
mask_186,193.93,12.08,4.03
mask_187,208.53,10.55,4.96
mask_188,291.97,13.78,5.32
mask_189,214.64,11.71,4.6
mask_190,225.86,12.08,4.69
mask_191,185.65,12.6,3.7
mask_192,113.0,9.05,3.14
mask_193,137.25,11.04,3.12
mask_194,218.27,11.72,4.67
mask_195,149.52,9.82,3.82
mask_196,204.68,12.52,4.11
mask_197,191.54,10.47,4.59
mask_198,212.16,11.36,4.69
mask_199,265.13,16.2,4.11
mask_200,303.46,13.83,5.51
mask_201,230.4,12.14,4.76
mask_202,196.71,13.84,3.57
mask_203,229.57,13.3,4.33
mask_204,140.0,6.69,5.25
mask_205,221.79,13.29,4.19
mask_206,285.29,14.91,4.8
mask_207,237.41,14.12,4.22
mask_208,157.77,13.06,3.03
mask_209,236.09,13.45,4.41
mask_210,207.76,13.34,3.91
mask_211,235.59,13.16,4.49
mask_212,194.23,10.77,4.53
mask_213,173.5,9.32,4.67
mask_214,203.39,11.11,4.59
mask_215,297.17,14.95,4.99
mask_216,204.74,13.44,3.83
mask_217,238.67,14.85,4.03
mask_218,130.54,8.04,4.08
mask_219,162.44,8.46,4.82
mask_220,213.32,11.56,4.63
mask_221,150.01,9.17,4.1
mask_222,238.4,13.04,4.59
mask_223,214.42,10.42,5.17
mask_224,177.84,9.93,4.5
mask_225,191.02,9.19,5.22
mask_226,231.47,11.75,4.95
mask_227,134.28,10.56,3.19
mask_228,203.58,9.42,5.43
mask_229,154.74,9.25,4.2
mask_230,232.35,11.8,4.94
mask_231,143.52,12.23,2.95
mask_232,180.51,11.15,4.06
mask_233,253.25,12.21,5.21
mask_234,137.25,10.49,3.28
mask_235,272.88,13.04,5.25
mask_236,211.61,12.84,4.14
mask_237,204.68,10.78,4.77
mask_238,226.85,12.38,4.6
mask_239,187.96,8.81,5.36
mask_240,195.94,11.41,4.31
mask_241,118.72,8.51,3.5
mask_242,161.84,9.26,4.39
mask_243,226.79,11.73,4.85
mask_244,220.44,12.44,4.45
mask_245,245.77,10.85,5.69
mask_246,124.05,9.86,3.16
mask_247,231.14,13.57,4.28
mask_248,268.68,18.16,3.71
mask_249,204.57,11.84,4.34
mask_250,146.16,11.28,3.25
mask_251,162.17,9.59,4.24
mask_252,202.12,11.01,4.61
mask_253,100.57,8.68,2.91
mask_254,153.37,9.09,4.24
mask_255,207.05,13.19,3.94
mask_256,216.18,11.66,4.65
mask_257,120.48,9.96,3.04
mask_258,136.87,10.11,3.4
mask_259,154.63,10.17,3.82
mask_260,131.15,8.36,3.94
mask_261,195.39,11.87,4.13
mask_262,275.14,13.48,5.12
mask_263,146.93,9.46,3.9
mask_264,174.6,11.91,3.68
mask_265,251.49,13.72,4.6
mask_266,159.42,10.36,3.86
mask_267,139.95,10.67,3.29
mask_268,190.93,12.88,3.72
mask_269,183.84,11.67,3.95
mask_270,218.76,11.27,4.87
mask_271,170.47,9.42,4.54
mask_272,232.13,10.73,5.43
mask_273,183.18,11.37,4.05
mask_274,236.25,11.05,5.36
mask_275,220.14,12.56,4.4
mask_276,221.24,12.91,4.3
mask_277,237.85,13.64,4.38
mask_278,148.31,10.53,3.53
mask_279,159.14,9.69,4.12
mask_280,168.44,11.1,3.81
mask_281,261.28,13.81,4.75
mask_282,163.38,11.7,3.51
mask_283,163.82,10.37,3.97
mask_284,138.46,10.01,3.47
mask_285,171.74,11.02,3.91
MaskID,Area(mm^2),Length(mm),Width(mm)
mask_0,245.27,12.81,4.81
mask_1,237.02,12.83,4.64
mask_2,236.53,12.92,4.6
mask_3,176.3,8.24,5.37
mask_4,216.29,12.81,4.24
mask_5,193.46,9.03,5.38
mask_6,236.69,12.24,4.86
mask_7,263.64,11.98,5.52
mask_8,283.44,14.39,4.94
mask_9,195.55,11.59,4.23
mask_10,263.2,12.14,5.44
mask_11,242.69,12.74,4.78
mask_12,235.43,12.69,4.66
mask_13,244.39,11.09,5.53
mask_14,247.47,12.17,5.1
mask_15,221.29,12.94,4.29
mask_16,254.68,12.5,5.12
mask_17,254.62,14.02,4.56
mask_18,182.79,10.96,4.19
mask_19,125.76,10.23,3.09
mask_20,261.66,12.05,5.45
mask_21,320.51,14.27,5.64
mask_22,181.69,12.84,3.55
mask_23,187.41,11.94,3.94
mask_24,164.75,9.63,4.3
mask_25,244.78,12.23,5.02
mask_26,190.71,10.78,4.44
mask_27,208.7,12.44,4.21
mask_28,274.2,14.4,4.78
mask_29,213.98,12.42,4.32
mask_30,115.91,8.03,3.62
mask_31,261.72,13.28,4.95
mask_32,232.35,13.49,4.32
mask_33,185.6,10.29,4.53
mask_34,197.53,10.49,4.73
mask_35,305.0,14.33,5.34
mask_36,228.72,11.59,4.95
mask_37,178.83,11.26,3.99
mask_38,184.0,11.78,3.92
mask_39,240.71,11.99,5.04
mask_40,244.28,16.52,3.71
mask_41,158.48,9.86,4.03
mask_42,230.64,12.82,4.52
mask_43,280.83,13.5,5.22
mask_44,164.7,9.94,4.16
mask_45,226.13,11.76,4.83
mask_46,198.36,10.03,4.97
mask_47,196.35,10.07,4.89
mask_48,241.53,12.67,4.79
mask_49,242.63,10.29,5.92
mask_50,245.33,12.08,5.1
mask_51,248.57,13.0,4.8
mask_52,268.81,13.96,4.83
mask_53,222.28,13.32,4.19
mask_54,216.29,11.87,4.57
mask_55,246.92,12.88,4.81
mask_56,215.57,9.85,5.49
mask_57,200.23,11.72,4.29
mask_58,234.38,11.47,5.13
mask_59,224.04,11.47,4.9
mask_60,205.62,11.27,4.58
mask_61,169.48,10.11,4.21
mask_62,194.56,10.77,4.53
mask_63,210.62,11.69,4.52
mask_64,173.83,10.64,4.1
mask_65,225.2,12.71,4.45
mask_66,189.23,12.99,3.66
mask_67,155.57,9.33,4.19
mask_68,263.53,13.03,5.08
mask_69,191.32,11.07,4.34
mask_70,214.8,10.44,5.17
mask_71,261.99,15.08,4.36
mask_72,153.26,11.87,3.24
mask_73,175.75,10.44,4.22
mask_74,211.83,12.01,4.43
mask_75,209.47,10.97,4.79
mask_76,231.19,11.67,4.97
mask_77,287.02,13.57,5.31
mask_78,202.1,12.58,4.03
mask_79,222.01,10.78,5.17
mask_80,206.77,12.19,4.26
mask_81,177.24,9.22,4.83
mask_82,281.63,14.19,4.98
mask_83,204.52,11.66,4.4
mask_84,228.5,13.02,4.4
mask_85,252.15,13.76,4.6
mask_86,128.34,8.65,3.73
mask_87,192.91,10.48,4.62
mask_88,243.46,12.7,4.81
mask_89,185.49,11.68,3.99
mask_90,232.18,10.16,5.74
mask_91,187.3,10.91,4.31
mask_92,214.53,11.51,4.68
mask_93,147.98,8.52,4.36
mask_94,209.19,10.18,5.16
mask_95,191.1,11.04,4.35
mask_96,110.85,9.82,2.83
mask_97,196.76,11.69,4.22
mask_98,273.49,12.37,5.55
mask_99,229.27,12.45,4.62
mask_100,269.42,15.36,4.4
mask_101,219.86,11.73,4.7
mask_102,237.9,12.23,4.88
mask_103,166.95,10.53,3.98
mask_104,246.81,12.23,5.07
mask_105,155.9,8.16,4.8
mask_106,179.27,9.86,4.56
mask_107,169.92,9.15,4.66
mask_108,173.85,9.98,4.37
mask_109,178.83,10.64,4.22
mask_110,259.02,14.21,4.58
mask_111,200.39,9.78,5.14
mask_112,185.07,11.22,4.14
mask_113,187.85,10.51,4.49
mask_114,140.44,10.09,3.49
mask_115,200.28,13.18,3.81
mask_116,161.84,10.08,4.03
mask_117,172.29,13.58,3.18
mask_118,227.45,12.34,4.63
mask_119,159.36,11.93,3.35
mask_120,225.86,12.83,4.42
mask_121,241.72,11.94,5.08
mask_122,195.44,9.5,5.17
mask_123,209.74,11.69,4.5
mask_124,164.81,13.01,3.18
mask_125,221.62,11.29,4.93
mask_126,194.84,9.82,4.98
mask_127,150.51,10.12,3.73
mask_128,195.5,12.83,3.82
mask_129,203.03,13.01,3.92
mask_130,180.26,10.76,4.2
mask_131,137.64,10.55,3.28
mask_132,150.45,9.72,3.88
mask_133,202.65,11.8,4.31
mask_134,154.8,11.0,3.53
mask_135,115.75,9.02,3.22
mask_136,148.47,11.1,3.36
mask_137,285.81,12.59,5.7
mask_138,182.13,10.67,4.28
mask_139,242.36,13.46,4.52
mask_140,241.15,12.97,4.67
mask_141,178.61,10.64,4.22
mask_142,163.43,10.1,4.06
mask_143,113.93,8.3,3.45
mask_144,188.57,10.89,4.35
mask_145,250.85,13.8,4.56
mask_146,216.56,13.0,4.18
mask_147,224.48,14.57,3.87
mask_148,84.56,6.45,3.29
mask_149,136.32,8.66,3.95
mask_150,200.89,12.01,4.2
mask_151,158.54,10.55,3.77
mask_152,205.56,12.28,4.2
mask_153,144.51,9.1,3.99
mask_154,241.31,12.05,5.03
mask_155,165.19,9.66,4.29
mask_156,193.63,12.17,3.99
mask_157,205.01,10.43,4.93
mask_158,260.23,13.74,4.75
mask_159,153.7,8.36,4.62
mask_160,118.77,8.38,3.56
mask_161,198.91,9.38,5.32
mask_162,206.66,12.28,4.22
mask_163,217.77,12.28,4.45
mask_164,152.1,8.03,4.76
mask_165,154.03,10.79,3.58
mask_166,283.36,13.81,5.15
mask_167,191.59,10.69,4.5
mask_168,143.08,9.86,3.64
mask_169,164.97,9.64,4.3
mask_170,117.29,8.63,3.41
mask_171,221.57,14.13,3.94
mask_172,190.11,12.38,3.85
mask_173,184.83,12.45,3.73
mask_174,266.37,16.72,4.0
mask_175,135.0,8.87,3.82
mask_176,224.65,11.93,4.73
mask_177,146.66,9.77,3.77
mask_178,172.51,10.72,4.04
mask_179,165.69,9.84,4.23
mask_180,190.55,10.5,4.55
mask_181,147.37,11.61,3.19
mask_182,201.33,11.69,4.32
mask_183,172.73,13.23,3.28
mask_184,130.05,8.49,3.85
MaskID,Area(mm^2),Length(mm),Width(mm)
mask_0,230.92,10.86,5.34
mask_1,260.29,14.13,4.62
mask_2,320.79,14.95,5.39
mask_3,249.62,12.05,5.2
mask_4,222.81,12.15,4.6
mask_5,138.63,7.38,4.72
mask_6,271.73,12.64,5.4
mask_7,323.1,16.21,5.0
mask_8,224.48,12.92,4.36
mask_9,262.05,13.16,5.0
mask_10,218.49,12.08,4.54
mask_11,292.52,14.1,5.21
mask_12,267.71,13.45,5.0
mask_13,222.28,11.01,5.07
mask_14,266.23,13.83,4.83
mask_15,217.28,11.25,4.85
mask_16,292.16,13.25,5.54
mask_17,189.72,12.44,3.83
mask_18,226.41,12.53,4.53
mask_19,285.53,15.14,4.73
mask_20,230.04,11.41,5.06
mask_21,204.85,10.9,4.72
mask_22,197.15,12.95,3.82
mask_23,209.41,11.19,4.7
mask_24,163.76,11.5,3.57
mask_25,168.16,10.47,4.03
mask_26,145.45,10.13,3.61
mask_27,185.27,11.85,3.92
mask_28,237.96,11.89,5.02
mask_29,183.97,14.25,3.24
mask_30,237.66,12.01,4.97
mask_31,227.73,11.98,4.77
mask_32,161.73,10.78,3.77
mask_33,290.65,14.76,4.94
mask_34,105.3,8.97,2.95
mask_35,132.69,10.05,3.31
mask_36,228.99,11.26,5.1
mask_37,207.21,12.01,4.33
mask_38,189.94,10.37,4.6
mask_39,186.97,11.32,4.15
mask_40,222.17,13.49,4.13
mask_41,187.91,10.8,4.37
mask_42,266.12,13.08,5.11
mask_43,232.32,13.8,4.22
mask_44,208.7,10.85,4.83
mask_45,181.91,11.06,4.13
mask_46,248.9,13.75,4.54
mask_47,218.38,10.83,5.06
mask_48,236.14,13.48,4.4
mask_49,140.66,9.62,3.67
mask_50,174.02,12.32,3.55
mask_51,109.37,9.87,2.78
mask_52,254.84,14.62,4.37
mask_53,265.6,13.35,4.99
mask_54,178.34,10.43,4.29
mask_55,240.16,12.24,4.92
mask_56,162.06,12.59,3.23
mask_57,177.4,11.02,4.04
mask_58,274.39,15.08,4.57
mask_59,226.74,12.45,4.57
mask_60,279.7,13.99,5.02
mask_61,244.06,12.25,5.0
mask_62,161.29,9.29,4.36
mask_63,242.25,12.64,4.81
mask_64,145.17,10.14,3.59
mask_65,200.86,10.63,4.74
mask_66,195.61,10.07,4.87
mask_67,176.11,9.97,4.44
mask_68,263.64,13.24,5.0
mask_69,317.21,14.21,5.6
mask_70,206.0,12.48,4.14
mask_71,109.64,7.65,3.6
mask_72,235.76,13.37,4.43
mask_73,182.68,10.49,4.37
mask_74,227.84,13.57,4.21
mask_75,197.53,10.97,4.52
mask_76,226.19,11.24,5.05
mask_77,207.43,10.76,4.84
mask_78,281.49,12.89,5.48
mask_79,258.42,12.45,5.21
mask_80,154.96,12.27,3.17
mask_81,296.97,16.3,4.57
mask_82,226.3,12.6,4.51
mask_83,230.31,13.72,4.21
mask_84,163.87,10.73,3.84
mask_85,118.11,8.76,3.38
mask_86,158.7,9.52,4.19
mask_87,142.7,9.84,3.64
mask_88,258.2,13.21,4.91
mask_89,225.75,11.65,4.87
mask_90,283.39,13.18,5.4
mask_91,169.04,11.15,3.81
mask_92,116.85,8.6,3.41
mask_93,154.14,10.38,3.73
mask_94,254.95,11.71,5.47
mask_95,199.02,10.3,4.85
mask_96,221.84,10.29,5.41
mask_97,136.32,9.41,3.64
mask_98,148.69,9.66,3.86
mask_99,210.79,12.95,4.08
mask_100,222.67,12.58,4.44
mask_101,179.93,11.44,3.95
mask_102,237.57,12.25,4.87
mask_103,185.54,12.38,3.76
mask_104,219.09,13.48,4.08
mask_105,192.14,12.52,3.85
mask_106,140.44,11.15,3.16
mask_107,180.87,12.59,3.61
mask_108,160.41,10.55,3.82
mask_109,188.02,10.71,4.41
mask_110,221.02,12.32,4.5
mask_111,176.72,10.22,4.34
mask_112,205.67,11.95,4.32
mask_113,229.65,11.36,5.08
mask_114,238.18,13.12,4.56
mask_115,187.52,11.74,4.01
mask_116,256.88,13.56,4.76
mask_117,191.15,11.77,4.08
mask_118,262.98,13.28,4.97
mask_119,157.49,12.77,3.09
mask_120,222.28,10.72,5.2
mask_121,144.18,8.74,4.14
mask_122,256.05,13.42,4.79
mask_123,218.82,11.77,4.67
mask_124,133.73,8.26,4.07
mask_125,275.61,13.86,4.99
mask_126,151.61,10.3,3.7
mask_127,191.59,10.62,4.53
mask_128,194.95,9.58,5.11
mask_129,190.38,10.97,4.36
mask_130,241.78,13.29,4.57
mask_131,212.22,11.13,4.78
mask_132,267.11,13.35,5.02
mask_133,228.09,12.39,4.62
mask_134,265.95,15.06,4.43
mask_135,161.95,11.9,3.42
mask_136,216.45,12.66,4.29
mask_137,168.05,11.73,3.6
mask_138,201.6,10.81,4.68
mask_139,229.82,14.03,4.11
mask_140,160.46,9.81,4.11
mask_141,105.08,8.6,3.07
mask_142,169.87,11.91,3.58
mask_143,199.02,10.99,4.54
mask_144,236.64,12.07,4.92
mask_145,209.28,10.97,4.79
mask_146,203.25,10.7,4.77
mask_147,191.65,12.27,3.92
mask_148,180.43,12.57,3.6
mask_149,292.55,15.0,4.9
mask_150,258.42,14.97,4.33
mask_151,151.55,8.99,4.23
mask_152,135.55,11.42,2.98
mask_153,210.24,12.93,4.08
mask_154,221.62,13.58,4.1
mask_155,201.38,12.03,4.2
mask_156,164.7,9.18,4.5
mask_157,211.17,12.0,4.42
mask_158,236.36,11.89,4.99
mask_159,270.63,12.77,5.32
mask_160,220.91,12.5,4.44
mask_161,196.32,11.64,4.23
mask_162,209.58,11.73,4.49
mask_163,203.53,12.08,4.23
mask_164,124.0,8.31,3.74
mask_165,145.34,8.25,4.42
mask_166,249.95,11.63,5.4
mask_167,175.48,10.85,4.06
mask_168,303.41,14.09,5.41
mask_169,193.79,11.25,4.32
mask_170,213.81,11.06,4.85
mask_171,158.07,10.05,3.95
mask_172,120.64,8.69,3.49
mask_173,202.54,11.64,4.37
mask_174,113.99,8.98,3.19
mask_175,187.41,9.89,4.76
mask_176,194.67,11.61,4.21
mask_177,209.36,10.73,4.9
mask_178,231.47,11.77,4.94
mask_179,191.98,10.35,4.66
mask_180,208.15,11.99,4.36
mask_181,165.85,8.66,4.81
mask_182,155.95,10.49,3.73
mask_183,118.14,8.3,3.57
mask_184,207.32,10.38,5.01
mask_185,178.94,12.42,3.62
mask_186,123.01,8.94,3.45
mask_187,143.03,9.76,3.68
mask_188,230.81,15.65,3.7
mask_189,148.53,9.11,4.09
mask_190,149.49,8.55,4.39
mask_191,194.95,10.59,4.62
mask_192,219.26,12.29,4.48
mask_193,135.11,10.58,3.21
mask_194,125.26,9.63,3.27
mask_195,184.39,11.28,4.1
mask_196,276.46,12.32,5.63
mask_197,207.65,11.86,4.4
mask_198,136.59,10.44,3.29
mask_199,184.39,9.54,4.85
mask_200,136.15,11.55,2.96
mask_201,236.31,12.76,4.65
mask_202,203.64,12.03,4.25
mask_203,118.06,7.9,3.75
mask_204,177.18,11.18,3.98
mask_205,238.89,13.94,4.3
mask_206,225.31,14.71,3.85
mask_207,170.09,9.49,4.5
mask_208,171.41,10.35,4.16
mask_209,184.72,10.54,4.4
mask_210,182.24,12.87,3.55
mask_211,211.06,11.12,4.76
mask_212,194.18,10.64,4.58
mask_213,109.92,7.55,3.65
mask_214,184.33,12.07,3.83
mask_215,170.2,10.13,4.22
mask_216,164.92,10.35,4.0
mask_217,262.6,13.85,4.76
mask_218,224.76,14.49,3.89
mask_219,221.49,11.73,4.74
mask_220,228.44,11.52,4.98
mask_221,173.25,9.48,4.59
mask_222,166.18,10.98,3.8
mask_223,252.2,13.67,4.63
mask_224,146.33,6.8,5.4
mask_225,255.89,14.9,4.31
mask_226,198.03,11.49,4.33
mask_227,339.32,15.45,5.51
mask_228,102.99,6.62,3.91
mask_229,157.55,9.28,4.26
mask_230,181.86,15.37,2.97
mask_231,160.46,8.52,4.73
mask_232,140.06,9.03,3.89
mask_233,219.26,12.32,4.47
mask_234,141.05,9.34,3.79
mask_235,228.06,11.33,5.05
mask_236,205.29,11.75,4.39
mask_237,155.13,11.41,3.41
mask_238,197.42,10.74,4.61
mask_239,183.4,11.85,3.88
mask_240,161.4,10.2,3.97
mask_241,171.46,8.84,4.87
mask_242,245.16,13.17,4.67
mask_243,216.84,12.2,4.46
mask_244,190.22,9.95,4.8
mask_245,194.53,11.82,4.13
mask_246,204.13,10.8,4.74
mask_247,186.59,10.68,4.39
mask_248,181.75,11.15,4.09
mask_249,189.56,8.34,5.71
mask_250,203.09,10.46,4.87
mask_251,145.94,11.02,3.32
mask_252,185.05,11.79,3.94
mask_253,103.92,8.71,2.99
mask_254,263.42,14.64,4.52
mask_255,102.93,11.92,2.17
mask_256,136.7,8.87,3.87
mask_257,134.34,8.49,3.97
mask_258,158.37,9.93,4.0
mask_259,186.75,10.69,4.39
mask_260,144.18,11.98,3.02
mask_261,185.27,12.02,3.87
mask_262,144.02,11.36,3.18
mask_263,170.0,13.08,3.26
mask_264,176.25,9.76,4.53
mask_265,262.87,13.74,4.8
mask_266,137.69,10.5,3.29
mask_267,157.66,9.35,4.23
mask_268,127.98,8.44,3.81
mask_269,151.77,11.69,3.26
mask_270,178.12,12.61,3.55
mask_271,195.0,11.54,4.24
mask_272,145.23,10.7,3.41
mask_273,248.57,12.63,4.94
mask_274,147.1,10.26,3.6
mask_275,109.2,9.12,3.0
mask_276,202.98,11.04,4.61
mask_277,174.21,9.79,4.47
mask_278,126.2,11.22,2.82
mask_279,238.48,14.33,4.18
mask_280,119.82,10.06,2.99
mask_281,238.89,13.86,4.33
mask_282,223.33,12.34,4.54
mask_283,220.19,10.34,5.35
mask_284,174.65,11.42,3.84
mask_285,116.24,8.02,3.64
mask_286,111.57,8.36,3.35
mask_287,102.22,6.67,3.85
mask_288,222.37,11.35,4.92
mask_289,192.36,11.62,4.16
mask_290,107.17,8.64,3.11
mask_291,152.76,9.91,3.87
mask_292,157.55,10.19,3.88
mask_293,134.03,10.69,3.15
mask_294,188.87,10.43,4.55
mask_295,189.39,10.13,4.69
mask_296,234.77,13.39,4.4
mask_297,189.34,10.75,4.42
mask_298,264.96,12.54,5.3
mask_299,193.85,10.21,4.76
mask_300,122.51,7.35,4.19
mask_301,188.95,9.09,5.22
mask_302,156.45,6.84,5.63
mask_303,186.15,10.57,4.42
mask_304,206.63,11.21,4.63
mask_305,228.55,12.54,4.57
mask_306,109.26,8.46,3.24
mask_307,244.23,13.28,4.62
mask_308,284.3,13.81,5.17
mask_309,243.95,13.37,4.58
mask_310,168.77,14.13,3.0
mask_311,175.7,12.23,3.61
mask_312,141.43,7.5,4.73
mask_313,248.63,14.0,4.46
mask_314,135.82,9.88,3.45
mask_315,206.53,13.57,3.82
mask_316,113.44,7.92,3.59
mask_317,142.2,9.52,3.75
mask_318,168.88,11.19,3.79
mask_319,193.79,13.44,3.62
mask_320,156.45,10.15,3.87
mask_321,206.77,12.23,4.25
mask_322,185.27,9.93,4.68
mask_323,268.65,13.85,4.87
mask_324,244.78,12.42,4.95
mask_325,201.38,13.39,3.78
mask_326,265.9,15.01,4.45
mask_327,197.97,13.25,3.75
mask_328,129.99,9.78,3.34
mask_329,134.94,8.31,4.08
mask_330,182.57,11.52,3.98
mask_331,149.57,11.32,3.32
mask_332,177.07,9.17,4.84
mask_333,176.52,12.13,3.65
mask_334,151.14,9.42,4.03
mask_335,168.93,11.02,3.85
mask_336,141.87,9.47,3.76
mask_337,211.61,11.55,4.6
mask_338,110.74,7.84,3.54
mask_339,223.66,13.54,4.15
mask_340,188.73,10.11,4.69
mask_341,182.35,11.61,3.94
mask_342,188.71,9.18,5.16
mask_343,103.76,6.92,3.77
mask_344,95.18,7.35,3.25
mask_345,249.84,12.57,4.99
mask_346,188.13,12.81,3.69
mask_347,147.81,8.86,4.19
mask_348,176.36,10.24,4.32
mask_349,206.88,11.14,4.66
mask_350,307.5,13.17,5.86
mask_351,129.83,8.83,3.69
mask_352,218.68,10.65,5.16
mask_353,205.67,12.94,3.99
mask_354,133.07,8.75,3.82
mask_355,167.67,11.27,3.73
mask_356,154.96,12.68,3.07
mask_357,135.35,11.95,2.84
mask_358,124.0,8.34,3.73
mask_359,139.18,8.37,4.18
mask_360,166.35,9.85,4.24
mask_361,202.48,13.21,3.85
mask_362,216.62,16.47,3.3
mask_363,67.16,7.17,2.35
mask_364,139.4,8.93,3.92
mask_365,236.88,14.63,4.06
mask_366,107.36,9.27,2.91
mask_367,296.64,14.56,5.11
mask_368,131.59,8.25,4.0
mask_369,170.8,7.86,5.46
mask_370,248.1,11.96,5.21
mask_371,155.84,9.47,4.13
mask_372,182.3,10.36,4.42
mask_373,185.1,12.13,3.83
mask_374,120.7,6.89,4.4
mask_375,107.22,8.35,3.22
mask_376,187.14,10.32,4.55
mask_377,208.42,11.59,4.52
mask_378,166.13,7.75,5.38
mask_379,150.62,9.7,3.9
mask_380,165.52,9.85,4.22
mask_381,193.35,12.45,3.9
mask_382,212.22,11.86,4.49
mask_383,262.87,15.7,4.2
mask_384,74.77,7.43,2.53
mask_385,130.02,6.06,5.39
mask_386,169.26,12.18,3.49
mask_387,203.64,9.58,5.33
mask_388,264.36,17.34,3.83
mask_389,110.03,9.42,2.93
mask_390,246.54,13.15,4.71
mask_391,143.47,9.53,3.78
mask_392,133.95,8.95,3.76
mask_393,160.74,10.23,3.94
mask_394,201.71,10.55,4.8
mask_395,205.56,11.88,4.34
mask_396,164.64,9.6,4.31
MaskID,Area(mm^2),Length(mm),Width(mm)
mask_0,384.5,16.66,5.79
mask_1,356.37,14.79,6.05
mask_2,354.06,14.36,6.19
mask_3,315.78,14.18,5.59
mask_4,380.63,14.65,6.52
mask_5,395.97,15.6,6.37
mask_6,332.81,14.81,5.64
mask_7,320.02,14.89,5.39
mask_8,401.58,16.55,6.09
mask_9,323.76,11.41,7.12
mask_10,358.57,14.35,6.27
mask_11,376.06,14.54,6.49
mask_12,335.91,14.3,5.9
mask_13,451.66,17.7,6.41
mask_14,398.04,15.41,6.48
mask_15,358.99,14.67,6.14
mask_16,362.09,15.74,5.78
mask_17,358.21,13.37,6.73
mask_18,375.73,14.54,6.49
mask_19,336.96,15.4,5.49
mask_20,382.72,15.37,6.25
mask_21,411.76,17.85,5.79
mask_22,391.38,16.52,5.95
mask_23,367.7,15.46,5.97
mask_24,327.03,13.29,6.18
mask_25,416.51,18.19,5.75
mask_26,391.05,14.85,6.61
mask_27,327.96,17.21,4.78
mask_28,374.14,16.76,5.6
mask_29,338.33,14.87,5.71
mask_30,429.63,15.9,6.78
mask_31,338.77,14.35,5.93
mask_32,274.34,14.12,4.88
mask_33,375.79,16.82,5.61
mask_34,341.47,15.18,5.65
mask_35,307.75,13.31,5.8
mask_36,343.56,15.21,5.67
mask_37,392.92,15.84,6.23
mask_38,376.89,17.41,5.44
mask_39,335.31,15.05,5.59
mask_40,376.5,16.65,5.68
mask_41,350.41,15.7,5.6
mask_42,347.52,15.71,5.55
mask_43,289.33,14.96,4.86
mask_44,394.82,16.87,5.88
mask_45,344.66,14.74,5.87
mask_46,398.89,16.62,6.02
mask_47,373.2,15.16,6.18
mask_48,319.14,13.47,5.95
mask_49,334.32,16.79,5.0
mask_50,365.89,15.18,6.05
mask_51,381.56,16.09,5.95
mask_52,416.76,15.79,6.62
mask_53,370.67,16.44,5.66
mask_54,361.43,15.75,5.76
mask_55,352.69,16.05,5.52
mask_56,330.3,15.4,5.39
mask_57,320.26,14.91,5.39
mask_58,384.81,15.33,6.3
mask_59,345.43,16.02,5.41
mask_60,356.79,14.19,6.31
mask_61,368.2,14.81,6.24
mask_62,343.01,14.17,6.07
mask_63,343.04,16.0,5.38
mask_64,363.88,15.37,5.94
mask_65,399.02,16.47,6.08
mask_66,391.41,17.11,5.74
mask_67,311.3,15.48,5.05
mask_68,379.2,16.03,5.94
mask_69,315.26,15.25,5.19
mask_70,315.59,13.21,6.0
mask_71,355.99,15.93,5.61
mask_72,339.05,14.24,5.97
mask_73,302.47,15.22,4.99
mask_74,385.52,15.09,6.41
mask_75,268.65,11.29,5.97
mask_76,341.08,14.49,5.91
mask_77,397.18,16.83,5.92
mask_78,372.82,16.25,5.76
mask_79,291.94,14.88,4.92
mask_80,312.92,13.92,5.64
mask_81,377.44,15.54,6.1
mask_82,307.2,15.42,5.0
mask_83,359.12,15.32,5.89
mask_84,294.75,12.71,5.82
mask_85,403.62,16.51,6.14
mask_86,381.95,18.23,5.26
mask_87,370.95,16.41,5.68
mask_88,335.58,16.04,5.25
mask_89,361.68,14.36,6.32
mask_90,352.85,15.72,5.63
mask_91,367.21,16.28,5.66
mask_92,422.73,17.34,6.12
mask_93,337.2,13.32,6.35
mask_94,328.16,15.82,5.21
mask_95,320.62,17.48,4.61
mask_96,375.18,16.16,5.83
mask_97,381.12,16.23,5.9
mask_98,407.74,17.49,5.85
mask_99,327.31,14.02,5.86
mask_100,345.65,14.54,5.97
mask_101,371.55,16.23,5.75
mask_102,386.32,16.64,5.83
mask_103,369.08,15.21,6.09
mask_104,328.21,15.16,5.43
mask_105,319.8,13.81,5.81
mask_106,382.63,15.18,6.33
mask_107,387.61,15.56,6.25
mask_108,316.03,14.13,5.61
mask_109,341.22,12.76,6.71
mask_110,386.29,16.3,5.95
mask_111,365.5,15.12,6.07
mask_112,324.03,15.71,5.18
mask_113,391.74,16.5,5.96
mask_114,376.83,16.46,5.75
mask_115,304.18,12.41,6.15
mask_116,366.57,14.03,6.56
mask_117,390.67,15.81,6.2
mask_118,322.82,15.84,5.12
mask_119,354.58,16.16,5.51
mask_120,328.6,15.23,5.42
mask_121,379.97,16.18,5.9
mask_122,265.02,12.2,5.45
mask_123,339.6,15.65,5.45
mask_124,257.89,14.12,4.58
mask_125,309.54,17.11,4.54
mask_126,301.32,14.96,5.06
mask_127,352.14,15.67,5.64
mask_128,342.4,14.67,5.86
mask_129,372.07,15.64,5.97
mask_130,337.4,13.37,6.33
mask_131,364.24,15.17,6.03
mask_132,425.78,16.5,6.48
mask_133,313.86,13.01,6.06
mask_134,316.94,14.5,5.49
mask_135,356.62,13.93,6.43
mask_136,365.64,20.76,4.42
mask_137,368.8,15.54,5.96
mask_138,418.03,15.15,6.93
mask_139,327.08,13.61,6.03
mask_140,387.37,15.47,6.29
mask_141,388.27,16.98,5.74
mask_142,327.86,12.78,6.44
mask_143,358.11,15.5,5.8
mask_144,312.04,12.91,6.07
mask_145,360.83,15.29,5.92
mask_146,348.15,13.69,6.38
mask_147,291.31,13.77,5.31
mask_148,296.64,13.22,5.63
mask_149,305.22,14.65,5.23
mask_150,336.52,14.76,5.72
mask_151,294.63,12.27,6.03
mask_152,346.23,15.06,5.77
mask_153,329.97,13.44,6.16
mask_154,365.12,15.88,5.77
mask_155,391.08,15.53,6.32
mask_156,309.13,15.3,5.07
mask_157,319.25,14.33,5.59
mask_158,302.39,16.22,4.68
mask_159,346.25,13.57,6.4
mask_160,291.44,14.25,5.14
mask_161,325.85,13.84,5.91
mask_162,255.34,14.49,4.42
mask_163,365.25,16.03,5.72
mask_164,350.21,15.12,5.81
mask_165,314.74,13.74,5.75
mask_166,311.25,17.18,4.55
mask_167,304.95,14.82,5.17
mask_168,358.85,15.82,5.69
mask_169,350.93,14.52,6.06
mask_170,286.74,15.42,4.67
mask_171,315.07,13.81,5.73
mask_172,436.81,15.97,6.87
mask_173,317.98,13.64,5.85
mask_174,390.94,16.68,5.88
mask_175,384.5,14.61,6.61
mask_176,355.46,16.37,5.45
mask_177,325.02,13.38,6.1
mask_178,349.88,16.3,5.39
mask_179,348.59,17.3,5.06
mask_180,320.24,16.8,4.79
mask_181,352.85,13.62,6.51
mask_182,309.73,15.37,5.06
mask_183,234.35,10.95,5.37
mask_184,257.65,15.29,4.23
mask_185,281.46,16.73,4.22
mask_186,278.44,14.7,4.75
mask_187,327.61,14.24,5.78
mask_188,220.66,13.02,4.25
mask_189,283.22,13.87,5.12
mask_190,245.79,13.17,4.68
mask_191,243.18,12.29,4.97
mask_192,286.25,15.25,4.71
mask_193,292.88,24.78,2.97
MaskID,Area(mm^2),Length(mm),Width(mm)
mask_0,172.95,10.9,3.98
mask_1,179.11,11.37,3.95
mask_2,136.37,9.54,3.59
mask_3,162.28,10.03,4.06
mask_4,203.58,12.39,4.13
mask_5,227.67,14.26,4.01
mask_6,166.95,9.8,4.28
mask_7,193.49,10.96,4.43
mask_8,204.24,13.24,3.87
mask_9,183.67,11.45,4.03
mask_10,144.62,10.21,3.55
mask_11,167.94,10.24,4.12
MaskID,Area(mm^2),Length(mm),Width(mm)
mask_0,241.64,13.3,4.56
mask_1,271.51,12.88,5.29
mask_2,263.81,12.36,5.36
mask_3,324.25,15.21,5.35
mask_4,248.08,12.06,5.16
mask_5,230.81,12.32,4.7
mask_6,242.91,11.96,5.1
mask_7,267.93,11.66,5.77
mask_8,286.08,13.72,5.23
mask_9,233.64,13.54,4.33
mask_10,292.9,14.91,4.93
mask_11,302.64,14.84,5.12
mask_12,183.89,11.98,3.85
mask_13,322.33,15.25,5.31
mask_14,281.74,15.16,4.67
mask_15,292.05,14.23,5.15
mask_16,249.18,12.56,4.98
mask_17,174.71,9.77,4.49
mask_18,258.64,11.18,5.81
mask_19,257.7,12.49,5.18
mask_20,209.58,12.21,4.31
mask_21,190.11,11.03,4.32
mask_22,287.79,13.15,5.49
mask_23,213.04,9.88,5.41
mask_24,269.42,12.73,5.31
mask_25,262.27,12.81,5.14
mask_26,247.69,12.23,5.09
mask_27,213.54,12.91,4.15
mask_28,186.7,10.57,4.44
mask_29,161.89,9.13,4.45
mask_30,240.74,12.38,4.88
mask_31,261.61,15.45,4.25
mask_32,243.18,12.58,4.85
mask_33,205.23,11.7,4.4
mask_34,258.23,14.38,4.51
mask_35,342.02,17.07,5.03
mask_36,234.6,12.07,4.88
mask_37,139.95,8.18,4.29
mask_38,257.54,13.93,4.64
mask_39,210.07,13.34,3.95
mask_40,223.33,12.4,4.52
mask_41,256.44,15.34,4.2
mask_42,203.25,10.6,4.81
mask_43,236.03,13.43,4.41
mask_44,245.0,12.27,5.01
mask_45,182.41,11.14,4.11
mask_46,243.68,11.9,5.14
mask_47,167.06,9.6,4.37
mask_48,180.92,10.63,4.27
mask_49,245.44,11.88,5.19
mask_50,190.33,9.85,4.85
mask_51,236.42,12.38,4.79
mask_52,240.76,10.8,5.6
mask_53,281.79,13.89,5.09
mask_54,161.23,9.76,4.15
mask_55,253.41,13.04,4.88
mask_56,205.01,11.93,4.31
mask_57,181.09,11.47,3.96
mask_58,305.72,15.49,4.95
mask_59,312.48,13.13,5.97
mask_60,228.11,11.79,4.86
mask_61,146.66,9.76,3.77
mask_62,192.69,11.24,4.3
mask_63,164.64,9.7,4.26
mask_64,218.49,12.77,4.3
mask_65,361.68,15.5,5.86
mask_66,165.3,10.91,3.8
mask_67,225.91,12.07,4.7
mask_68,300.38,15.53,4.86
mask_69,226.24,11.0,5.16
mask_70,244.94,11.96,5.14
mask_71,262.87,12.61,5.23
mask_72,215.79,10.67,5.08
mask_73,177.43,12.27,3.63
mask_74,91.93,7.87,2.93
mask_75,302.86,13.73,5.54
mask_76,283.88,15.83,4.5
mask_77,242.74,14.24,4.28
mask_78,86.54,7.39,2.94
mask_79,163.82,9.57,4.3
mask_80,172.18,10.99,3.93
mask_81,172.23,10.57,4.09
mask_82,188.95,10.87,4.36
mask_83,224.76,11.35,4.97
mask_84,282.01,14.04,5.04
mask_85,201.33,10.23,4.94
mask_86,220.58,11.31,4.89
mask_87,199.02,11.72,4.26
mask_88,234.05,12.58,4.67
mask_89,127.02,10.05,3.17
mask_90,160.68,11.65,3.46
mask_91,237.96,12.5,4.78
mask_92,164.97,10.33,4.01
mask_93,188.07,10.06,4.69
mask_94,249.78,12.62,4.97
mask_95,194.01,11.53,4.22
mask_96,121.69,8.68,3.52
mask_97,215.35,11.66,4.63
mask_98,228.66,12.65,4.54
mask_99,232.68,11.09,5.27
mask_100,147.76,8.59,4.32
mask_101,239.77,13.01,4.63
mask_102,183.12,13.28,3.46
mask_103,240.98,11.34,5.34
mask_104,188.4,9.24,5.12
mask_105,137.03,8.41,4.09
mask_106,165.03,9.57,4.33
mask_107,248.88,10.98,5.69
mask_108,214.36,11.64,4.62
mask_109,238.73,14.33,4.18
mask_110,226.66,13.24,4.3
mask_111,187.19,11.1,4.23
mask_112,221.35,10.26,5.41
mask_113,178.28,15.66,2.86
mask_114,225.36,12.53,4.51
mask_115,219.53,11.83,4.66
mask_116,162.61,11.72,3.48
mask_117,298.18,15.05,4.97
mask_118,234.05,12.62,4.66
mask_119,196.87,11.65,4.24
mask_120,216.45,12.65,4.3
mask_121,220.41,11.39,4.86
mask_122,219.97,13.17,4.19
mask_123,190.16,13.75,3.47
mask_124,172.45,12.95,3.34
mask_125,155.35,11.41,3.42
mask_126,193.74,10.89,4.47
mask_127,207.6,10.65,4.9
mask_128,208.2,9.91,5.27
mask_129,166.4,10.04,4.16
mask_130,200.94,11.04,4.57
mask_131,157.33,10.63,3.72
mask_132,132.08,9.27,3.58
mask_133,261.36,13.49,4.86
mask_134,196.27,10.48,4.7
mask_135,168.44,10.66,3.97
mask_136,190.66,11.8,4.06
mask_137,204.57,11.13,4.61
mask_138,316.55,14.93,5.32
mask_139,242.03,18.75,3.24
mask_140,202.87,10.97,4.64
mask_141,214.75,11.45,4.71
mask_142,189.39,10.69,4.45
mask_143,205.01,13.74,3.74
mask_144,174.32,10.94,4.0
mask_145,266.04,13.73,4.87
mask_146,166.62,12.04,3.47
mask_147,228.06,12.71,4.5
mask_148,165.36,13.0,3.19
mask_149,141.32,9.62,3.69
mask_150,168.71,11.09,3.82
mask_151,188.62,11.07,4.28
mask_152,213.81,11.52,4.66
mask_153,201.27,10.88,4.64
mask_154,214.03,12.34,4.35
mask_155,213.92,11.04,4.86
mask_156,213.37,13.07,4.1
mask_157,173.83,11.48,3.8
mask_158,274.92,11.92,5.79
mask_159,249.4,12.3,5.09
mask_160,121.74,8.23,3.71
mask_161,179.88,10.27,4.4
mask_162,319.25,14.92,5.37
mask_163,182.13,9.39,4.87
mask_164,185.43,11.23,4.15
mask_165,198.03,11.52,4.31
mask_166,224.76,14.11,4.0
mask_167,287.68,13.52,5.34
mask_168,171.41,9.65,4.46
mask_169,157.11,10.95,3.6
mask_170,194.51,10.39,4.7
mask_171,129.61,9.47,3.44
mask_172,301.07,14.2,5.32
mask_173,121.58,8.68,3.52
mask_174,199.68,12.61,3.98
mask_175,151.22,10.54,3.6
mask_176,193.02,10.43,4.64
mask_177,208.86,10.25,5.12
mask_178,179.85,10.9,4.14
mask_179,213.98,14.18,3.79
mask_180,237.63,12.8,4.66
mask_181,239.66,12.8,4.7
mask_182,280.91,13.98,5.04
mask_183,174.49,9.55,4.59
mask_184,199.62,9.46,5.3
mask_185,278.11,13.46,5.19
mask_186,228.58,12.35,4.65
mask_187,163.32,12.63,3.25
mask_188,140.17,10.71,3.28
mask_189,251.43,15.31,4.12
mask_190,132.41,9.44,3.52
mask_191,232.84,12.52,4.67
mask_192,158.92,10.65,3.75
mask_193,197.92,10.76,4.62
mask_194,231.36,11.68,4.97
mask_195,154.88,9.77,3.98
mask_196,173.83,11.88,3.67
mask_197,182.57,10.96,4.18
mask_198,194.59,11.03,4.43
mask_199,196.6,10.34,4.77
mask_200,152.98,8.83,4.35
mask_201,190.22,12.17,3.92
mask_202,177.95,12.17,3.67
mask_203,211.83,12.39,4.29
mask_204,176.8,11.23,3.95
mask_205,173.77,9.29,4.7
mask_206,255.78,12.39,5.18
mask_207,243.73,12.15,5.04
mask_208,202.54,11.54,4.41
mask_209,175.86,8.24,5.36
mask_210,236.22,12.93,4.59
mask_211,173.5,9.48,4.59
mask_212,170.8,10.31,4.16
mask_213,127.68,9.67,3.32
mask_214,167.28,11.38,3.69
mask_215,148.58,9.98,3.74
mask_216,217.55,12.04,4.54
mask_217,263.92,13.3,4.98
mask_218,119.21,8.96,3.34
mask_219,108.98,8.38,3.27
mask_220,163.98,10.74,3.83
mask_221,237.08,12.23,4.87
mask_222,132.41,9.46,3.51
mask_223,208.48,11.46,4.57
mask_224,213.43,10.88,4.93
mask_225,136.37,10.24,3.34
mask_226,165.8,10.51,3.96
mask_227,161.34,10.94,3.7
mask_228,132.14,10.37,3.2
mask_229,129.53,9.8,3.32
mask_230,367.92,20.05,4.61
mask_231,194.62,9.99,4.89
mask_232,188.62,12.61,3.75
mask_233,241.34,16.53,3.67
mask_234,245.41,16.3,3.78
mask_235,218.71,14.36,3.82
mask_236,266.14,13.63,4.9
mask_237,154.47,9.54,4.07
mask_238,210.59,12.2,4.33
mask_239,171.52,12.03,3.58
mask_240,260.56,12.73,5.14
mask_241,128.89,10.4,3.11
mask_242,145.5,9.68,3.77
mask_243,146.93,10.59,3.48
mask_244,236.03,12.97,4.57
mask_245,199.51,11.29,4.44
mask_246,149.35,11.29,3.32
mask_247,198.74,10.05,4.97
mask_248,220.36,12.59,4.39
mask_249,166.4,9.67,4.32
mask_250,220.8,11.75,4.72
mask_251,187.08,10.54,4.45
mask_252,195.99,11.36,4.33
mask_253,130.96,7.75,4.24
mask_254,280.23,15.4,4.57
mask_255,215.63,12.22,4.43
mask_256,143.19,8.88,4.05
mask_257,148.97,10.1,3.7
mask_258,126.58,9.71,3.27
mask_259,182.08,8.04,5.68
mask_260,174.87,12.14,3.62
mask_261,221.57,11.95,4.65
mask_262,143.3,10.6,3.39
mask_263,170.25,9.71,4.4
mask_264,208.81,10.97,4.78
mask_265,172.18,11.22,3.85
mask_266,154.52,10.53,3.68
mask_267,206.28,12.13,4.27
mask_268,139.67,10.18,3.44
mask_269,132.47,8.03,4.14
mask_270,159.58,13.0,3.08
mask_271,211.72,12.62,4.21
mask_272,171.68,9.44,4.56
mask_273,163.49,9.59,4.28
mask_274,167.75,11.25,3.74
mask_275,217.77,11.77,4.65
mask_276,147.32,10.55,3.5
mask_277,130.1,8.39,3.89
mask_278,196.82,13.35,3.7
mask_279,170.53,11.77,3.64
mask_280,148.03,12.19,3.05
mask_281,210.76,12.57,4.21
mask_282,225.42,13.14,4.3
mask_283,167.17,9.42,4.45
mask_284,174.82,9.71,4.52
mask_285,180.87,10.78,4.21
mask_286,176.08,10.38,4.26
mask_287,111.35,7.8,3.58
mask_288,199.29,12.9,3.88
mask_289,196.65,11.84,4.17
mask_290,137.91,9.56,3.62
mask_291,247.42,12.97,4.79
mask_292,117.56,8.77,3.37
mask_293,234.6,13.53,4.35
mask_294,196.62,12.36,3.99
mask_295,234.0,11.65,5.04
mask_296,132.08,9.07,3.66
mask_297,134.56,9.28,3.64
mask_298,279.81,13.83,5.08
mask_299,120.64,8.97,3.38
mask_300,159.91,9.66,4.15
mask_301,146.0,9.46,3.87
mask_302,294.61,17.48,4.23
mask_303,234.0,12.36,4.75
mask_304,103.76,8.3,3.14
mask_305,236.58,13.99,4.25
mask_306,174.71,12.19,3.6
mask_307,259.52,13.3,4.9
mask_308,267.05,14.04,4.77
mask_309,244.28,15.78,3.89
mask_310,248.19,10.15,6.14
mask_311,85.44,7.66,2.8
mask_312,183.01,12.01,3.82
mask_313,176.52,11.56,3.83
mask_314,123.39,9.09,3.41
mask_315,250.72,13.14,4.79
mask_316,235.7,10.92,5.42
mask_317,104.2,8.94,2.92
mask_318,191.76,12.16,3.96
mask_319,177.57,11.13,4.0
mask_320,170.14,10.81,3.95
mask_321,235.68,15.22,3.89
mask_322,183.01,10.7,4.29
mask_323,164.26,11.84,3.48
mask_324,175.2,13.31,3.3
mask_325,183.62,12.1,3.81
mask_326,192.09,10.68,4.51
mask_327,150.4,9.8,3.85
mask_328,164.26,10.1,4.08
mask_329,113.44,9.21,3.09
mask_330,186.42,10.41,4.49
mask_331,87.64,6.61,3.33
mask_332,159.69,10.54,3.8
mask_333,210.51,11.86,4.46
mask_334,192.25,12.14,3.98
mask_335,160.79,10.96,3.68
mask_336,271.89,12.62,5.41
mask_337,188.24,9.32,5.07
mask_338,169.59,11.26,3.78
mask_339,152.54,10.79,3.55
mask_340,226.85,13.88,4.1
mask_341,229.87,13.79,4.19
mask_342,189.78,12.06,3.95
mask_343,217.99,15.68,3.49
mask_344,133.35,9.76,3.43
mask_345,186.64,11.16,4.2
mask_346,247.72,11.2,5.55
mask_347,170.47,6.8,6.28
mask_348,188.13,9.92,4.76
mask_349,227.78,13.46,4.25
mask_350,236.31,14.53,4.08
mask_351,200.34,12.69,3.96
mask_352,143.74,12.4,2.91
mask_353,256.33,12.0,5.36
mask_354,175.37,9.85,4.47
mask_355,195.72,11.63,4.22
mask_356,220.85,11.98,4.63
mask_357,249.43,13.26,4.72
mask_358,107.83,7.68,3.52
mask_359,172.34,9.74,4.44
mask_360,129.66,10.3,3.16
mask_361,240.76,12.03,5.02
mask_362,208.72,13.05,4.02
mask_363,192.75,10.38,4.66
mask_364,196.16,12.14,4.06
mask_365,148.86,9.16,4.08
mask_366,177.95,13.32,3.35
mask_367,221.65,11.61,4.79
mask_368,103.26,7.71,3.36
mask_369,161.07,10.43,3.88
mask_370,162.66,11.43,3.57
mask_371,151.99,9.52,4.01
mask_372,149.63,9.82,3.83
mask_373,180.15,11.51,3.93
mask_374,119.54,7.98,3.76
mask_375,221.9,11.32,4.92
mask_376,117.89,7.15,4.14
mask_377,107.17,7.24,3.71
mask_378,193.57,11.54,4.21
mask_379,169.87,9.35,4.56
mask_380,159.58,11.98,3.34
mask_381,81.04,7.99,2.55
mask_382,142.31,8.81,4.06
mask_383,205.23,10.98,4.69
mask_384,210.71,13.72,3.86
mask_385,199.62,10.32,4.86
mask_386,110.63,9.19,3.02
mask_387,159.03,12.09,3.3
mask_388,194.56,10.07,4.85
mask_389,224.92,12.29,4.59
mask_390,131.59,9.4,3.51
mask_391,167.45,11.76,3.57
mask_392,193.79,10.91,4.46
mask_393,217.47,10.97,4.98
mask_394,147.81,11.33,3.27
mask_395,131.09,10.79,3.05
mask_396,165.14,9.89,4.19
mask_397,219.56,13.01,4.23
mask_398,135.49,9.53,3.57
mask_399,138.41,13.28,2.62
MaskID,Area(mm^2),Length(mm),Width(mm)
mask_0,158.98,12.67,3.15
mask_1,133.84,10.79,3.11
mask_2,226.3,12.64,4.49
mask_3,248.24,13.66,4.56
mask_4,118.11,9.47,3.13
mask_5,145.28,12.98,2.81
MaskID,Area(mm^2),Length(mm),Width(mm)
mask_0,290.87,14.36,5.09
mask_1,316.33,13.85,5.73
mask_2,237.22,12.14,4.91
mask_3,289.3,14.38,5.05
mask_4,236.72,14.03,4.24
mask_5,180.81,9.37,4.84
mask_6,298.02,13.61,5.5
mask_7,232.57,11.49,5.08
mask_8,274.81,15.5,4.45
mask_9,247.36,13.77,4.51
mask_10,230.72,13.0,4.46
mask_11,308.41,14.88,5.2
mask_12,193.9,11.29,4.31
mask_13,293.2,13.67,5.38
mask_14,231.58,14.21,4.09
mask_15,229.76,12.27,4.7
mask_16,196.71,8.78,5.62
mask_17,221.18,13.55,4.1
mask_18,256.99,12.86,5.01
mask_19,224.54,12.14,4.64
mask_20,279.01,13.22,5.3
mask_21,318.92,13.55,5.91
mask_22,263.31,13.22,5.0
mask_23,234.22,12.02,4.89
mask_24,248.57,12.8,4.87
mask_25,260.34,14.33,4.56
mask_26,233.12,12.29,4.76
mask_27,205.73,10.6,4.87
mask_28,266.23,12.44,5.37
mask_29,222.78,13.01,4.3
mask_30,247.64,14.41,4.31
mask_31,236.58,11.23,5.29
mask_32,153.42,9.75,3.95
mask_33,266.06,13.85,4.82
mask_34,130.71,8.89,3.69
mask_35,218.76,9.53,5.76
mask_36,316.61,14.35,5.54
mask_37,231.69,12.61,4.61
mask_38,232.02,12.65,4.6
mask_39,240.98,12.32,4.91
mask_40,232.07,13.76,4.23
mask_41,268.04,13.56,4.96
mask_42,253.33,12.02,5.29
mask_43,252.81,12.21,5.2
mask_44,258.8,13.13,4.95
mask_45,229.87,11.62,4.97
mask_46,232.35,10.96,5.32
mask_47,168.82,9.93,4.27
mask_48,208.92,12.55,4.18
mask_49,258.53,12.31,5.27
mask_50,182.08,9.37,4.88
mask_51,270.9,14.08,4.83
mask_52,264.3,12.72,5.22
mask_53,242.96,11.52,5.29
mask_54,235.7,11.73,5.05
mask_55,209.41,10.93,4.81
mask_56,181.91,10.12,4.51
mask_57,227.89,13.03,4.39
mask_58,245.0,12.26,5.02
mask_59,177.18,10.52,4.23
mask_60,232.38,11.43,5.1
mask_61,180.98,11.95,3.8
mask_62,265.18,14.68,4.54
mask_63,279.26,15.35,4.57
mask_64,321.61,16.24,4.97
mask_65,328.38,14.04,5.87
mask_66,179.49,9.18,4.91
mask_67,165.03,10.94,3.79
mask_68,243.02,11.23,5.43
mask_69,239.22,12.03,4.99
mask_70,166.51,10.28,4.07
mask_71,203.2,10.27,4.97
mask_72,209.74,10.5,5.02
mask_73,247.28,12.5,4.96
mask_74,267.52,13.8,4.87
mask_75,273.32,13.73,5.0
mask_76,261.55,13.58,4.83
mask_77,317.27,15.34,5.19
mask_78,202.76,12.09,4.21
mask_79,222.34,12.23,4.56
mask_80,229.98,12.97,4.45
mask_81,244.67,13.54,4.54
mask_82,219.64,12.96,4.25
mask_83,199.49,15.12,3.31
mask_84,288.56,12.37,5.85
mask_85,333.38,17.15,4.88
mask_86,292.52,13.1,5.6
mask_87,298.46,13.37,5.6
mask_88,246.65,13.91,4.45
mask_89,243.13,11.9,5.13
mask_90,230.48,11.74,4.93
mask_91,219.64,11.49,4.8
mask_92,280.25,14.25,4.94
mask_93,236.03,12.09,4.9
mask_94,134.01,7.22,4.66
mask_95,179.05,11.11,4.05
mask_96,134.39,9.89,3.41
mask_97,206.33,10.8,4.79
mask_98,222.39,12.4,4.5
mask_99,328.74,15.91,5.19
mask_100,267.88,15.24,4.41
mask_101,212.88,14.63,3.65
mask_102,153.2,9.87,3.9
mask_103,276.9,13.16,5.28
mask_104,168.82,8.63,4.91
mask_105,223.38,11.6,4.84
mask_106,201.6,12.89,3.93
mask_107,244.06,12.67,4.83
mask_108,243.93,12.59,4.86
mask_109,238.4,12.21,4.9
mask_110,180.87,11.11,4.09
mask_111,285.31,14.04,5.1
mask_112,194.4,10.8,4.52
mask_113,236.44,13.76,4.31
mask_114,230.42,12.15,4.76
mask_115,217.5,12.69,4.3
mask_116,260.67,12.79,5.11
mask_117,286.74,15.73,4.57
mask_118,190.99,11.76,4.08
mask_119,140.88,9.53,3.71
mask_120,243.73,13.33,4.59
mask_121,232.9,12.56,4.65
mask_122,201.38,11.9,4.25
mask_123,263.92,13.93,4.76
mask_124,143.36,8.57,4.2
mask_125,272.94,16.77,4.08
mask_126,217.44,11.21,4.87
mask_127,185.76,10.86,4.29
mask_128,240.65,13.44,4.49
mask_129,179.33,11.38,3.95
mask_130,148.42,9.78,3.81
mask_131,256.33,16.16,3.98
mask_132,213.92,11.08,4.85
mask_133,173.66,11.29,3.86
mask_134,238.07,12.52,4.77
mask_135,149.79,9.33,4.03
mask_136,271.23,13.25,5.14
mask_137,191.15,12.75,3.76
mask_138,234.96,12.72,4.64
mask_139,257.15,13.97,4.62
mask_140,194.51,11.73,4.16
mask_141,130.21,9.07,3.6
mask_142,235.65,12.72,4.65
mask_143,252.31,12.96,4.89
mask_144,253.96,14.75,4.32
mask_145,238.4,12.3,4.86
mask_146,193.63,12.97,3.75
mask_147,163.54,10.11,4.06
mask_148,129.88,9.69,3.36
mask_149,111.07,9.65,2.89
mask_150,120.31,9.42,3.21
mask_151,218.54,11.92,4.6
mask_152,147.59,9.06,4.09
mask_153,208.7,13.68,3.83
mask_154,244.67,13.56,4.53
mask_155,209.36,12.64,4.16
mask_156,223.82,12.38,4.54
mask_157,261.72,13.32,4.93
mask_158,194.45,11.78,4.14
mask_159,182.41,11.66,3.93
mask_160,175.31,9.49,4.64
mask_161,239.55,12.76,4.71
mask_162,223.16,12.13,4.62
mask_163,140.99,10.04,3.53
mask_164,138.63,9.28,3.75
mask_165,182.68,9.47,4.84
mask_166,198.69,11.68,4.27
mask_167,176.58,11.11,3.99
mask_168,240.65,14.1,4.28
mask_169,267.49,12.42,5.4
mask_170,238.21,11.74,5.09
mask_171,248.08,13.7,4.54
mask_172,220.14,12.07,4.58
mask_173,197.7,12.03,4.13
mask_174,215.79,12.18,4.45
mask_175,246.32,12.29,5.03
mask_176,264.41,11.83,5.61
mask_177,155.62,10.71,3.65
mask_178,134.39,9.74,3.47
mask_179,172.45,10.68,4.05
mask_180,195.61,12.4,3.96
mask_181,201.38,12.27,4.12
mask_182,222.5,12.27,4.55
mask_183,181.97,8.18,5.59
mask_184,198.8,11.93,4.18
mask_185,215.24,12.28,4.4
mask_186,180.59,10.47,4.33
mask_187,238.45,13.11,4.57
mask_188,210.62,12.24,4.32
mask_189,231.08,12.16,4.77
mask_190,177.51,10.19,4.37
mask_191,254.02,12.07,5.28
mask_192,266.28,13.42,4.98
mask_193,259.63,12.18,5.35
mask_194,153.7,9.32,4.14
mask_195,240.93,11.86,5.1
mask_196,255.86,12.69,5.06
mask_197,254.71,11.84,5.4
mask_198,153.86,9.89,3.91
mask_199,213.51,11.66,4.6
mask_200,207.82,11.22,4.65
mask_201,131.53,8.59,3.85
mask_202,237.02,11.67,5.1
mask_203,257.26,14.31,4.51
mask_204,256.71,13.84,4.66
mask_205,130.76,11.28,2.91
mask_206,267.93,13.34,5.04
mask_207,213.7,10.3,5.21
mask_208,189.56,9.62,4.95
mask_209,137.42,8.66,3.99
mask_210,181.8,9.83,4.64
mask_211,176.69,11.56,3.84
mask_212,125.43,8.64,3.65
mask_213,226.22,13.66,4.16
mask_214,261.63,11.84,5.55
mask_215,262.82,12.77,5.17
mask_216,232.24,12.35,4.72
mask_217,226.24,13.25,4.29
mask_218,186.75,13.87,3.38
mask_219,172.73,9.84,4.41
mask_220,188.73,9.36,5.06
mask_221,120.26,8.97,3.37
mask_222,215.13,10.77,5.01
mask_223,174.43,13.04,3.36
mask_224,201.55,10.97,4.61
mask_225,201.0,12.44,4.06
mask_226,184.39,10.88,4.26
mask_227,134.23,9.87,3.41
mask_228,138.52,8.38,4.15
mask_229,207.98,10.66,4.9
mask_230,224.26,15.86,3.55
mask_231,147.65,9.96,3.72
mask_232,165.3,11.06,3.75
mask_233,190.27,9.52,5.02
mask_234,166.13,9.86,4.23
mask_235,235.15,12.26,4.81
mask_236,249.75,13.6,4.61
mask_237,131.75,8.72,3.79
mask_238,169.7,11.7,3.64
mask_239,250.83,13.24,4.75
mask_240,232.59,12.93,4.51
mask_241,235.15,12.24,4.82
mask_242,173.5,10.04,4.34
mask_243,217.99,13.35,4.1
mask_244,237.54,11.56,5.16
mask_245,238.62,14.98,4.0
mask_246,162.66,9.91,4.12
mask_247,199.71,11.0,4.56
mask_248,146.22,10.72,3.42
mask_249,113.44,9.59,2.97
mask_250,139.62,10.31,3.4
mask_251,142.31,8.1,4.41
mask_252,198.08,13.44,3.7
mask_253,163.65,10.34,3.97
mask_254,260.07,14.89,4.38
mask_255,151.61,12.34,3.08
mask_256,208.64,11.07,4.73
mask_257,224.32,9.96,5.65
mask_258,174.32,9.98,4.38
mask_259,213.76,11.08,4.84
mask_260,249.45,13.83,4.53
mask_261,150.7,9.35,4.05
mask_262,150.4,11.2,3.37
mask_263,235.68,14.02,4.22
mask_264,225.14,13.1,4.31
mask_265,226.79,12.44,4.58
mask_266,150.29,9.38,4.02
mask_267,91.99,8.1,2.85
mask_268,98.31,8.28,2.98
mask_269,98.48,7.94,3.11
mask_270,227.12,12.39,4.6
mask_271,162.03,9.22,4.41
mask_272,206.33,12.53,4.13
mask_273,189.45,9.98,4.76
mask_274,173.28,12.48,3.49
mask_275,139.56,10.79,3.25
mask_276,238.73,13.65,4.39
mask_277,261.44,12.57,5.22
mask_278,209.72,12.79,4.12
mask_279,220.19,12.77,4.33
mask_280,152.27,8.86,4.31
mask_281,134.67,9.14,3.7
mask_282,181.31,9.56,4.76
mask_283,180.21,10.94,4.14
mask_284,205.18,11.28,4.57
mask_285,192.8,12.17,3.98
mask_286,125.37,8.4,3.75
mask_287,171.85,10.01,4.31
mask_288,215.41,12.39,4.36
mask_289,187.47,12.21,3.86
mask_290,196.38,10.86,4.54
mask_291,252.81,13.3,4.77
mask_292,204.63,10.74,4.78
mask_293,234.55,12.33,4.77
mask_294,193.13,12.36,3.92
mask_295,239.06,11.85,5.06
mask_296,224.87,13.36,4.23
mask_297,167.34,9.46,4.44
mask_298,175.86,10.92,4.04
mask_299,272.11,13.78,4.96
mask_300,236.31,14.57,4.07
mask_301,148.31,10.19,3.66
mask_302,204.52,11.17,4.59
mask_303,200.91,10.0,5.05
mask_304,147.68,10.43,3.55
mask_305,142.2,9.41,3.79
mask_306,144.46,11.35,3.19
mask_307,195.55,10.91,4.5
mask_308,309.29,15.82,4.91
mask_309,256.6,14.16,4.55
mask_310,166.68,9.68,4.32
mask_311,140.11,11.58,3.04
mask_312,121.36,9.78,3.11
mask_313,288.67,12.97,5.59
mask_314,238.18,12.46,4.8
mask_315,231.58,12.17,4.78
mask_316,176.58,11.08,4.0
mask_317,182.85,10.85,4.23
mask_318,217.0,10.97,4.96
mask_319,255.03,14.62,4.38
mask_320,205.67,14.35,3.6
mask_321,220.63,10.4,5.33
mask_322,185.84,10.28,4.54
mask_323,156.39,9.57,4.1
mask_324,118.53,8.23,3.62
mask_325,142.53,10.79,3.31
mask_326,227.4,13.55,4.21
mask_327,140.94,10.74,3.29
mask_328,178.56,10.65,4.21
mask_329,190.0,10.95,4.36
mask_330,291.83,18.01,4.07
mask_331,200.61,10.59,4.76
mask_332,255.59,12.02,5.34
mask_333,110.41,8.9,3.11
mask_334,216.01,11.83,4.59
mask_335,218.38,11.38,4.82
mask_336,151.17,11.91,3.19
mask_337,157.55,10.08,3.92
mask_338,232.79,12.5,4.67
mask_339,241.81,13.64,4.45
mask_340,199.79,11.72,4.28
mask_341,209.3,11.54,4.55
mask_342,198.25,10.98,4.53
mask_343,223.66,11.78,4.76
mask_344,252.75,12.03,5.28
mask_345,233.78,12.76,4.6
mask_346,135.16,8.95,3.79
mask_347,168.93,10.87,3.9
mask_348,205.89,11.17,4.63
mask_349,206.88,14.6,3.56
mask_350,164.81,9.65,4.29
mask_351,174.16,12.56,3.48
mask_352,151.11,9.04,4.2
mask_353,101.01,8.49,2.98
mask_354,134.12,8.09,4.16
mask_355,188.73,11.93,3.97
mask_356,163.38,6.96,5.79
mask_357,170.53,9.33,4.59
mask_358,180.65,12.29,3.69
mask_359,106.73,8.61,3.11
mask_360,201.27,10.44,4.84
mask_361,145.89,9.47,3.87
mask_362,190.77,11.61,4.13
mask_363,212.05,12.83,4.15
mask_364,199.07,9.67,5.17
mask_365,182.79,11.49,3.99
mask_366,163.93,13.74,3.0
mask_367,220.74,11.84,4.68
mask_368,194.15,11.55,4.22
mask_369,152.16,9.83,3.89
mask_370,97.38,7.86,3.11
mask_371,223.11,12.75,4.39
mask_372,162.44,9.77,4.17
mask_373,88.03,8.96,2.47
mask_374,117.89,8.13,3.64
mask_375,152.38,8.65,4.42
mask_376,135.38,8.31,4.09
mask_377,226.52,12.22,4.65
mask_378,171.57,11.18,3.85
mask_379,130.05,9.44,3.46
mask_380,149.63,12.67,2.96
mask_381,144.13,9.52,3.8
mask_382,168.05,10.58,3.99
mask_383,244.34,13.34,4.6
mask_384,109.81,8.99,3.07
mask_385,229.49,12.32,4.68
mask_386,139.34,9.78,3.58
mask_387,173.99,9.41,4.64
mask_388,240.02,14.28,4.22
mask_389,155.62,9.79,3.99
mask_390,169.32,9.83,4.33
mask_391,131.86,9.51,3.48
mask_392,206.17,10.89,4.75
mask_393,282.62,12.51,5.67
MaskID,Area(mm^2),Length(mm),Width(mm)
mask_0,300.49,13.88,5.43
mask_1,238.29,12.78,4.68
mask_2,274.09,14.66,4.69
mask_3,215.96,12.45,4.35
mask_4,244.78,13.68,4.49
mask_5,151.66,11.52,3.3
mask_6,165.25,9.71,4.27
mask_7,182.74,13.23,3.47
mask_8,203.03,11.32,4.5
mask_9,162.17,11.45,3.55
MaskID,Area(mm^2),Length(mm),Width(mm)
mask_0,302.91,14.27,5.33
mask_1,247.58,13.54,4.59
mask_2,220.58,11.93,4.64
mask_3,277.28,12.88,5.4
mask_4,232.9,12.43,4.7
mask_5,245.16,12.79,4.81
mask_6,351.09,15.46,5.7
mask_7,223.69,11.75,4.78
mask_8,231.47,13.18,4.41
mask_9,244.39,12.41,4.94
mask_10,264.03,14.15,4.68
mask_11,268.15,14.6,4.61
mask_12,180.32,12.52,3.61
mask_13,173.77,14.41,3.03
mask_14,295.38,13.05,5.68
mask_15,189.56,11.55,4.12
mask_16,208.04,12.12,4.31
mask_17,216.07,11.75,4.62
mask_18,158.81,9.44,4.22
mask_19,345.15,16.19,5.35
mask_20,256.77,13.66,4.72
mask_21,161.51,9.69,4.18
mask_22,262.43,12.99,5.07
mask_23,322.33,15.03,5.38
mask_24,242.96,12.09,5.05
mask_25,235.07,14.12,4.18
mask_26,222.28,12.13,4.6
mask_27,224.26,12.64,4.45
mask_28,204.96,10.34,4.98
mask_29,297.47,14.43,5.18
mask_30,202.43,12.23,4.15
mask_31,241.48,12.54,4.83
mask_32,232.51,12.12,4.82
mask_33,243.24,12.92,4.73
mask_34,213.98,11.39,4.72
mask_35,255.5,14.33,4.47
mask_36,224.87,12.43,4.54
mask_37,206.39,12.2,4.25
mask_38,240.57,11.54,5.23
mask_39,176.14,10.62,4.16
mask_40,200.5,12.0,4.19
mask_41,232.57,11.35,5.14
mask_42,222.94,13.02,4.3
mask_43,225.69,12.85,4.41
mask_44,295.74,14.55,5.1
mask_45,227.07,11.57,4.93
mask_46,224.76,12.51,4.51
mask_47,241.64,12.92,4.69
mask_48,213.7,13.71,3.91
mask_49,209.19,14.38,3.65
mask_50,235.04,12.57,4.7
mask_51,233.89,12.43,4.72
mask_52,234.16,12.09,4.86
mask_53,212.38,11.48,4.64
mask_54,211.83,12.22,4.35
mask_55,149.02,9.99,3.74
mask_56,237.19,10.49,5.68
mask_57,141.6,9.92,3.58
mask_58,208.42,10.65,4.91
mask_59,234.55,12.61,4.67
mask_60,240.54,12.12,4.98
mask_61,241.2,13.43,4.51
mask_62,165.03,11.51,3.6
mask_63,271.73,13.68,4.99
mask_64,225.47,12.52,4.52
mask_65,187.25,9.5,4.95
mask_66,204.96,9.9,5.2
mask_67,225.97,10.77,5.27
mask_68,231.19,11.83,4.91
mask_69,241.7,11.68,5.19
mask_70,274.2,12.87,5.35
mask_71,222.23,11.52,4.84
mask_72,200.34,10.86,4.63
mask_73,169.48,11.42,3.72
mask_74,197.78,10.61,4.68
mask_75,259.57,11.78,5.53
mask_76,168.6,9.04,4.68
mask_77,295.82,15.95,4.66
mask_78,119.43,8.15,3.68
mask_79,166.57,11.12,3.76
mask_80,225.58,10.13,5.59
mask_81,245.38,12.82,4.8
mask_82,292.57,15.03,4.89
mask_83,179.93,9.45,4.78
mask_84,241.34,11.87,5.1
mask_85,179.82,9.04,4.99
mask_86,145.34,9.45,3.86
mask_87,294.72,13.8,5.36
mask_88,131.86,8.94,3.7
mask_89,266.83,12.95,5.17
mask_90,248.41,14.51,4.3
mask_91,117.78,10.2,2.9
mask_92,172.29,13.11,3.3
mask_93,153.09,9.57,4.01
mask_94,218.19,11.11,4.93
mask_95,226.79,12.08,4.71
mask_96,188.9,11.15,4.25
mask_97,237.02,13.35,4.46
mask_98,126.75,9.3,3.42
mask_99,269.47,12.42,5.45
mask_100,140.75,9.66,3.66
mask_101,226.13,14.0,4.05
mask_102,141.16,8.17,4.34
mask_103,157.88,10.45,3.79
mask_104,234.88,12.11,4.87
mask_105,175.15,11.1,3.96
mask_106,260.2,13.29,4.92
mask_107,152.98,10.75,3.57
mask_108,161.73,10.86,3.74
mask_109,254.07,10.11,6.31
mask_110,245.33,10.46,5.89
mask_111,167.12,12.8,3.28
mask_112,225.36,11.51,4.92
mask_113,263.37,13.13,5.04
mask_114,207.32,10.35,5.03
mask_115,227.45,12.92,4.42
mask_116,256.05,12.1,5.31
mask_117,156.12,9.57,4.09
mask_118,178.39,10.84,4.13
mask_119,249.84,11.56,5.42
mask_120,250.83,13.08,4.81
mask_121,229.82,11.18,5.16
mask_122,270.74,13.38,5.08
mask_123,236.69,12.21,4.87
mask_124,221.13,12.86,4.31
mask_125,186.59,11.41,4.1
mask_126,204.93,12.45,4.13
mask_127,186.48,12.04,3.89
mask_128,224.1,10.96,5.13
mask_129,177.62,9.83,4.54
mask_130,168.88,10.95,3.87
mask_131,203.25,11.42,4.47
mask_132,209.25,10.55,4.98
mask_133,129.72,9.56,3.41
mask_134,221.79,11.67,4.77
mask_135,142.53,9.32,3.84
mask_136,241.37,16.27,3.72
mask_137,186.09,13.78,3.39
mask_138,166.79,9.88,4.24
mask_139,177.57,9.67,4.61
mask_140,249.07,13.66,4.58
mask_141,159.86,11.27,3.56
mask_142,177.07,10.73,4.14
mask_143,150.56,10.09,3.74
mask_144,254.54,12.73,5.02
mask_145,166.16,9.75,4.28
mask_146,239.06,12.0,5.0
mask_147,238.45,13.03,4.6
mask_148,183.07,12.07,3.81
mask_149,130.41,11.24,2.91
mask_150,179.16,10.94,4.11
mask_151,201.93,10.71,4.73
mask_152,264.63,12.86,5.16
mask_153,185.54,12.42,3.75
mask_154,215.68,11.72,4.62
mask_155,148.14,11.46,3.25
mask_156,195.72,10.34,4.75
mask_157,226.41,11.18,5.08
mask_158,195.17,13.39,3.66
mask_159,228.11,12.87,4.45
mask_160,155.95,9.7,4.03
mask_161,235.84,14.21,4.17
mask_162,179.38,10.46,4.31
mask_163,253.47,13.28,4.79
mask_164,101.39,7.61,3.34
mask_165,196.54,11.59,4.26
mask_166,213.65,10.69,5.02
mask_167,153.53,9.78,3.94
mask_168,229.27,17.27,3.33
mask_169,179.6,9.48,4.76
mask_170,217.06,11.77,4.63
mask_171,192.97,12.21,3.97
mask_172,206.22,10.3,5.03
mask_173,204.02,10.77,4.75
mask_174,144.02,11.86,3.05
mask_175,202.1,11.03,4.6
mask_176,262.13,13.95,4.72
mask_177,180.76,9.09,4.99
mask_178,183.23,8.71,5.28
mask_179,150.56,12.07,3.13
mask_180,163.49,9.81,4.19
mask_181,110.25,8.71,3.18
mask_182,187.8,11.68,4.04
mask_183,254.68,15.48,4.13
mask_184,236.2,11.35,5.23
mask_185,151.83,11.06,3.45
mask_186,240.93,12.21,4.95
mask_187,147.15,8.77,4.21
mask_188,209.25,11.0,4.78
mask_189,227.62,12.05,4.74
mask_190,144.07,8.93,4.05
mask_191,244.64,13.67,4.49
mask_192,175.59,10.7,4.12
mask_193,124.66,10.48,2.99
mask_194,214.47,11.02,4.89
mask_195,193.79,10.81,4.5
mask_196,150.62,9.86,3.83
mask_197,234.27,12.03,4.89
mask_198,270.68,12.64,5.37
mask_199,163.32,11.21,3.66
mask_200,134.89,8.97,3.77
mask_201,230.09,11.61,4.97
mask_202,147.48,11.18,3.31
mask_203,83.9,9.91,2.13
mask_204,239.28,12.87,4.67
mask_205,234.66,12.15,4.85
mask_206,217.55,11.44,4.78
mask_207,143.8,12.0,3.01
mask_208,211.17,10.12,5.24
mask_209,174.38,9.5,4.61
mask_210,260.31,13.55,4.82
mask_211,116.57,7.37,3.97
mask_212,231.47,11.98,4.85
mask_213,156.01,10.1,3.88
mask_214,133.9,8.84,3.8
mask_215,251.57,11.66,5.42
mask_216,118.66,7.6,3.92
mask_217,157.6,12.53,3.16
mask_218,201.38,11.67,4.33
mask_219,137.75,11.09,3.12
mask_220,145.28,11.3,3.23
mask_221,252.97,13.67,4.65
mask_222,215.13,9.53,5.66
mask_223,316.47,19.47,4.08
mask_224,125.7,9.63,3.28
mask_225,226.24,11.89,4.78
mask_226,202.43,11.78,4.31
mask_227,175.48,10.29,4.28
mask_228,269.91,13.87,4.88
mask_229,125.26,9.09,3.46
mask_230,240.87,11.55,5.24
mask_231,226.02,11.68,4.86
mask_232,137.58,12.06,2.86
mask_233,166.35,10.93,3.82
mask_234,105.08,8.45,3.12
mask_235,225.25,12.67,4.46
mask_236,190.0,11.81,4.04
mask_237,134.45,8.5,3.97
mask_238,172.62,9.98,4.34
mask_239,121.52,9.68,3.15
mask_240,246.15,10.78,5.73
mask_241,189.34,10.9,4.36
mask_242,187.8,9.68,4.87
MaskID,Area(mm^2),Length(mm),Width(mm)
mask_0,235.15,12.87,4.58
mask_1,261.22,13.05,5.02
mask_2,267.08,14.07,4.77
mask_3,211.34,12.64,4.2
mask_4,211.61,10.92,4.86
mask_5,267.38,13.29,5.05
mask_6,327.0,14.75,5.56
mask_7,213.87,10.74,5.0
mask_8,297.69,14.7,5.08
mask_9,252.26,15.08,4.2
mask_10,197.67,11.32,4.38
mask_11,245.99,11.67,5.29
mask_12,196.93,14.06,3.52
mask_13,147.65,10.68,3.47
mask_14,248.46,13.08,4.77
mask_15,230.97,13.76,4.21
mask_16,226.46,11.9,4.78
mask_17,225.91,13.08,4.33
mask_18,130.6,7.67,4.27
mask_19,247.2,12.16,5.11
mask_20,245.05,11.72,5.25
mask_21,204.02,10.85,4.72
mask_22,119.49,8.46,3.55
mask_23,219.2,12.0,4.59
mask_24,256.38,14.55,4.42
mask_25,282.62,14.78,4.8
mask_26,207.27,11.5,4.53
mask_27,228.33,11.74,4.88
mask_28,256.0,11.64,5.52
mask_29,290.54,13.91,5.24
mask_30,168.44,10.27,4.12
mask_31,236.25,15.24,3.89
mask_32,140.17,9.47,3.72
mask_33,258.42,11.97,5.42
mask_34,220.19,12.54,4.41
mask_35,179.11,9.49,4.74
mask_36,245.33,13.22,4.66
mask_37,225.14,12.66,4.46
mask_38,198.74,12.49,3.99
mask_39,224.18,12.89,4.37
mask_40,280.31,13.8,5.1
mask_41,214.47,10.45,5.15
mask_42,208.86,11.63,4.51
mask_43,249.56,12.93,4.85
mask_44,210.24,10.4,5.07
mask_45,226.19,11.61,4.89
mask_46,218.21,11.22,4.88
mask_47,178.23,10.2,4.39
mask_48,202.43,11.55,4.4
mask_49,259.85,12.74,5.12
mask_50,231.96,11.56,5.04
mask_51,242.3,11.8,5.15
mask_52,308.74,15.28,5.07
mask_53,199.84,10.16,4.94
mask_54,278.49,14.28,4.89
mask_55,186.81,11.8,3.97
mask_56,206.88,11.17,4.65
mask_57,240.54,13.02,4.64
mask_58,229.71,12.02,4.8
mask_59,236.58,12.75,4.66
mask_60,168.6,9.92,4.27
mask_61,235.7,12.36,4.79
mask_62,202.98,11.69,4.36
mask_63,252.37,14.75,4.29
mask_64,179.0,10.44,4.3
mask_65,228.72,11.7,4.91
mask_66,235.1,13.57,4.35
mask_67,224.32,12.0,4.69
mask_68,252.53,13.99,4.53
mask_69,239.63,11.04,5.45
mask_70,232.4,13.15,4.44
mask_71,309.24,13.59,5.71
mask_72,238.56,11.95,5.01
mask_73,181.03,10.93,4.16
mask_74,179.0,12.13,3.71
mask_75,154.8,10.4,3.74
mask_76,232.57,13.3,4.39
mask_77,137.97,9.91,3.5
mask_78,230.04,12.53,4.61
mask_79,263.64,12.35,5.36
mask_80,248.79,13.91,4.49
mask_81,275.38,13.53,5.11
mask_82,192.2,11.3,4.27
mask_83,123.94,9.49,3.28
mask_84,254.95,14.31,4.47
mask_85,270.79,12.58,5.4
mask_86,167.67,10.01,4.21
mask_87,193.74,11.2,4.34
mask_88,205.31,11.54,4.47
mask_89,209.08,11.44,4.59
mask_90,239.28,14.12,4.25
mask_91,172.73,9.91,4.37
mask_92,165.47,10.67,3.89
mask_93,175.64,10.89,4.05
mask_94,242.14,11.24,5.41
mask_95,281.13,13.15,5.36
mask_96,243.4,13.24,4.62
mask_97,236.39,12.97,4.57
mask_98,224.32,12.73,4.42
mask_99,263.39,16.79,3.94
mask_100,254.4,13.59,4.7
mask_101,238.67,12.68,4.72
mask_102,259.55,10.59,6.15
mask_103,214.03,12.31,4.37
mask_104,276.73,13.17,5.27
mask_105,200.01,11.7,4.29
mask_106,279.32,14.84,4.73
mask_107,136.26,9.26,3.7
mask_108,245.44,12.95,4.76
mask_109,213.54,12.56,4.27
mask_110,238.59,12.38,4.84
mask_111,235.87,12.35,4.79
mask_112,222.78,11.65,4.8
mask_113,243.51,12.97,4.71
mask_114,284.79,13.88,5.15
mask_115,169.32,10.53,4.03
mask_116,236.09,11.68,5.07
mask_117,182.52,11.15,4.11
mask_118,270.02,13.52,5.02
mask_119,246.73,12.37,5.01
mask_120,219.31,11.88,4.64
mask_121,146.82,8.49,4.34
mask_122,262.95,13.68,4.82
mask_123,177.13,9.43,4.71
mask_124,219.15,12.03,4.57
mask_125,211.83,10.97,4.85
mask_126,267.66,14.52,4.63
mask_127,185.32,11.87,3.92
mask_128,255.67,13.09,4.9
mask_129,250.0,11.33,5.54
mask_130,302.47,13.33,5.7
mask_131,163.82,9.9,4.15
mask_132,211.17,12.34,4.3
mask_133,185.29,10.76,4.32
mask_134,228.94,11.82,4.86
mask_135,241.53,13.23,4.58
mask_136,218.21,10.81,5.07
mask_137,258.31,13.08,4.96
mask_138,278.74,14.75,4.74
mask_139,143.69,9.93,3.63
mask_140,175.78,9.71,4.55
mask_141,187.3,12.02,3.91
mask_142,241.26,14.41,4.2
mask_143,188.4,11.29,4.19
mask_144,188.13,11.52,4.1
mask_145,262.76,11.64,5.67
mask_146,176.74,8.83,5.02
mask_147,175.37,9.75,4.51
mask_148,416.87,21.25,4.92
mask_149,185.71,10.04,4.64
mask_150,198.3,11.47,4.34
mask_151,138.49,9.22,3.77
mask_152,130.82,9.11,3.61
mask_153,316.03,14.72,5.39
mask_154,243.95,13.89,4.41
mask_155,141.76,10.56,3.37
mask_156,228.77,12.29,4.67
mask_157,209.19,10.92,4.81
mask_158,200.56,10.54,4.78
mask_159,130.6,7.81,4.2
mask_160,285.7,14.12,5.08
mask_161,216.67,11.21,4.85
mask_162,199.62,10.57,4.74
mask_163,195.44,8.98,5.46
mask_164,146.49,9.03,4.07
mask_165,198.08,11.37,4.38
mask_166,147.26,11.56,3.2
mask_167,277.34,12.96,5.37
mask_168,250.83,12.61,4.99
mask_169,228.17,11.16,5.13
mask_170,235.43,11.2,5.28
mask_171,109.26,7.04,3.9
mask_172,234.33,12.72,4.62
mask_173,272.63,16.42,4.17
mask_174,266.92,12.76,5.25
mask_175,221.9,13.18,4.22
mask_176,169.15,10.66,3.98
mask_177,157.22,13.82,2.85
mask_178,221.62,10.51,5.29
mask_179,158.59,11.17,3.56
mask_180,274.92,17.34,3.98
mask_181,200.61,14.0,3.6
mask_182,191.34,11.47,4.19
mask_183,156.17,9.38,4.18
mask_184,160.9,9.65,4.18
mask_185,194.97,13.59,3.6
mask_186,251.65,12.84,4.92
mask_187,136.21,10.7,3.2
mask_188,147.37,10.17,3.64
mask_189,262.82,14.28,4.62
mask_190,201.49,12.13,4.17
mask_191,190.71,10.95,4.37
mask_192,239.06,13.78,4.35
mask_193,161.78,7.59,5.35
mask_194,96.44,8.16,2.97
mask_195,234.33,12.89,4.56
mask_196,214.97,10.95,4.93
mask_197,151.61,9.53,3.99
mask_198,161.18,11.13,3.64
mask_199,238.92,14.49,4.14
mask_200,180.21,8.81,5.13
mask_201,267.11,13.34,5.03
mask_202,259.71,11.31,5.77
mask_203,141.38,8.68,4.09
mask_204,168.22,12.86,3.28
mask_205,256.22,12.31,5.23
mask_206,220.03,12.67,4.36
mask_207,177.9,13.14,3.4
mask_208,209.96,12.61,4.18
mask_209,208.92,11.42,4.59
mask_210,148.47,11.8,3.16
mask_211,198.3,12.13,4.1
mask_212,196.76,10.98,4.5
mask_213,228.72,11.99,4.79
mask_214,91.77,6.54,3.52
mask_215,151.44,9.57,3.97
mask_216,177.4,12.22,3.64
mask_217,207.6,13.33,3.91
mask_218,184.06,10.76,4.29
mask_219,189.23,10.5,4.53
mask_220,157.38,9.02,4.38
mask_221,163.32,8.91,4.6
mask_222,171.52,11.19,3.85
mask_223,190.16,11.31,4.22
mask_224,192.2,10.98,4.39
mask_225,191.59,12.14,3.96
mask_226,189.12,17.25,2.75
mask_227,292.41,12.72,5.77
mask_228,158.76,10.52,3.79
mask_229,283.63,12.7,5.61
mask_230,193.52,12.12,4.01
mask_231,229.16,12.06,4.77
mask_232,211.86,13.14,4.05
mask_233,191.92,10.58,4.55
mask_234,254.46,12.28,5.2
mask_235,199.9,12.39,4.05
mask_236,165.14,8.48,4.89
mask_237,190.11,12.06,3.96
mask_238,239.28,13.11,4.58
mask_239,171.24,9.8,4.39
mask_240,119.21,7.23,4.14
mask_241,228.11,13.71,4.18
mask_242,197.42,10.88,4.56
mask_243,181.91,10.37,4.41
mask_244,178.75,8.96,5.01
mask_245,170.2,11.03,3.87
mask_246,209.74,11.36,4.63
mask_247,246.76,13.42,4.62
mask_248,142.59,9.12,3.92
mask_249,203.31,9.86,5.17
mask_250,114.98,8.43,3.42
mask_251,163.98,9.7,4.24
mask_252,145.12,7.61,4.79
mask_253,169.68,7.27,5.86
mask_254,109.75,7.69,3.58
mask_255,124.71,8.92,3.51
mask_256,180.59,9.39,4.83
mask_257,155.95,9.96,3.93
mask_258,190.05,11.82,4.04
mask_259,209.5,14.31,3.67
mask_260,209.36,10.36,5.07
mask_261,218.6,11.49,4.78
mask_262,234.88,14.79,3.99
mask_263,118.0,10.84,2.73
mask_264,173.11,10.76,4.04
mask_265,182.3,11.42,4.01
mask_266,227.89,12.6,4.54
mask_267,138.88,8.5,4.1
mask_268,182.9,11.19,4.1
mask_269,169.26,9.9,4.29
mask_270,145.89,7.5,4.88
mask_271,215.63,11.56,4.68
mask_272,238.78,12.69,4.72
mask_273,137.36,9.36,3.68
mask_274,178.06,10.93,4.09
mask_275,112.72,8.75,3.23
mask_276,228.03,13.33,4.29
mask_277,301.92,14.73,5.14
mask_278,178.89,9.39,4.78
mask_279,116.3,8.56,3.41
mask_280,161.75,10.65,3.81
mask_281,184.39,10.12,4.58
mask_282,157.66,8.79,4.5
mask_283,244.37,13.58,4.52
mask_284,178.78,10.7,4.19
mask_285,149.79,8.39,4.48
mask_286,203.09,12.69,4.02
mask_287,141.71,7.74,4.59
mask_288,159.47,10.12,3.96
mask_289,100.62,8.75,2.89
mask_290,204.08,11.85,4.32
mask_291,176.63,10.47,4.23
mask_292,153.97,9.9,3.9
mask_293,193.63,9.56,5.09
mask_294,204.57,12.88,3.99
mask_295,211.12,13.93,3.8
mask_296,170.91,8.7,4.93
mask_297,174.93,11.04,3.98
mask_298,282.45,13.47,5.26
mask_299,163.65,12.23,3.36
mask_300,208.97,12.4,4.23
mask_301,135.55,10.93,3.11
mask_302,116.96,8.3,3.54
mask_303,119.93,8.12,3.71
mask_304,164.53,10.4,3.97
mask_305,236.36,12.64,4.69
mask_306,235.37,11.93,4.95
mask_307,209.22,11.01,4.77
mask_308,207.27,11.89,4.38
mask_309,151.28,9.81,3.87
mask_310,143.36,10.03,3.59
mask_311,245.11,12.3,5.0
mask_312,138.35,11.01,3.15
mask_313,250.72,12.24,5.14
mask_314,170.42,10.57,4.05
mask_315,116.02,9.02,3.23
mask_316,198.58,10.81,4.61
mask_317,182.68,10.8,4.25
mask_318,219.15,12.23,4.5
mask_319,178.12,9.16,4.88
mask_320,147.34,8.2,4.51
mask_321,199.46,13.22,3.79
mask_322,189.67,11.71,4.07
mask_323,272.58,13.85,4.94
mask_324,146.71,10.12,3.64
mask_325,175.04,11.52,3.81
mask_326,158.76,7.85,5.08
mask_327,222.89,12.01,4.66
mask_328,218.93,10.76,5.11
mask_329,275.69,14.54,4.76
mask_330,172.45,9.83,4.4
mask_331,160.52,7.63,5.28
mask_332,174.43,12.32,3.55
mask_333,209.58,13.09,4.02
mask_334,188.84,12.46,3.8
mask_335,192.8,10.85,4.46
mask_336,128.78,7.96,4.06
mask_337,171.79,11.6,3.72
mask_338,178.34,12.66,3.54
mask_339,173.55,9.14,4.77
mask_340,118.17,7.74,3.83
mask_341,169.04,9.72,4.37
mask_342,193.79,10.32,4.71
mask_343,219.48,12.63,4.36
MaskID,Area(mm^2),Length(mm),Width(mm)
mask_0,203.42,11.71,4.36
mask_1,259.35,12.57,5.18
mask_2,209.69,13.44,3.92
mask_3,262.32,12.14,5.42
mask_4,225.64,13.11,4.32
mask_5,280.58,12.84,5.48
mask_6,295.16,15.47,4.79
mask_7,240.93,11.23,5.39
mask_8,282.4,13.77,5.15
mask_9,252.97,12.64,5.02
mask_10,251.49,12.77,4.94
mask_11,262.05,12.54,5.25
mask_12,239.33,12.68,4.74
mask_13,152.07,10.56,3.62
mask_14,211.12,12.03,4.41
mask_15,195.09,12.9,3.8
mask_16,204.66,12.65,4.06
mask_17,187.3,11.71,4.01
mask_18,246.76,13.14,4.71
mask_19,210.68,11.32,4.67
mask_20,209.8,11.13,4.73
mask_21,238.01,12.96,4.61
mask_22,194.95,10.6,4.61
mask_23,262.38,13.32,4.94
mask_24,195.61,11.68,4.2
mask_25,237.52,12.8,4.66
mask_26,263.31,12.4,5.33
mask_27,264.3,12.68,5.23
mask_28,286.14,13.28,5.41
mask_29,289.93,15.36,4.74
mask_30,182.02,12.75,3.58
mask_31,150.01,9.52,3.96
mask_32,173.28,10.98,3.96
mask_33,300.22,14.49,5.2
mask_34,234.82,12.99,4.54
mask_35,238.18,12.85,4.65
mask_36,275.52,14.77,4.68
mask_37,208.42,11.35,4.61
mask_38,268.92,13.06,5.17
mask_39,156.34,10.83,3.62
mask_40,189.67,10.04,4.74
mask_41,271.07,18.34,3.71
mask_42,353.29,16.06,5.52
mask_43,236.03,13.74,4.31
mask_44,263.86,14.71,4.5
mask_45,186.15,12.05,3.88
mask_46,220.96,11.09,5.0
mask_47,285.09,12.79,5.6
mask_48,309.13,15.3,5.07
mask_49,241.86,13.21,4.6
mask_50,260.01,13.29,4.91
mask_51,262.21,15.07,4.37
mask_52,165.74,9.89,4.21
mask_53,224.65,13.1,4.31
mask_54,206.0,10.89,4.75
mask_55,234.66,12.58,4.68
mask_56,269.53,14.0,4.83
mask_57,236.8,11.36,5.23
mask_58,227.78,12.31,4.64
mask_59,249.07,14.63,4.27
mask_60,251.65,14.73,4.29
mask_61,200.72,11.33,4.45
mask_62,231.08,13.85,4.19
mask_63,270.3,15.82,4.29
mask_64,203.64,13.01,3.93
mask_65,220.33,12.85,4.31
mask_66,189.75,11.66,4.09
mask_67,217.61,12.9,4.23
mask_68,190.6,10.61,4.51
mask_69,141.49,9.4,3.78
mask_70,273.21,13.98,4.9
mask_71,143.41,11.25,3.2
mask_72,208.75,12.26,4.27
mask_73,204.41,11.49,4.47
mask_74,170.64,11.45,3.74
mask_75,223.6,13.0,4.32
mask_76,158.87,10.05,3.97
mask_77,173.0,11.76,3.69
mask_78,251.43,13.66,4.62
mask_79,153.48,9.5,4.06
mask_80,253.85,13.12,4.86
mask_81,273.43,13.23,5.19
mask_82,181.36,11.57,3.93
mask_83,265.84,11.74,5.69
mask_84,204.74,12.27,4.19
mask_85,246.92,14.11,4.39
mask_86,212.71,11.67,4.57
mask_87,220.03,11.94,4.62
mask_88,222.39,12.63,4.42
mask_89,179.77,13.34,3.38
mask_90,240.98,14.81,4.08
mask_91,243.62,12.55,4.87
mask_92,210.51,11.78,4.48
mask_93,179.22,9.88,4.55
mask_94,245.27,11.05,5.57
mask_95,260.54,13.44,4.87
mask_96,174.98,10.87,4.04
mask_97,146.05,10.37,3.54
mask_98,208.31,10.59,4.94
mask_99,161.07,12.39,3.26
mask_100,142.04,10.11,3.53
mask_101,248.13,11.92,5.22
mask_102,235.48,12.08,4.89
mask_103,146.0,11.38,3.22
mask_104,256.22,13.6,4.73
mask_105,250.55,12.49,5.04
mask_106,256.49,12.73,5.06
mask_107,229.87,11.89,4.85
mask_108,226.52,13.15,4.32
mask_109,229.93,12.06,4.79
mask_110,242.8,14.06,4.33
mask_111,177.02,11.29,3.94
mask_112,207.43,12.48,4.17
mask_113,201.63,11.05,4.58
mask_114,252.81,15.01,4.23
mask_115,235.76,12.03,4.92
mask_116,169.43,10.75,3.96
mask_117,202.98,11.04,4.61
mask_118,197.31,10.79,4.59
mask_119,237.19,12.27,4.85
mask_120,123.78,9.22,3.37
mask_121,188.73,11.62,4.08
mask_122,196.16,11.85,4.15
mask_123,297.74,15.02,4.98
mask_124,205.31,11.87,4.34
mask_125,151.77,8.96,4.25
mask_126,309.98,14.94,5.21
mask_127,176.3,9.2,4.81
mask_128,223.49,11.05,5.08
mask_129,185.1,12.1,3.84
mask_130,164.86,12.54,3.3
mask_131,174.87,11.16,3.93
mask_132,274.23,13.81,4.99
mask_133,173.0,12.04,3.61
mask_134,208.86,12.72,4.12
mask_135,202.21,11.61,4.37
mask_136,156.45,9.25,4.25
mask_137,165.52,8.89,4.67
mask_138,213.21,10.52,5.09
mask_139,238.4,12.88,4.65
mask_140,249.73,14.33,4.38
mask_141,207.05,11.42,4.55
mask_142,178.17,10.53,4.25
mask_143,165.52,12.0,3.46
mask_144,234.88,12.57,4.69
mask_145,256.44,12.79,5.03
mask_146,105.96,7.69,3.46
mask_147,197.97,10.74,4.63
mask_148,181.03,10.47,4.34
mask_149,233.28,11.1,5.27
mask_150,142.48,9.58,3.73
mask_151,202.92,11.76,4.33
mask_152,129.55,9.62,3.38
mask_153,230.7,13.1,4.42
mask_154,123.23,9.41,3.29
mask_155,182.35,11.0,4.16
mask_156,194.12,11.67,4.18
mask_157,242.74,12.26,4.97
mask_158,141.1,9.71,3.65
mask_159,176.36,12.45,3.55
mask_160,169.37,9.53,4.46
mask_161,240.16,13.22,4.56
mask_162,295.93,14.58,5.1
mask_163,283.39,12.32,5.78
mask_164,208.7,10.33,5.07
mask_165,149.46,9.55,3.93
mask_166,138.02,9.42,3.68
mask_167,173.06,9.46,4.59
mask_168,304.51,14.16,5.4
mask_169,199.84,11.32,4.43
mask_170,151.28,10.04,3.78
mask_171,126.14,10.41,3.04
mask_172,198.96,12.16,4.11
mask_173,216.67,12.73,4.27
mask_174,183.89,9.74,4.74
mask_175,190.05,11.27,4.23
mask_176,211.61,10.65,4.99
mask_177,133.24,8.52,3.93
mask_178,150.89,10.51,3.6
mask_179,282.84,18.15,3.91
mask_180,211.61,10.94,4.86
mask_181,197.09,10.07,4.91
mask_182,150.18,10.15,3.72
mask_183,309.9,15.02,5.18
mask_184,161.95,11.07,3.67
mask_185,224.87,14.26,3.96
mask_186,193.93,12.08,4.03
mask_187,208.53,10.55,4.96
mask_188,291.97,13.78,5.32
mask_189,214.64,11.71,4.6
mask_190,225.86,12.08,4.69
mask_191,185.65,12.6,3.7
mask_192,113.0,9.05,3.14
mask_193,137.25,11.04,3.12
mask_194,218.27,11.72,4.67
mask_195,149.52,9.82,3.82
mask_196,204.68,12.52,4.11
mask_197,191.54,10.47,4.59
mask_198,212.16,11.36,4.69
mask_199,265.13,16.2,4.11
mask_200,303.46,13.83,5.51
mask_201,230.4,12.14,4.76
mask_202,196.71,13.84,3.57
mask_203,229.57,13.3,4.33
mask_204,140.0,6.69,5.25
mask_205,221.79,13.29,4.19
mask_206,285.29,14.91,4.8
mask_207,237.41,14.12,4.22
mask_208,157.77,13.06,3.03
mask_209,236.09,13.45,4.41
mask_210,207.76,13.34,3.91
mask_211,235.59,13.16,4.49
mask_212,194.23,10.77,4.53
mask_213,173.5,9.32,4.67
mask_214,203.39,11.11,4.59
mask_215,297.17,14.95,4.99
mask_216,204.74,13.44,3.83
mask_217,238.67,14.85,4.03
mask_218,130.54,8.04,4.08
mask_219,162.44,8.46,4.82
mask_220,213.32,11.56,4.63
mask_221,150.01,9.17,4.1
mask_222,238.4,13.04,4.59
mask_223,214.42,10.42,5.17
mask_224,177.84,9.93,4.5
mask_225,191.02,9.19,5.22
mask_226,231.47,11.75,4.95
mask_227,134.28,10.56,3.19
mask_228,203.58,9.42,5.43
mask_229,154.74,9.25,4.2
mask_230,232.35,11.8,4.94
mask_231,143.52,12.23,2.95
mask_232,180.51,11.15,4.06
mask_233,253.25,12.21,5.21
mask_234,137.25,10.49,3.28
mask_235,272.88,13.04,5.25
mask_236,211.61,12.84,4.14
mask_237,204.68,10.78,4.77
mask_238,226.85,12.38,4.6
mask_239,187.96,8.81,5.36
mask_240,195.94,11.41,4.31
mask_241,118.72,8.51,3.5
mask_242,161.84,9.26,4.39
mask_243,226.79,11.73,4.85
mask_244,220.44,12.44,4.45
mask_245,245.77,10.85,5.69
mask_246,124.05,9.86,3.16
mask_247,231.14,13.57,4.28
mask_248,268.68,18.16,3.71
mask_249,204.57,11.84,4.34
mask_250,146.16,11.28,3.25
mask_251,162.17,9.59,4.24
mask_252,202.12,11.01,4.61
mask_253,100.57,8.68,2.91
mask_254,153.37,9.09,4.24
mask_255,207.05,13.19,3.94
mask_256,216.18,11.66,4.65
mask_257,120.48,9.96,3.04
mask_258,136.87,10.11,3.4
mask_259,154.63,10.17,3.82
mask_260,131.15,8.36,3.94
mask_261,195.39,11.87,4.13
mask_262,275.14,13.48,5.12
mask_263,146.93,9.46,3.9
mask_264,174.6,11.91,3.68
mask_265,251.49,13.72,4.6
mask_266,159.42,10.36,3.86
mask_267,139.95,10.67,3.29
mask_268,190.93,12.88,3.72
mask_269,183.84,11.67,3.95
mask_270,218.76,11.27,4.87
mask_271,170.47,9.42,4.54
mask_272,232.13,10.73,5.43
mask_273,183.18,11.37,4.05
mask_274,236.25,11.05,5.36
mask_275,220.14,12.56,4.4
mask_276,221.24,12.91,4.3
mask_277,237.85,13.64,4.38
mask_278,148.31,10.53,3.53
mask_279,159.14,9.69,4.12
mask_280,168.44,11.1,3.81
mask_281,261.28,13.81,4.75
mask_282,163.38,11.7,3.51
mask_283,163.82,10.37,3.97
mask_284,138.46,10.01,3.47
mask_285,171.74,11.02,3.91
MaskID,Area(mm^2),Length(mm),Width(mm)
mask_0,245.27,12.81,4.81
mask_1,237.02,12.83,4.64
mask_2,236.53,12.92,4.6
mask_3,176.3,8.24,5.37
mask_4,216.29,12.81,4.24
mask_5,193.46,9.03,5.38
mask_6,236.69,12.24,4.86
mask_7,263.64,11.98,5.52
mask_8,283.44,14.39,4.94
mask_9,195.55,11.59,4.23
mask_10,263.2,12.14,5.44
mask_11,242.69,12.74,4.78
mask_12,235.43,12.69,4.66
mask_13,244.39,11.09,5.53
mask_14,247.47,12.17,5.1
mask_15,221.29,12.94,4.29
mask_16,254.68,12.5,5.12
mask_17,254.62,14.02,4.56
mask_18,182.79,10.96,4.19
mask_19,125.76,10.23,3.09
mask_20,261.66,12.05,5.45
mask_21,320.51,14.27,5.64
mask_22,181.69,12.84,3.55
mask_23,187.41,11.94,3.94
mask_24,164.75,9.63,4.3
mask_25,244.78,12.23,5.02
mask_26,190.71,10.78,4.44
mask_27,208.7,12.44,4.21
mask_28,274.2,14.4,4.78
mask_29,213.98,12.42,4.32
mask_30,115.91,8.03,3.62
mask_31,261.72,13.28,4.95
mask_32,232.35,13.49,4.32
mask_33,185.6,10.29,4.53
mask_34,197.53,10.49,4.73
mask_35,305.0,14.33,5.34
mask_36,228.72,11.59,4.95
mask_37,178.83,11.26,3.99
mask_38,184.0,11.78,3.92
mask_39,240.71,11.99,5.04
mask_40,244.28,16.52,3.71
mask_41,158.48,9.86,4.03
mask_42,230.64,12.82,4.52
mask_43,280.83,13.5,5.22
mask_44,164.7,9.94,4.16
mask_45,226.13,11.76,4.83
mask_46,198.36,10.03,4.97
mask_47,196.35,10.07,4.89
mask_48,241.53,12.67,4.79
mask_49,242.63,10.29,5.92
mask_50,245.33,12.08,5.1
mask_51,248.57,13.0,4.8
mask_52,268.81,13.96,4.83
mask_53,222.28,13.32,4.19
mask_54,216.29,11.87,4.57
mask_55,246.92,12.88,4.81
mask_56,215.57,9.85,5.49
mask_57,200.23,11.72,4.29
mask_58,234.38,11.47,5.13
mask_59,224.04,11.47,4.9
mask_60,205.62,11.27,4.58
mask_61,169.48,10.11,4.21
mask_62,194.56,10.77,4.53
mask_63,210.62,11.69,4.52
mask_64,173.83,10.64,4.1
mask_65,225.2,12.71,4.45
mask_66,189.23,12.99,3.66
mask_67,155.57,9.33,4.19
mask_68,263.53,13.03,5.08
mask_69,191.32,11.07,4.34
mask_70,214.8,10.44,5.17
mask_71,261.99,15.08,4.36
mask_72,153.26,11.87,3.24
mask_73,175.75,10.44,4.22
mask_74,211.83,12.01,4.43
mask_75,209.47,10.97,4.79
mask_76,231.19,11.67,4.97
mask_77,287.02,13.57,5.31
mask_78,202.1,12.58,4.03
mask_79,222.01,10.78,5.17
mask_80,206.77,12.19,4.26
mask_81,177.24,9.22,4.83
mask_82,281.63,14.19,4.98
mask_83,204.52,11.66,4.4
mask_84,228.5,13.02,4.4
mask_85,252.15,13.76,4.6
mask_86,128.34,8.65,3.73
mask_87,192.91,10.48,4.62
mask_88,243.46,12.7,4.81
mask_89,185.49,11.68,3.99
mask_90,232.18,10.16,5.74
mask_91,187.3,10.91,4.31
mask_92,214.53,11.51,4.68
mask_93,147.98,8.52,4.36
mask_94,209.19,10.18,5.16
mask_95,191.1,11.04,4.35
mask_96,110.85,9.82,2.83
mask_97,196.76,11.69,4.22
mask_98,273.49,12.37,5.55
mask_99,229.27,12.45,4.62
mask_100,269.42,15.36,4.4
mask_101,219.86,11.73,4.7
mask_102,237.9,12.23,4.88
mask_103,166.95,10.53,3.98
mask_104,246.81,12.23,5.07
mask_105,155.9,8.16,4.8
mask_106,179.27,9.86,4.56
mask_107,169.92,9.15,4.66
mask_108,173.85,9.98,4.37
mask_109,178.83,10.64,4.22
mask_110,259.02,14.21,4.58
mask_111,200.39,9.78,5.14
mask_112,185.07,11.22,4.14
mask_113,187.85,10.51,4.49
mask_114,140.44,10.09,3.49
mask_115,200.28,13.18,3.81
mask_116,161.84,10.08,4.03
mask_117,172.29,13.58,3.18
mask_118,227.45,12.34,4.63
mask_119,159.36,11.93,3.35
mask_120,225.86,12.83,4.42
mask_121,241.72,11.94,5.08
mask_122,195.44,9.5,5.17
mask_123,209.74,11.69,4.5
mask_124,164.81,13.01,3.18
mask_125,221.62,11.29,4.93
mask_126,194.84,9.82,4.98
mask_127,150.51,10.12,3.73
mask_128,195.5,12.83,3.82
mask_129,203.03,13.01,3.92
mask_130,180.26,10.76,4.2
mask_131,137.64,10.55,3.28
mask_132,150.45,9.72,3.88
mask_133,202.65,11.8,4.31
mask_134,154.8,11.0,3.53
mask_135,115.75,9.02,3.22
mask_136,148.47,11.1,3.36
mask_137,285.81,12.59,5.7
mask_138,182.13,10.67,4.28
mask_139,242.36,13.46,4.52
mask_140,241.15,12.97,4.67
mask_141,178.61,10.64,4.22
mask_142,163.43,10.1,4.06
mask_143,113.93,8.3,3.45
mask_144,188.57,10.89,4.35
mask_145,250.85,13.8,4.56
mask_146,216.56,13.0,4.18
mask_147,224.48,14.57,3.87
mask_148,84.56,6.45,3.29
mask_149,136.32,8.66,3.95
mask_150,200.89,12.01,4.2
mask_151,158.54,10.55,3.77
mask_152,205.56,12.28,4.2
mask_153,144.51,9.1,3.99
mask_154,241.31,12.05,5.03
mask_155,165.19,9.66,4.29
mask_156,193.63,12.17,3.99
mask_157,205.01,10.43,4.93
mask_158,260.23,13.74,4.75
mask_159,153.7,8.36,4.62
mask_160,118.77,8.38,3.56
mask_161,198.91,9.38,5.32
mask_162,206.66,12.28,4.22
mask_163,217.77,12.28,4.45
mask_164,152.1,8.03,4.76
mask_165,154.03,10.79,3.58
mask_166,283.36,13.81,5.15
mask_167,191.59,10.69,4.5
mask_168,143.08,9.86,3.64
mask_169,164.97,9.64,4.3
mask_170,117.29,8.63,3.41
mask_171,221.57,14.13,3.94
mask_172,190.11,12.38,3.85
mask_173,184.83,12.45,3.73
mask_174,266.37,16.72,4.0
mask_175,135.0,8.87,3.82
mask_176,224.65,11.93,4.73
mask_177,146.66,9.77,3.77
mask_178,172.51,10.72,4.04
mask_179,165.69,9.84,4.23
mask_180,190.55,10.5,4.55
mask_181,147.37,11.61,3.19
mask_182,201.33,11.69,4.32
mask_183,172.73,13.23,3.28
mask_184,130.05,8.49,3.85
MaskID,Area(mm^2),Length(mm),Width(mm)
mask_0,230.92,10.86,5.34
mask_1,260.29,14.13,4.62
mask_2,320.79,14.95,5.39
mask_3,249.62,12.05,5.2
mask_4,222.81,12.15,4.6
mask_5,138.63,7.38,4.72
mask_6,271.73,12.64,5.4
mask_7,323.1,16.21,5.0
mask_8,224.48,12.92,4.36
mask_9,262.05,13.16,5.0
mask_10,218.49,12.08,4.54
mask_11,292.52,14.1,5.21
mask_12,267.71,13.45,5.0
mask_13,222.28,11.01,5.07
mask_14,266.23,13.83,4.83
mask_15,217.28,11.25,4.85
mask_16,292.16,13.25,5.54
mask_17,189.72,12.44,3.83
mask_18,226.41,12.53,4.53
mask_19,285.53,15.14,4.73
mask_20,230.04,11.41,5.06
mask_21,204.85,10.9,4.72
mask_22,197.15,12.95,3.82
mask_23,209.41,11.19,4.7
mask_24,163.76,11.5,3.57
mask_25,168.16,10.47,4.03
mask_26,145.45,10.13,3.61
mask_27,185.27,11.85,3.92
mask_28,237.96,11.89,5.02
mask_29,183.97,14.25,3.24
mask_30,237.66,12.01,4.97
mask_31,227.73,11.98,4.77
mask_32,161.73,10.78,3.77
mask_33,290.65,14.76,4.94
mask_34,105.3,8.97,2.95
mask_35,132.69,10.05,3.31
mask_36,228.99,11.26,5.1
mask_37,207.21,12.01,4.33
mask_38,189.94,10.37,4.6
mask_39,186.97,11.32,4.15
mask_40,222.17,13.49,4.13
mask_41,187.91,10.8,4.37
mask_42,266.12,13.08,5.11
mask_43,232.32,13.8,4.22
mask_44,208.7,10.85,4.83
mask_45,181.91,11.06,4.13
mask_46,248.9,13.75,4.54
mask_47,218.38,10.83,5.06
mask_48,236.14,13.48,4.4
mask_49,140.66,9.62,3.67
mask_50,174.02,12.32,3.55
mask_51,109.37,9.87,2.78
mask_52,254.84,14.62,4.37
mask_53,265.6,13.35,4.99
mask_54,178.34,10.43,4.29
mask_55,240.16,12.24,4.92
mask_56,162.06,12.59,3.23
mask_57,177.4,11.02,4.04
mask_58,274.39,15.08,4.57
mask_59,226.74,12.45,4.57
mask_60,279.7,13.99,5.02
mask_61,244.06,12.25,5.0
mask_62,161.29,9.29,4.36
mask_63,242.25,12.64,4.81
mask_64,145.17,10.14,3.59
mask_65,200.86,10.63,4.74
mask_66,195.61,10.07,4.87
mask_67,176.11,9.97,4.44
mask_68,263.64,13.24,5.0
mask_69,317.21,14.21,5.6
mask_70,206.0,12.48,4.14
mask_71,109.64,7.65,3.6
mask_72,235.76,13.37,4.43
mask_73,182.68,10.49,4.37
mask_74,227.84,13.57,4.21
mask_75,197.53,10.97,4.52
mask_76,226.19,11.24,5.05
mask_77,207.43,10.76,4.84
mask_78,281.49,12.89,5.48
mask_79,258.42,12.45,5.21
mask_80,154.96,12.27,3.17
mask_81,296.97,16.3,4.57
mask_82,226.3,12.6,4.51
mask_83,230.31,13.72,4.21
mask_84,163.87,10.73,3.84
mask_85,118.11,8.76,3.38
mask_86,158.7,9.52,4.19
mask_87,142.7,9.84,3.64
mask_88,258.2,13.21,4.91
mask_89,225.75,11.65,4.87
mask_90,283.39,13.18,5.4
mask_91,169.04,11.15,3.81
mask_92,116.85,8.6,3.41
mask_93,154.14,10.38,3.73
mask_94,254.95,11.71,5.47
mask_95,199.02,10.3,4.85
mask_96,221.84,10.29,5.41
mask_97,136.32,9.41,3.64
mask_98,148.69,9.66,3.86
mask_99,210.79,12.95,4.08
mask_100,222.67,12.58,4.44
mask_101,179.93,11.44,3.95
mask_102,237.57,12.25,4.87
mask_103,185.54,12.38,3.76
mask_104,219.09,13.48,4.08
mask_105,192.14,12.52,3.85
mask_106,140.44,11.15,3.16
mask_107,180.87,12.59,3.61
mask_108,160.41,10.55,3.82
mask_109,188.02,10.71,4.41
mask_110,221.02,12.32,4.5
mask_111,176.72,10.22,4.34
mask_112,205.67,11.95,4.32
mask_113,229.65,11.36,5.08
mask_114,238.18,13.12,4.56
mask_115,187.52,11.74,4.01
mask_116,256.88,13.56,4.76
mask_117,191.15,11.77,4.08
mask_118,262.98,13.28,4.97
mask_119,157.49,12.77,3.09
mask_120,222.28,10.72,5.2
mask_121,144.18,8.74,4.14
mask_122,256.05,13.42,4.79
mask_123,218.82,11.77,4.67
mask_124,133.73,8.26,4.07
mask_125,275.61,13.86,4.99
mask_126,151.61,10.3,3.7
mask_127,191.59,10.62,4.53
mask_128,194.95,9.58,5.11
mask_129,190.38,10.97,4.36
mask_130,241.78,13.29,4.57
mask_131,212.22,11.13,4.78
mask_132,267.11,13.35,5.02
mask_133,228.09,12.39,4.62
mask_134,265.95,15.06,4.43
mask_135,161.95,11.9,3.42
mask_136,216.45,12.66,4.29
mask_137,168.05,11.73,3.6
mask_138,201.6,10.81,4.68
mask_139,229.82,14.03,4.11
mask_140,160.46,9.81,4.11
mask_141,105.08,8.6,3.07
mask_142,169.87,11.91,3.58
mask_143,199.02,10.99,4.54
mask_144,236.64,12.07,4.92
mask_145,209.28,10.97,4.79
mask_146,203.25,10.7,4.77
mask_147,191.65,12.27,3.92
mask_148,180.43,12.57,3.6
mask_149,292.55,15.0,4.9
mask_150,258.42,14.97,4.33
mask_151,151.55,8.99,4.23
mask_152,135.55,11.42,2.98
mask_153,210.24,12.93,4.08
mask_154,221.62,13.58,4.1
mask_155,201.38,12.03,4.2
mask_156,164.7,9.18,4.5
mask_157,211.17,12.0,4.42
mask_158,236.36,11.89,4.99
mask_159,270.63,12.77,5.32
mask_160,220.91,12.5,4.44
mask_161,196.32,11.64,4.23
mask_162,209.58,11.73,4.49
mask_163,203.53,12.08,4.23
mask_164,124.0,8.31,3.74
mask_165,145.34,8.25,4.42
mask_166,249.95,11.63,5.4
mask_167,175.48,10.85,4.06
mask_168,303.41,14.09,5.41
mask_169,193.79,11.25,4.32
mask_170,213.81,11.06,4.85
mask_171,158.07,10.05,3.95
mask_172,120.64,8.69,3.49
mask_173,202.54,11.64,4.37
mask_174,113.99,8.98,3.19
mask_175,187.41,9.89,4.76
mask_176,194.67,11.61,4.21
mask_177,209.36,10.73,4.9
mask_178,231.47,11.77,4.94
mask_179,191.98,10.35,4.66
mask_180,208.15,11.99,4.36
mask_181,165.85,8.66,4.81
mask_182,155.95,10.49,3.73
mask_183,118.14,8.3,3.57
mask_184,207.32,10.38,5.01
mask_185,178.94,12.42,3.62
mask_186,123.01,8.94,3.45
mask_187,143.03,9.76,3.68
mask_188,230.81,15.65,3.7
mask_189,148.53,9.11,4.09
mask_190,149.49,8.55,4.39
mask_191,194.95,10.59,4.62
mask_192,219.26,12.29,4.48
mask_193,135.11,10.58,3.21
mask_194,125.26,9.63,3.27
mask_195,184.39,11.28,4.1
mask_196,276.46,12.32,5.63
mask_197,207.65,11.86,4.4
mask_198,136.59,10.44,3.29
mask_199,184.39,9.54,4.85
mask_200,136.15,11.55,2.96
mask_201,236.31,12.76,4.65
mask_202,203.64,12.03,4.25
mask_203,118.06,7.9,3.75
mask_204,177.18,11.18,3.98
mask_205,238.89,13.94,4.3
mask_206,225.31,14.71,3.85
mask_207,170.09,9.49,4.5
mask_208,171.41,10.35,4.16
mask_209,184.72,10.54,4.4
mask_210,182.24,12.87,3.55
mask_211,211.06,11.12,4.76
mask_212,194.18,10.64,4.58
mask_213,109.92,7.55,3.65
mask_214,184.33,12.07,3.83
mask_215,170.2,10.13,4.22
mask_216,164.92,10.35,4.0
mask_217,262.6,13.85,4.76
mask_218,224.76,14.49,3.89
mask_219,221.49,11.73,4.74
mask_220,228.44,11.52,4.98
mask_221,173.25,9.48,4.59
mask_222,166.18,10.98,3.8
mask_223,252.2,13.67,4.63
mask_224,146.33,6.8,5.4
mask_225,255.89,14.9,4.31
mask_226,198.03,11.49,4.33
mask_227,339.32,15.45,5.51
mask_228,102.99,6.62,3.91
mask_229,157.55,9.28,4.26
mask_230,181.86,15.37,2.97
mask_231,160.46,8.52,4.73
mask_232,140.06,9.03,3.89
mask_233,219.26,12.32,4.47
mask_234,141.05,9.34,3.79
mask_235,228.06,11.33,5.05
mask_236,205.29,11.75,4.39
mask_237,155.13,11.41,3.41
mask_238,197.42,10.74,4.61
mask_239,183.4,11.85,3.88
mask_240,161.4,10.2,3.97
mask_241,171.46,8.84,4.87
mask_242,245.16,13.17,4.67
mask_243,216.84,12.2,4.46
mask_244,190.22,9.95,4.8
mask_245,194.53,11.82,4.13
mask_246,204.13,10.8,4.74
mask_247,186.59,10.68,4.39
mask_248,181.75,11.15,4.09
mask_249,189.56,8.34,5.71
mask_250,203.09,10.46,4.87
mask_251,145.94,11.02,3.32
mask_252,185.05,11.79,3.94
mask_253,103.92,8.71,2.99
mask_254,263.42,14.64,4.52
mask_255,102.93,11.92,2.17
mask_256,136.7,8.87,3.87
mask_257,134.34,8.49,3.97
mask_258,158.37,9.93,4.0
mask_259,186.75,10.69,4.39
mask_260,144.18,11.98,3.02
mask_261,185.27,12.02,3.87
mask_262,144.02,11.36,3.18
mask_263,170.0,13.08,3.26
mask_264,176.25,9.76,4.53
mask_265,262.87,13.74,4.8
mask_266,137.69,10.5,3.29
mask_267,157.66,9.35,4.23
mask_268,127.98,8.44,3.81
mask_269,151.77,11.69,3.26
mask_270,178.12,12.61,3.55
mask_271,195.0,11.54,4.24
mask_272,145.23,10.7,3.41
mask_273,248.57,12.63,4.94
mask_274,147.1,10.26,3.6
mask_275,109.2,9.12,3.0
mask_276,202.98,11.04,4.61
mask_277,174.21,9.79,4.47
mask_278,126.2,11.22,2.82
mask_279,238.48,14.33,4.18
mask_280,119.82,10.06,2.99
mask_281,238.89,13.86,4.33
mask_282,223.33,12.34,4.54
mask_283,220.19,10.34,5.35
mask_284,174.65,11.42,3.84
mask_285,116.24,8.02,3.64
mask_286,111.57,8.36,3.35
mask_287,102.22,6.67,3.85
mask_288,222.37,11.35,4.92
mask_289,192.36,11.62,4.16
mask_290,107.17,8.64,3.11
mask_291,152.76,9.91,3.87
mask_292,157.55,10.19,3.88
mask_293,134.03,10.69,3.15
mask_294,188.87,10.43,4.55
mask_295,189.39,10.13,4.69
mask_296,234.77,13.39,4.4
mask_297,189.34,10.75,4.42
mask_298,264.96,12.54,5.3
mask_299,193.85,10.21,4.76
mask_300,122.51,7.35,4.19
mask_301,188.95,9.09,5.22
mask_302,156.45,6.84,5.63
mask_303,186.15,10.57,4.42
mask_304,206.63,11.21,4.63
mask_305,228.55,12.54,4.57
mask_306,109.26,8.46,3.24
mask_307,244.23,13.28,4.62
mask_308,284.3,13.81,5.17
mask_309,243.95,13.37,4.58
mask_310,168.77,14.13,3.0
mask_311,175.7,12.23,3.61
mask_312,141.43,7.5,4.73
mask_313,248.63,14.0,4.46
mask_314,135.82,9.88,3.45
mask_315,206.53,13.57,3.82
mask_316,113.44,7.92,3.59
mask_317,142.2,9.52,3.75
mask_318,168.88,11.19,3.79
mask_319,193.79,13.44,3.62
mask_320,156.45,10.15,3.87
mask_321,206.77,12.23,4.25
mask_322,185.27,9.93,4.68
mask_323,268.65,13.85,4.87
mask_324,244.78,12.42,4.95
mask_325,201.38,13.39,3.78
mask_326,265.9,15.01,4.45
mask_327,197.97,13.25,3.75
mask_328,129.99,9.78,3.34
mask_329,134.94,8.31,4.08
mask_330,182.57,11.52,3.98
mask_331,149.57,11.32,3.32
mask_332,177.07,9.17,4.84
mask_333,176.52,12.13,3.65
mask_334,151.14,9.42,4.03
mask_335,168.93,11.02,3.85
mask_336,141.87,9.47,3.76
mask_337,211.61,11.55,4.6
mask_338,110.74,7.84,3.54
mask_339,223.66,13.54,4.15
mask_340,188.73,10.11,4.69
mask_341,182.35,11.61,3.94
mask_342,188.71,9.18,5.16
mask_343,103.76,6.92,3.77
mask_344,95.18,7.35,3.25
mask_345,249.84,12.57,4.99
mask_346,188.13,12.81,3.69
mask_347,147.81,8.86,4.19
mask_348,176.36,10.24,4.32
mask_349,206.88,11.14,4.66
mask_350,307.5,13.17,5.86
mask_351,129.83,8.83,3.69
mask_352,218.68,10.65,5.16
mask_353,205.67,12.94,3.99
mask_354,133.07,8.75,3.82
mask_355,167.67,11.27,3.73
mask_356,154.96,12.68,3.07
mask_357,135.35,11.95,2.84
mask_358,124.0,8.34,3.73
mask_359,139.18,8.37,4.18
mask_360,166.35,9.85,4.24
mask_361,202.48,13.21,3.85
mask_362,216.62,16.47,3.3
mask_363,67.16,7.17,2.35
mask_364,139.4,8.93,3.92
mask_365,236.88,14.63,4.06
mask_366,107.36,9.27,2.91
mask_367,296.64,14.56,5.11
mask_368,131.59,8.25,4.0
mask_369,170.8,7.86,5.46
mask_370,248.1,11.96,5.21
mask_371,155.84,9.47,4.13
mask_372,182.3,10.36,4.42
mask_373,185.1,12.13,3.83
mask_374,120.7,6.89,4.4
mask_375,107.22,8.35,3.22
mask_376,187.14,10.32,4.55
mask_377,208.42,11.59,4.52
mask_378,166.13,7.75,5.38
mask_379,150.62,9.7,3.9
mask_380,165.52,9.85,4.22
mask_381,193.35,12.45,3.9
mask_382,212.22,11.86,4.49
mask_383,262.87,15.7,4.2
mask_384,74.77,7.43,2.53
mask_385,130.02,6.06,5.39
mask_386,169.26,12.18,3.49
mask_387,203.64,9.58,5.33
mask_388,264.36,17.34,3.83
mask_389,110.03,9.42,2.93
mask_390,246.54,13.15,4.71
mask_391,143.47,9.53,3.78
mask_392,133.95,8.95,3.76
mask_393,160.74,10.23,3.94
mask_394,201.71,10.55,4.8
mask_395,205.56,11.88,4.34
mask_396,164.64,9.6,4.31
MaskID,Area(mm^2),Length(mm),Width(mm)
mask_0,384.5,16.66,5.79
mask_1,356.37,14.79,6.05
mask_2,354.06,14.36,6.19
mask_3,315.78,14.18,5.59
mask_4,380.63,14.65,6.52
mask_5,395.97,15.6,6.37
mask_6,332.81,14.81,5.64
mask_7,320.02,14.89,5.39
mask_8,401.58,16.55,6.09
mask_9,323.76,11.41,7.12
mask_10,358.57,14.35,6.27
mask_11,376.06,14.54,6.49
mask_12,335.91,14.3,5.9
mask_13,451.66,17.7,6.41
mask_14,398.04,15.41,6.48
mask_15,358.99,14.67,6.14
mask_16,362.09,15.74,5.78
mask_17,358.21,13.37,6.73
mask_18,375.73,14.54,6.49
mask_19,336.96,15.4,5.49
mask_20,382.72,15.37,6.25
mask_21,411.76,17.85,5.79
mask_22,391.38,16.52,5.95
mask_23,367.7,15.46,5.97
mask_24,327.03,13.29,6.18
mask_25,416.51,18.19,5.75
mask_26,391.05,14.85,6.61
mask_27,327.96,17.21,4.78
mask_28,374.14,16.76,5.6
mask_29,338.33,14.87,5.71
mask_30,429.63,15.9,6.78
mask_31,338.77,14.35,5.93
mask_32,274.34,14.12,4.88
mask_33,375.79,16.82,5.61
mask_34,341.47,15.18,5.65
mask_35,307.75,13.31,5.8
mask_36,343.56,15.21,5.67
mask_37,392.92,15.84,6.23
mask_38,376.89,17.41,5.44
mask_39,335.31,15.05,5.59
mask_40,376.5,16.65,5.68
mask_41,350.41,15.7,5.6
mask_42,347.52,15.71,5.55
mask_43,289.33,14.96,4.86
mask_44,394.82,16.87,5.88
mask_45,344.66,14.74,5.87
mask_46,398.89,16.62,6.02
mask_47,373.2,15.16,6.18
mask_48,319.14,13.47,5.95
mask_49,334.32,16.79,5.0
mask_50,365.89,15.18,6.05
mask_51,381.56,16.09,5.95
mask_52,416.76,15.79,6.62
mask_53,370.67,16.44,5.66
mask_54,361.43,15.75,5.76
mask_55,352.69,16.05,5.52
mask_56,330.3,15.4,5.39
mask_57,320.26,14.91,5.39
mask_58,384.81,15.33,6.3
mask_59,345.43,16.02,5.41
mask_60,356.79,14.19,6.31
mask_61,368.2,14.81,6.24
mask_62,343.01,14.17,6.07
mask_63,343.04,16.0,5.38
mask_64,363.88,15.37,5.94
mask_65,399.02,16.47,6.08
mask_66,391.41,17.11,5.74
mask_67,311.3,15.48,5.05
mask_68,379.2,16.03,5.94
mask_69,315.26,15.25,5.19
mask_70,315.59,13.21,6.0
mask_71,355.99,15.93,5.61
mask_72,339.05,14.24,5.97
mask_73,302.47,15.22,4.99
mask_74,385.52,15.09,6.41
mask_75,268.65,11.29,5.97
mask_76,341.08,14.49,5.91
mask_77,397.18,16.83,5.92
mask_78,372.82,16.25,5.76
mask_79,291.94,14.88,4.92
mask_80,312.92,13.92,5.64
mask_81,377.44,15.54,6.1
mask_82,307.2,15.42,5.0
mask_83,359.12,15.32,5.89
mask_84,294.75,12.71,5.82
mask_85,403.62,16.51,6.14
mask_86,381.95,18.23,5.26
mask_87,370.95,16.41,5.68
mask_88,335.58,16.04,5.25
mask_89,361.68,14.36,6.32
mask_90,352.85,15.72,5.63
mask_91,367.21,16.28,5.66
mask_92,422.73,17.34,6.12
mask_93,337.2,13.32,6.35
mask_94,328.16,15.82,5.21
mask_95,320.62,17.48,4.61
mask_96,375.18,16.16,5.83
mask_97,381.12,16.23,5.9
mask_98,407.74,17.49,5.85
mask_99,327.31,14.02,5.86
mask_100,345.65,14.54,5.97
mask_101,371.55,16.23,5.75
mask_102,386.32,16.64,5.83
mask_103,369.08,15.21,6.09
mask_104,328.21,15.16,5.43
mask_105,319.8,13.81,5.81
mask_106,382.63,15.18,6.33
mask_107,387.61,15.56,6.25
mask_108,316.03,14.13,5.61
mask_109,341.22,12.76,6.71
mask_110,386.29,16.3,5.95
mask_111,365.5,15.12,6.07
mask_112,324.03,15.71,5.18
mask_113,391.74,16.5,5.96
mask_114,376.83,16.46,5.75
mask_115,304.18,12.41,6.15
mask_116,366.57,14.03,6.56
mask_117,390.67,15.81,6.2
mask_118,322.82,15.84,5.12
mask_119,354.58,16.16,5.51
mask_120,328.6,15.23,5.42
mask_121,379.97,16.18,5.9
mask_122,265.02,12.2,5.45
mask_123,339.6,15.65,5.45
mask_124,257.89,14.12,4.58
mask_125,309.54,17.11,4.54
mask_126,301.32,14.96,5.06
mask_127,352.14,15.67,5.64
mask_128,342.4,14.67,5.86
mask_129,372.07,15.64,5.97
mask_130,337.4,13.37,6.33
mask_131,364.24,15.17,6.03
mask_132,425.78,16.5,6.48
mask_133,313.86,13.01,6.06
mask_134,316.94,14.5,5.49
mask_135,356.62,13.93,6.43
mask_136,365.64,20.76,4.42
mask_137,368.8,15.54,5.96
mask_138,418.03,15.15,6.93
mask_139,327.08,13.61,6.03
mask_140,387.37,15.47,6.29
mask_141,388.27,16.98,5.74
mask_142,327.86,12.78,6.44
mask_143,358.11,15.5,5.8
mask_144,312.04,12.91,6.07
mask_145,360.83,15.29,5.92
mask_146,348.15,13.69,6.38
mask_147,291.31,13.77,5.31
mask_148,296.64,13.22,5.63
mask_149,305.22,14.65,5.23
mask_150,336.52,14.76,5.72
mask_151,294.63,12.27,6.03
mask_152,346.23,15.06,5.77
mask_153,329.97,13.44,6.16
mask_154,365.12,15.88,5.77
mask_155,391.08,15.53,6.32
mask_156,309.13,15.3,5.07
mask_157,319.25,14.33,5.59
mask_158,302.39,16.22,4.68
mask_159,346.25,13.57,6.4
mask_160,291.44,14.25,5.14
mask_161,325.85,13.84,5.91
mask_162,255.34,14.49,4.42
mask_163,365.25,16.03,5.72
mask_164,350.21,15.12,5.81
mask_165,314.74,13.74,5.75
mask_166,311.25,17.18,4.55
mask_167,304.95,14.82,5.17
mask_168,358.85,15.82,5.69
mask_169,350.93,14.52,6.06
mask_170,286.74,15.42,4.67
mask_171,315.07,13.81,5.73
mask_172,436.81,15.97,6.87
mask_173,317.98,13.64,5.85
mask_174,390.94,16.68,5.88
mask_175,384.5,14.61,6.61
mask_176,355.46,16.37,5.45
mask_177,325.02,13.38,6.1
mask_178,349.88,16.3,5.39
mask_179,348.59,17.3,5.06
mask_180,320.24,16.8,4.79
mask_181,352.85,13.62,6.51
mask_182,309.73,15.37,5.06
mask_183,234.35,10.95,5.37
mask_184,257.65,15.29,4.23
mask_185,281.46,16.73,4.22
mask_186,278.44,14.7,4.75
mask_187,327.61,14.24,5.78
mask_188,220.66,13.02,4.25
mask_189,283.22,13.87,5.12
mask_190,245.79,13.17,4.68
mask_191,243.18,12.29,4.97
mask_192,286.25,15.25,4.71
mask_193,292.88,24.78,2.97
MaskID,Area(mm^2),Length(mm),Width(mm)
mask_0,172.95,10.9,3.98
mask_1,179.11,11.37,3.95
mask_2,136.37,9.54,3.59
mask_3,162.28,10.03,4.06
mask_4,203.58,12.39,4.13
mask_5,227.67,14.26,4.01
mask_6,166.95,9.8,4.28
mask_7,193.49,10.96,4.43
mask_8,204.24,13.24,3.87
mask_9,183.67,11.45,4.03
mask_10,144.62,10.21,3.55
mask_11,167.94,10.24,4.12
MaskID,Area(mm^2),Length(mm),Width(mm)
mask_0,241.64,13.3,4.56
mask_1,271.51,12.88,5.29
mask_2,263.81,12.36,5.36
mask_3,324.25,15.21,5.35
mask_4,248.08,12.06,5.16
mask_5,230.81,12.32,4.7
mask_6,242.91,11.96,5.1
mask_7,267.93,11.66,5.77
mask_8,286.08,13.72,5.23
mask_9,233.64,13.54,4.33
mask_10,292.9,14.91,4.93
mask_11,302.64,14.84,5.12
mask_12,183.89,11.98,3.85
mask_13,322.33,15.25,5.31
mask_14,281.74,15.16,4.67
mask_15,292.05,14.23,5.15
mask_16,249.18,12.56,4.98
mask_17,174.71,9.77,4.49
mask_18,258.64,11.18,5.81
mask_19,257.7,12.49,5.18
mask_20,209.58,12.21,4.31
mask_21,190.11,11.03,4.32
mask_22,287.79,13.15,5.49
mask_23,213.04,9.88,5.41
mask_24,269.42,12.73,5.31
mask_25,262.27,12.81,5.14
mask_26,247.69,12.23,5.09
mask_27,213.54,12.91,4.15
mask_28,186.7,10.57,4.44
mask_29,161.89,9.13,4.45
mask_30,240.74,12.38,4.88
mask_31,261.61,15.45,4.25
mask_32,243.18,12.58,4.85
mask_33,205.23,11.7,4.4
mask_34,258.23,14.38,4.51
mask_35,342.02,17.07,5.03
mask_36,234.6,12.07,4.88
mask_37,139.95,8.18,4.29
mask_38,257.54,13.93,4.64
mask_39,210.07,13.34,3.95
mask_40,223.33,12.4,4.52
mask_41,256.44,15.34,4.2
mask_42,203.25,10.6,4.81
mask_43,236.03,13.43,4.41
mask_44,245.0,12.27,5.01
mask_45,182.41,11.14,4.11
mask_46,243.68,11.9,5.14
mask_47,167.06,9.6,4.37
mask_48,180.92,10.63,4.27
mask_49,245.44,11.88,5.19
mask_50,190.33,9.85,4.85
mask_51,236.42,12.38,4.79
mask_52,240.76,10.8,5.6
mask_53,281.79,13.89,5.09
mask_54,161.23,9.76,4.15
mask_55,253.41,13.04,4.88
mask_56,205.01,11.93,4.31
mask_57,181.09,11.47,3.96
mask_58,305.72,15.49,4.95
mask_59,312.48,13.13,5.97
mask_60,228.11,11.79,4.86
mask_61,146.66,9.76,3.77
mask_62,192.69,11.24,4.3
mask_63,164.64,9.7,4.26
mask_64,218.49,12.77,4.3
mask_65,361.68,15.5,5.86
mask_66,165.3,10.91,3.8
mask_67,225.91,12.07,4.7
mask_68,300.38,15.53,4.86
mask_69,226.24,11.0,5.16
mask_70,244.94,11.96,5.14
mask_71,262.87,12.61,5.23
mask_72,215.79,10.67,5.08
mask_73,177.43,12.27,3.63
mask_74,91.93,7.87,2.93
mask_75,302.86,13.73,5.54
mask_76,283.88,15.83,4.5
mask_77,242.74,14.24,4.28
mask_78,86.54,7.39,2.94
mask_79,163.82,9.57,4.3
mask_80,172.18,10.99,3.93
mask_81,172.23,10.57,4.09
mask_82,188.95,10.87,4.36
mask_83,224.76,11.35,4.97
mask_84,282.01,14.04,5.04
mask_85,201.33,10.23,4.94
mask_86,220.58,11.31,4.89
mask_87,199.02,11.72,4.26
mask_88,234.05,12.58,4.67
mask_89,127.02,10.05,3.17
mask_90,160.68,11.65,3.46
mask_91,237.96,12.5,4.78
mask_92,164.97,10.33,4.01
mask_93,188.07,10.06,4.69
mask_94,249.78,12.62,4.97
mask_95,194.01,11.53,4.22
mask_96,121.69,8.68,3.52
mask_97,215.35,11.66,4.63
mask_98,228.66,12.65,4.54
mask_99,232.68,11.09,5.27
mask_100,147.76,8.59,4.32
mask_101,239.77,13.01,4.63
mask_102,183.12,13.28,3.46
mask_103,240.98,11.34,5.34
mask_104,188.4,9.24,5.12
mask_105,137.03,8.41,4.09
mask_106,165.03,9.57,4.33
mask_107,248.88,10.98,5.69
mask_108,214.36,11.64,4.62
mask_109,238.73,14.33,4.18
mask_110,226.66,13.24,4.3
mask_111,187.19,11.1,4.23
mask_112,221.35,10.26,5.41
mask_113,178.28,15.66,2.86
mask_114,225.36,12.53,4.51
mask_115,219.53,11.83,4.66
mask_116,162.61,11.72,3.48
mask_117,298.18,15.05,4.97
mask_118,234.05,12.62,4.66
mask_119,196.87,11.65,4.24
mask_120,216.45,12.65,4.3
mask_121,220.41,11.39,4.86
mask_122,219.97,13.17,4.19
mask_123,190.16,13.75,3.47
mask_124,172.45,12.95,3.34
mask_125,155.35,11.41,3.42
mask_126,193.74,10.89,4.47
mask_127,207.6,10.65,4.9
mask_128,208.2,9.91,5.27
mask_129,166.4,10.04,4.16
mask_130,200.94,11.04,4.57
mask_131,157.33,10.63,3.72
mask_132,132.08,9.27,3.58
mask_133,261.36,13.49,4.86
mask_134,196.27,10.48,4.7
mask_135,168.44,10.66,3.97
mask_136,190.66,11.8,4.06
mask_137,204.57,11.13,4.61
mask_138,316.55,14.93,5.32
mask_139,242.03,18.75,3.24
mask_140,202.87,10.97,4.64
mask_141,214.75,11.45,4.71
mask_142,189.39,10.69,4.45
mask_143,205.01,13.74,3.74
mask_144,174.32,10.94,4.0
mask_145,266.04,13.73,4.87
mask_146,166.62,12.04,3.47
mask_147,228.06,12.71,4.5
mask_148,165.36,13.0,3.19
mask_149,141.32,9.62,3.69
mask_150,168.71,11.09,3.82
mask_151,188.62,11.07,4.28
mask_152,213.81,11.52,4.66
mask_153,201.27,10.88,4.64
mask_154,214.03,12.34,4.35
mask_155,213.92,11.04,4.86
mask_156,213.37,13.07,4.1
mask_157,173.83,11.48,3.8
mask_158,274.92,11.92,5.79
mask_159,249.4,12.3,5.09
mask_160,121.74,8.23,3.71
mask_161,179.88,10.27,4.4
mask_162,319.25,14.92,5.37
mask_163,182.13,9.39,4.87
mask_164,185.43,11.23,4.15
mask_165,198.03,11.52,4.31
mask_166,224.76,14.11,4.0
mask_167,287.68,13.52,5.34
mask_168,171.41,9.65,4.46
mask_169,157.11,10.95,3.6
mask_170,194.51,10.39,4.7
mask_171,129.61,9.47,3.44
mask_172,301.07,14.2,5.32
mask_173,121.58,8.68,3.52
mask_174,199.68,12.61,3.98
mask_175,151.22,10.54,3.6
mask_176,193.02,10.43,4.64
mask_177,208.86,10.25,5.12
mask_178,179.85,10.9,4.14
mask_179,213.98,14.18,3.79
mask_180,237.63,12.8,4.66
mask_181,239.66,12.8,4.7
mask_182,280.91,13.98,5.04
mask_183,174.49,9.55,4.59
mask_184,199.62,9.46,5.3
mask_185,278.11,13.46,5.19
mask_186,228.58,12.35,4.65
mask_187,163.32,12.63,3.25
mask_188,140.17,10.71,3.28
mask_189,251.43,15.31,4.12
mask_190,132.41,9.44,3.52
mask_191,232.84,12.52,4.67
mask_192,158.92,10.65,3.75
mask_193,197.92,10.76,4.62
mask_194,231.36,11.68,4.97
mask_195,154.88,9.77,3.98
mask_196,173.83,11.88,3.67
mask_197,182.57,10.96,4.18
mask_198,194.59,11.03,4.43
mask_199,196.6,10.34,4.77
mask_200,152.98,8.83,4.35
mask_201,190.22,12.17,3.92
mask_202,177.95,12.17,3.67
mask_203,211.83,12.39,4.29
mask_204,176.8,11.23,3.95
mask_205,173.77,9.29,4.7
mask_206,255.78,12.39,5.18
mask_207,243.73,12.15,5.04
mask_208,202.54,11.54,4.41
mask_209,175.86,8.24,5.36
mask_210,236.22,12.93,4.59
mask_211,173.5,9.48,4.59
mask_212,170.8,10.31,4.16
mask_213,127.68,9.67,3.32
mask_214,167.28,11.38,3.69
mask_215,148.58,9.98,3.74
mask_216,217.55,12.04,4.54
mask_217,263.92,13.3,4.98
mask_218,119.21,8.96,3.34
mask_219,108.98,8.38,3.27
mask_220,163.98,10.74,3.83
mask_221,237.08,12.23,4.87
mask_222,132.41,9.46,3.51
mask_223,208.48,11.46,4.57
mask_224,213.43,10.88,4.93
mask_225,136.37,10.24,3.34
mask_226,165.8,10.51,3.96
mask_227,161.34,10.94,3.7
mask_228,132.14,10.37,3.2
mask_229,129.53,9.8,3.32
mask_230,367.92,20.05,4.61
mask_231,194.62,9.99,4.89
mask_232,188.62,12.61,3.75
mask_233,241.34,16.53,3.67
mask_234,245.41,16.3,3.78
mask_235,218.71,14.36,3.82
mask_236,266.14,13.63,4.9
mask_237,154.47,9.54,4.07
mask_238,210.59,12.2,4.33
mask_239,171.52,12.03,3.58
mask_240,260.56,12.73,5.14
mask_241,128.89,10.4,3.11
mask_242,145.5,9.68,3.77
mask_243,146.93,10.59,3.48
mask_244,236.03,12.97,4.57
mask_245,199.51,11.29,4.44
mask_246,149.35,11.29,3.32
mask_247,198.74,10.05,4.97
mask_248,220.36,12.59,4.39
mask_249,166.4,9.67,4.32
mask_250,220.8,11.75,4.72
mask_251,187.08,10.54,4.45
mask_252,195.99,11.36,4.33
mask_253,130.96,7.75,4.24
mask_254,280.23,15.4,4.57
mask_255,215.63,12.22,4.43
mask_256,143.19,8.88,4.05
mask_257,148.97,10.1,3.7
mask_258,126.58,9.71,3.27
mask_259,182.08,8.04,5.68
mask_260,174.87,12.14,3.62
mask_261,221.57,11.95,4.65
mask_262,143.3,10.6,3.39
mask_263,170.25,9.71,4.4
mask_264,208.81,10.97,4.78
mask_265,172.18,11.22,3.85
mask_266,154.52,10.53,3.68
mask_267,206.28,12.13,4.27
mask_268,139.67,10.18,3.44
mask_269,132.47,8.03,4.14
mask_270,159.58,13.0,3.08
mask_271,211.72,12.62,4.21
mask_272,171.68,9.44,4.56
mask_273,163.49,9.59,4.28
mask_274,167.75,11.25,3.74
mask_275,217.77,11.77,4.65
mask_276,147.32,10.55,3.5
mask_277,130.1,8.39,3.89
mask_278,196.82,13.35,3.7
mask_279,170.53,11.77,3.64
mask_280,148.03,12.19,3.05
mask_281,210.76,12.57,4.21
mask_282,225.42,13.14,4.3
mask_283,167.17,9.42,4.45
mask_284,174.82,9.71,4.52
mask_285,180.87,10.78,4.21
mask_286,176.08,10.38,4.26
mask_287,111.35,7.8,3.58
mask_288,199.29,12.9,3.88
mask_289,196.65,11.84,4.17
mask_290,137.91,9.56,3.62
mask_291,247.42,12.97,4.79
mask_292,117.56,8.77,3.37
mask_293,234.6,13.53,4.35
mask_294,196.62,12.36,3.99
mask_295,234.0,11.65,5.04
mask_296,132.08,9.07,3.66
mask_297,134.56,9.28,3.64
mask_298,279.81,13.83,5.08
mask_299,120.64,8.97,3.38
mask_300,159.91,9.66,4.15
mask_301,146.0,9.46,3.87
mask_302,294.61,17.48,4.23
mask_303,234.0,12.36,4.75
mask_304,103.76,8.3,3.14
mask_305,236.58,13.99,4.25
mask_306,174.71,12.19,3.6
mask_307,259.52,13.3,4.9
mask_308,267.05,14.04,4.77
mask_309,244.28,15.78,3.89
mask_310,248.19,10.15,6.14
mask_311,85.44,7.66,2.8
mask_312,183.01,12.01,3.82
mask_313,176.52,11.56,3.83
mask_314,123.39,9.09,3.41
mask_315,250.72,13.14,4.79
mask_316,235.7,10.92,5.42
mask_317,104.2,8.94,2.92
mask_318,191.76,12.16,3.96
mask_319,177.57,11.13,4.0
mask_320,170.14,10.81,3.95
mask_321,235.68,15.22,3.89
mask_322,183.01,10.7,4.29
mask_323,164.26,11.84,3.48
mask_324,175.2,13.31,3.3
mask_325,183.62,12.1,3.81
mask_326,192.09,10.68,4.51
mask_327,150.4,9.8,3.85
mask_328,164.26,10.1,4.08
mask_329,113.44,9.21,3.09
mask_330,186.42,10.41,4.49
mask_331,87.64,6.61,3.33
mask_332,159.69,10.54,3.8
mask_333,210.51,11.86,4.46
mask_334,192.25,12.14,3.98
mask_335,160.79,10.96,3.68
mask_336,271.89,12.62,5.41
mask_337,188.24,9.32,5.07
mask_338,169.59,11.26,3.78
mask_339,152.54,10.79,3.55
mask_340,226.85,13.88,4.1
mask_341,229.87,13.79,4.19
mask_342,189.78,12.06,3.95
mask_343,217.99,15.68,3.49
mask_344,133.35,9.76,3.43
mask_345,186.64,11.16,4.2
mask_346,247.72,11.2,5.55
mask_347,170.47,6.8,6.28
mask_348,188.13,9.92,4.76
mask_349,227.78,13.46,4.25
mask_350,236.31,14.53,4.08
mask_351,200.34,12.69,3.96
mask_352,143.74,12.4,2.91
mask_353,256.33,12.0,5.36
mask_354,175.37,9.85,4.47
mask_355,195.72,11.63,4.22
mask_356,220.85,11.98,4.63
mask_357,249.43,13.26,4.72
mask_358,107.83,7.68,3.52
mask_359,172.34,9.74,4.44
mask_360,129.66,10.3,3.16
mask_361,240.76,12.03,5.02
mask_362,208.72,13.05,4.02
mask_363,192.75,10.38,4.66
mask_364,196.16,12.14,4.06
mask_365,148.86,9.16,4.08
mask_366,177.95,13.32,3.35
mask_367,221.65,11.61,4.79
mask_368,103.26,7.71,3.36
mask_369,161.07,10.43,3.88
mask_370,162.66,11.43,3.57
mask_371,151.99,9.52,4.01
mask_372,149.63,9.82,3.83
mask_373,180.15,11.51,3.93
mask_374,119.54,7.98,3.76
mask_375,221.9,11.32,4.92
mask_376,117.89,7.15,4.14
mask_377,107.17,7.24,3.71
mask_378,193.57,11.54,4.21
mask_379,169.87,9.35,4.56
mask_380,159.58,11.98,3.34
mask_381,81.04,7.99,2.55
mask_382,142.31,8.81,4.06
mask_383,205.23,10.98,4.69
mask_384,210.71,13.72,3.86
mask_385,199.62,10.32,4.86
mask_386,110.63,9.19,3.02
mask_387,159.03,12.09,3.3
mask_388,194.56,10.07,4.85
mask_389,224.92,12.29,4.59
mask_390,131.59,9.4,3.51
mask_391,167.45,11.76,3.57
mask_392,193.79,10.91,4.46
mask_393,217.47,10.97,4.98
mask_394,147.81,11.33,3.27
mask_395,131.09,10.79,3.05
mask_396,165.14,9.89,4.19
mask_397,219.56,13.01,4.23
mask_398,135.49,9.53,3.57
mask_399,138.41,13.28,2.62
MaskID,Area(mm^2),Length(mm),Width(mm)
mask_0,251.27,13.96,4.52
mask_1,242.52,12.04,5.06
mask_2,298.73,13.94,5.38
mask_3,226.08,11.48,4.95
mask_4,294.06,14.49,5.1
mask_5,276.07,13.34,5.19
mask_6,189.34,11.55,4.12
mask_7,179.93,7.62,5.93
mask_8,230.37,12.09,4.78
mask_9,302.14,14.42,5.26
mask_10,183.84,10.73,4.3
mask_11,296.31,14.52,5.12
mask_12,181.2,13.33,3.41
mask_13,255.78,11.48,5.59
mask_14,236.86,15.03,3.96
mask_15,214.86,12.04,4.48
mask_16,209.41,11.51,4.57
mask_17,245.93,11.37,5.43
mask_18,229.16,10.91,5.27
mask_19,211.06,12.47,4.25
mask_20,269.25,14.02,4.82
mask_21,336.24,16.74,5.04
mask_22,219.37,12.89,4.27
mask_23,233.23,11.43,5.12
mask_24,260.89,13.95,4.7
mask_25,209.52,12.49,4.21
mask_26,254.57,12.64,5.06
mask_27,222.83,13.32,4.2
mask_28,209.3,12.56,4.18
mask_29,259.57,13.68,4.76
mask_30,220.77,12.58,4.4
mask_31,231.69,13.31,4.37
mask_32,224.98,11.75,4.81
mask_33,118.39,8.39,3.54
mask_34,172.89,10.28,4.22
mask_35,229.32,10.85,5.31
mask_36,281.79,13.57,5.21
mask_37,240.93,11.73,5.16
mask_38,237.02,12.66,4.7
mask_39,150.78,10.97,3.45
mask_40,248.9,14.16,4.41
mask_41,175.97,11.04,4.0
mask_42,262.38,12.19,5.4
mask_43,151.44,10.65,3.57
mask_44,230.53,12.86,4.5
mask_45,118.17,8.85,3.35
mask_46,216.29,10.98,4.95
mask_47,219.26,9.7,5.67
mask_48,231.74,12.72,4.57
mask_49,239.94,13.39,4.5
mask_50,144.51,8.21,4.42
mask_51,197.26,12.03,4.11
mask_52,180.15,11.37,3.98
mask_53,203.14,11.8,4.32
mask_54,174.27,10.31,4.24
mask_55,337.34,17.04,4.97
mask_56,276.9,13.58,5.12
mask_57,214.83,12.11,4.45
mask_58,131.15,10.73,3.07
mask_59,182.02,11.57,3.95
mask_60,208.7,12.6,4.16
mask_61,276.35,13.29,5.22
mask_62,250.5,12.77,4.93
mask_63,253.25,12.48,5.09
mask_64,203.31,11.26,4.53
mask_65,214.09,11.25,4.78
mask_66,214.97,13.7,3.94
mask_67,216.12,14.73,3.68
mask_68,149.71,9.95,3.78
mask_69,164.53,10.53,3.92
mask_70,236.2,11.53,5.14
mask_71,223.93,10.84,5.19
mask_72,203.09,12.06,4.23
mask_73,182.41,11.98,3.82
mask_74,137.36,8.92,3.86
mask_75,162.0,12.59,3.23
mask_76,232.07,11.33,5.14
mask_77,184.5,11.93,3.88
mask_78,247.69,13.03,4.77
mask_79,222.5,12.48,4.47
mask_80,184.28,10.62,4.36
mask_81,218.65,13.49,4.07
mask_82,275.08,14.02,4.93
mask_83,191.26,10.67,4.5
mask_84,170.31,10.53,4.06
mask_85,193.9,11.74,4.15
mask_86,244.39,12.9,4.76
mask_87,223.44,12.1,4.64
mask_88,272.44,12.15,5.63
mask_89,144.51,10.12,3.59
mask_90,246.1,13.6,4.54
mask_91,254.4,12.6,5.07
mask_92,246.54,12.72,4.87
mask_93,194.09,10.78,4.52
mask_94,163.38,9.18,4.47
mask_95,156.06,10.56,3.71
mask_96,222.56,10.41,5.37
mask_97,204.9,10.05,5.12
mask_98,180.37,10.78,4.2
mask_99,211.56,10.91,4.87
mask_100,167.28,12.22,3.44
mask_101,113.44,9.2,3.1
mask_102,137.25,9.09,3.79
mask_103,278.71,15.04,4.65
mask_104,226.68,11.2,5.08
mask_105,249.07,12.19,5.13
mask_106,206.22,11.77,4.4
mask_107,228.22,12.36,4.64
mask_108,211.06,11.42,4.64
mask_109,191.95,11.28,4.27
mask_110,199.68,11.88,4.22
mask_111,160.57,9.72,4.14
mask_112,260.51,13.37,4.89
mask_113,250.77,11.57,5.44
mask_114,173.94,10.36,4.21
mask_115,147.59,9.61,3.86
mask_116,255.17,13.25,4.83
mask_117,305.28,17.2,4.46
mask_118,249.01,12.82,4.88
mask_119,209.96,12.53,4.21
mask_120,183.34,9.7,4.75
mask_121,198.14,12.43,4.0
mask_122,175.97,10.92,4.04
mask_123,175.15,10.93,4.02
mask_124,145.17,9.37,3.89
mask_125,148.97,9.36,4.0
mask_126,181.42,11.27,4.04
mask_127,125.15,8.52,3.69
mask_128,115.58,9.76,2.97
mask_129,195.06,11.19,4.37
mask_130,187.36,9.57,4.91
mask_131,165.58,9.99,4.16
mask_132,204.9,12.08,4.26
mask_133,163.32,12.22,3.36
mask_134,268.56,13.21,5.11
mask_135,182.13,12.58,3.63
mask_136,168.66,10.73,3.95
mask_137,253.47,12.27,5.18
mask_138,181.31,10.93,4.16
mask_139,142.42,10.39,3.44
mask_140,214.14,10.85,4.95
mask_141,173.94,10.51,4.15
mask_142,135.11,9.15,3.71
mask_143,207.54,10.27,5.07
mask_144,193.19,10.05,4.82
mask_145,229.98,11.45,5.04
mask_146,151.03,9.24,4.1
mask_147,196.27,12.56,3.92
mask_148,232.18,11.52,5.06
mask_149,194.45,11.31,4.32
mask_150,185.05,10.6,4.38
mask_151,201.49,10.52,4.81
mask_152,271.04,13.54,5.02
mask_153,319.85,14.86,5.4
mask_154,200.23,9.71,5.17
mask_155,245.33,13.1,4.7
mask_156,198.69,11.23,4.44
mask_157,212.16,12.22,4.36
mask_158,202.7,9.33,5.45
mask_159,217.11,10.57,5.16
mask_160,209.69,10.15,5.19
mask_161,174.43,11.69,3.75
mask_162,218.65,10.59,5.18
mask_163,201.6,11.92,4.24
mask_164,204.74,11.11,4.63
mask_165,148.86,9.17,4.08
mask_166,243.84,13.61,4.5
mask_167,220.88,13.21,4.2
mask_168,150.29,9.2,4.1
mask_169,192.83,10.29,4.71
mask_170,270.38,13.59,4.99
mask_171,152.76,11.23,3.42
mask_172,147.1,10.19,3.62
mask_173,261.22,13.72,4.78
mask_174,225.06,12.23,4.62
mask_175,148.8,9.47,3.94
mask_176,281.85,14.27,4.96
mask_177,173.77,9.64,4.53
mask_178,187.8,10.31,4.57
mask_179,262.76,13.11,5.03
mask_180,210.35,11.18,4.72
mask_181,154.8,9.07,4.28
mask_182,146.05,11.75,3.12
mask_183,138.3,8.21,4.23
mask_184,190.88,10.81,4.43
mask_185,121.63,8.7,3.51
mask_186,128.89,10.3,3.14
mask_187,131.92,8.69,3.81
mask_188,127.85,9.36,3.43
mask_189,167.01,8.84,4.74
mask_190,321.01,14.96,5.39
mask_191,171.08,11.48,3.74
mask_192,107.61,8.93,3.02
mask_193,229.93,13.02,4.43
mask_194,164.53,11.13,3.71
mask_195,194.56,9.86,4.95
mask_196,133.73,10.04,3.34
mask_197,237.68,11.49,5.19
mask_198,273.05,11.1,6.18
mask_199,134.89,9.08,3.73
mask_200,225.58,12.38,4.57
mask_201,166.68,10.84,3.86
mask_202,137.58,9.42,3.67
mask_203,221.73,11.86,4.69
mask_204,206.77,11.21,4.63
mask_205,151.83,9.99,3.81
mask_206,150.23,10.39,3.63
mask_207,141.1,9.1,3.89
mask_208,263.89,14.35,4.62
mask_209,146.93,9.86,3.74
mask_210,235.32,12.21,4.84
mask_211,148.58,12.34,3.02
mask_212,198.52,12.06,4.13
mask_213,174.49,11.09,3.95
mask_214,134.06,10.84,3.1
mask_215,137.47,9.99,3.46
mask_216,157.77,9.43,4.2
mask_217,215.3,11.08,4.88
mask_218,199.73,12.72,3.94
mask_219,136.43,11.48,2.98
mask_220,207.32,12.16,4.28
mask_221,171.96,10.65,4.05
mask_222,251.6,12.97,4.87
mask_223,152.54,10.36,3.7
mask_224,158.15,9.97,3.98
mask_225,226.66,15.13,3.76
mask_226,160.52,10.42,3.87
mask_227,180.04,10.76,4.2
mask_228,197.86,11.73,4.23
MaskID,Area(mm^2),Length(mm),Width(mm)
mask_0,256.49,11.63,5.53
mask_1,227.73,13.29,4.3
mask_2,293.95,14.41,5.12
mask_3,256.6,13.84,4.65
mask_4,257.15,12.78,5.05
mask_5,208.42,11.93,4.39
mask_6,230.53,12.29,4.71
mask_7,250.99,12.32,5.11
mask_8,198.41,11.09,4.49
mask_9,266.34,13.38,5.0
mask_10,248.63,11.42,5.46
mask_11,189.78,11.57,4.12
mask_12,165.36,12.29,3.38
mask_13,312.65,14.45,5.43
mask_14,229.13,11.7,4.92
mask_15,262.27,13.61,4.84
mask_16,223.66,11.42,4.92
mask_17,276.13,14.17,4.89
mask_18,230.81,12.81,4.52
mask_19,226.52,11.29,5.03
mask_20,143.08,8.6,4.17
mask_21,180.7,11.96,3.79
mask_22,210.57,10.71,4.93
mask_23,190.33,10.55,4.53
mask_24,257.81,12.5,5.18
mask_25,267.38,14.79,4.54
mask_26,248.52,13.02,4.79
mask_27,220.58,11.97,4.62
mask_28,226.3,13.88,4.09
mask_29,324.47,14.98,5.44
mask_30,212.11,11.83,4.5
mask_31,212.55,11.91,4.48
mask_32,229.96,12.95,4.46
mask_33,330.71,16.15,5.14
mask_34,264.36,12.55,5.29
mask_35,211.39,13.61,3.9
mask_36,286.08,13.72,5.23
mask_37,148.36,10.8,3.45
mask_38,238.51,11.12,5.39
mask_39,275.36,12.51,5.52
mask_40,233.45,13.68,4.28
mask_41,201.93,13.1,3.87
mask_42,174.38,10.37,4.22
mask_43,175.53,10.38,4.24
mask_44,257.59,12.45,5.19
mask_45,246.76,11.5,5.39
mask_46,194.07,10.98,4.44
mask_47,212.93,10.99,4.86
mask_48,273.82,14.56,4.72
mask_49,203.53,10.99,4.65
mask_50,274.48,15.73,4.38
mask_51,236.64,12.63,4.71
mask_52,229.65,12.12,4.76
mask_53,132.96,8.89,3.76
mask_54,179.71,10.62,4.25
mask_55,198.63,11.57,4.31
mask_56,173.77,10.77,4.05
mask_57,212.22,13.32,4.0
mask_58,249.15,15.18,4.12
mask_59,231.69,13.01,4.47
mask_60,208.26,13.14,3.98
mask_61,273.32,13.68,5.02
mask_62,261.06,12.57,5.21
mask_63,149.96,9.03,4.17
mask_64,136.81,9.27,3.7
mask_65,276.46,13.75,5.05
mask_66,185.71,10.48,4.45
mask_67,186.92,10.36,4.53
mask_68,189.78,12.12,3.93
mask_69,134.67,10.44,3.24
mask_70,189.23,9.65,4.92
mask_71,277.37,12.42,5.61
mask_72,161.07,10.54,3.84
mask_73,219.42,12.49,4.41
mask_74,165.3,12.16,3.41
mask_75,183.34,9.88,4.66
mask_76,265.43,13.26,5.03
mask_77,233.06,14.26,4.1
mask_78,238.23,13.06,4.58
mask_79,229.1,12.15,4.73
mask_80,182.41,9.39,4.88
mask_81,223.99,11.72,4.8
mask_82,214.58,12.13,4.44
mask_83,228.0,11.13,5.14
mask_84,263.04,14.18,4.66
mask_85,138.63,8.99,3.87
mask_86,221.24,13.59,4.09
mask_87,199.02,11.61,4.3
mask_88,175.09,10.1,4.35
mask_89,232.02,11.34,5.14
mask_90,210.02,12.1,4.36
mask_91,176.58,10.73,4.13
mask_92,123.5,8.31,3.73
mask_93,193.57,13.21,3.68
mask_94,258.72,11.84,5.48
mask_95,175.26,11.42,3.85
mask_96,190.49,13.28,3.6
mask_97,225.97,11.25,5.04
mask_98,132.8,10.45,3.19
mask_99,246.98,11.54,5.37
mask_100,165.25,11.73,3.54
mask_101,196.68,12.19,4.05
mask_102,186.81,9.95,4.72
mask_103,193.08,12.56,3.86
mask_104,250.72,10.86,5.8
mask_105,249.01,14.01,4.46
mask_106,198.08,10.53,4.72
mask_107,149.41,10.32,3.63
mask_108,102.77,8.6,3.0
mask_109,156.83,9.9,3.97
mask_110,286.14,14.42,4.98
mask_111,219.92,13.98,3.95
mask_112,162.55,9.76,4.18
mask_113,244.94,11.7,5.26
mask_114,149.41,10.55,3.55
mask_115,104.25,8.53,3.07
mask_116,176.47,9.63,4.6
mask_117,224.26,12.01,4.69
mask_118,247.39,10.43,5.96
mask_119,189.47,10.43,4.56
mask_120,194.73,10.33,4.73
mask_121,225.03,10.99,5.14
mask_122,223.93,14.92,3.77
mask_123,223.77,12.02,4.67
mask_124,175.15,10.37,4.24
mask_125,159.97,11.93,3.37
mask_126,164.59,9.86,4.19
mask_127,228.94,13.21,4.35
mask_128,231.3,11.63,4.99
mask_129,239.55,12.32,4.88
mask_130,177.9,11.8,3.78
mask_131,130.84,9.09,3.61
mask_132,236.22,13.72,4.32
mask_133,164.92,13.26,3.12
mask_134,268.84,13.83,4.88
mask_135,127.96,9.39,3.42
mask_136,210.4,10.26,5.15
mask_137,266.5,13.57,4.93
mask_138,249.51,12.88,4.86
mask_139,193.93,9.86,4.94
mask_140,227.29,11.52,4.95
mask_141,116.57,8.78,3.33
mask_142,145.06,10.2,3.57
mask_143,214.91,12.06,4.47
mask_144,211.81,14.08,3.78
mask_145,192.2,10.87,4.44
mask_146,203.28,12.57,4.06
mask_147,199.46,11.57,4.33
mask_148,287.24,14.87,4.85
mask_149,100.73,8.55,2.96
mask_150,146.71,9.26,3.98
mask_151,175.59,9.74,4.53
mask_152,257.43,14.35,4.5
mask_153,103.81,9.63,2.71
mask_154,193.85,11.44,4.25
mask_155,240.41,11.04,5.47
mask_156,206.28,12.64,4.1
mask_157,183.73,9.77,4.72
mask_158,179.27,10.81,4.16
mask_159,206.17,12.97,3.99
mask_160,247.14,13.6,4.56
mask_161,253.47,12.64,5.03
mask_162,176.69,10.43,4.25
mask_163,183.12,10.62,4.33
mask_164,166.98,10.54,3.98
mask_165,206.25,11.22,4.61
mask_166,98.86,7.56,3.28
mask_167,206.0,11.29,4.58
mask_168,194.12,12.06,4.04
mask_169,224.68,11.83,4.77
mask_170,204.52,12.16,4.22
mask_171,167.06,14.55,2.88
mask_172,225.8,13.08,4.33
mask_173,190.88,9.2,5.21
mask_174,233.39,14.54,4.03
mask_175,207.93,11.81,4.42
mask_176,203.97,12.61,4.06
mask_177,215.19,13.24,4.08
mask_178,175.7,10.91,4.04
mask_179,179.38,9.32,4.83
mask_180,167.45,9.34,4.5
mask_181,165.85,9.35,4.45
mask_182,162.77,10.73,3.81
mask_183,156.45,8.89,4.42
mask_184,240.49,12.88,4.69
mask_185,202.78,9.55,5.33
mask_186,204.13,11.96,4.28
mask_187,173.41,10.35,4.21
mask_188,168.57,11.9,3.56
mask_189,289.11,16.73,4.34
mask_190,153.09,10.28,3.74
mask_191,97.93,7.41,3.32
mask_192,167.83,11.35,3.71
mask_193,194.4,12.31,3.96
mask_194,250.28,12.86,4.89
mask_195,117.07,8.67,3.39
mask_196,154.96,12.95,3.0
mask_197,253.63,14.33,4.44
mask_198,197.53,18.91,2.62
mask_199,245.93,12.72,4.85
mask_200,198.85,11.6,4.3
mask_201,241.86,12.4,4.9
mask_202,148.64,8.34,4.47
mask_203,182.46,12.04,3.8
mask_204,202.37,11.69,4.34
mask_205,206.66,12.81,4.05
mask_206,220.63,11.04,5.02
mask_207,100.57,7.22,3.5
mask_208,238.95,11.59,5.18
mask_209,210.57,12.0,4.41
mask_210,229.38,12.94,4.45
mask_211,176.52,11.49,3.86
mask_212,162.88,10.38,3.94
mask_213,170.36,10.49,4.08
mask_214,164.67,11.49,3.6
mask_215,184.77,12.92,3.59
mask_216,159.25,10.77,3.71
mask_217,125.26,8.21,3.83
mask_218,207.54,11.82,4.41
mask_219,253.03,13.48,4.71
mask_220,139.18,10.35,3.37
mask_221,177.73,10.86,4.11
mask_222,141.38,8.0,4.43
mask_223,209.58,10.68,4.93
mask_224,137.09,9.99,3.44
mask_225,124.22,8.82,3.54
mask_226,149.35,9.93,3.78
mask_227,176.69,10.01,4.43
mask_228,149.41,9.62,3.9
mask_229,162.61,9.53,4.28
mask_230,200.17,13.4,3.75
mask_231,156.17,10.86,3.61
mask_232,92.15,7.4,3.13
mask_233,138.63,8.91,3.91
mask_234,211.5,10.81,4.91
mask_235,197.26,11.69,4.23
mask_236,112.23,8.24,3.42
mask_237,101.01,8.01,3.17
mask_238,216.34,12.35,4.4
mask_239,149.79,11.14,3.38
mask_240,200.28,12.57,4.0
mask_241,185.43,12.74,3.65
mask_242,177.07,9.81,4.53
mask_243,137.03,8.05,4.27
mask_244,132.85,8.1,4.12
mask_245,153.81,8.77,4.4
mask_246,184.0,10.55,4.38
mask_247,247.39,11.46,5.42
mask_248,194.43,10.33,4.72
mask_249,119.6,8.21,3.66
mask_250,114.15,8.49,3.38
mask_251,187.08,10.77,4.36
mask_252,189.56,8.73,5.45
mask_253,132.36,10.32,3.22
mask_254,196.05,10.75,4.58
mask_255,134.78,10.44,3.24
mask_256,173.94,11.76,3.71
mask_257,147.29,11.85,3.12
mask_258,145.17,10.05,3.62
mask_259,205.62,11.18,4.62
mask_260,224.1,10.56,5.33
mask_261,281.41,14.64,4.83
mask_262,209.41,12.31,4.27
mask_263,163.98,10.84,3.8
mask_264,142.26,11.52,3.1
mask_265,192.53,12.48,3.87
mask_266,133.68,9.63,3.49
mask_267,109.86,8.78,3.14
mask_268,184.88,9.02,5.14
mask_269,138.9,10.82,3.22
mask_270,117.84,8.9,3.32
mask_271,172.23,10.9,3.97
mask_272,253.52,15.15,4.2
mask_273,93.42,8.09,2.9
mask_274,207.87,10.72,4.87
mask_275,151.33,10.36,3.67
mask_276,48.87,5.44,2.26
mask_277,136.43,8.16,4.2
mask_278,217.83,10.88,5.03
mask_279,145.56,9.35,3.91
mask_280,145.39,9.15,3.99
mask_281,178.72,10.2,4.4
mask_282,207.84,10.05,5.19
mask_283,230.23,12.97,4.46
mask_284,139.56,10.11,3.47
mask_285,234.49,12.28,4.79
mask_286,154.8,12.16,3.2
mask_287,151.66,10.74,3.55
mask_288,153.2,10.5,3.66
mask_289,163.87,10.49,3.92
mask_290,202.56,14.51,3.5
mask_291,150.67,9.16,4.13
mask_292,201.47,11.02,4.59
mask_293,226.46,11.44,4.97
mask_294,129.44,8.64,3.76
mask_295,160.19,10.94,3.68
mask_296,168.38,9.46,4.47
mask_297,163.21,13.67,3.0
mask_298,117.04,8.08,3.63
mask_299,148.47,12.18,3.06
mask_300,195.0,10.99,4.45
mask_301,219.53,12.61,4.37
mask_302,176.08,10.2,4.33
mask_303,220.85,13.22,4.19
mask_304,261.99,14.04,4.68
mask_305,169.65,12.01,3.55
mask_306,161.51,13.57,2.99
mask_307,168.05,9.83,4.29
mask_308,176.19,10.47,4.23
mask_309,141.16,9.32,3.8
mask_310,190.99,13.05,3.67
mask_311,120.64,8.74,3.46
mask_312,135.77,8.88,3.84
mask_313,192.94,10.86,4.46
mask_314,130.43,9.05,3.62
mask_315,208.81,11.19,4.69
mask_316,159.8,10.65,3.77
mask_317,160.9,12.67,3.19
mask_318,112.34,7.78,3.63
mask_319,146.6,10.88,3.38
mask_320,162.39,10.78,3.78
mask_321,224.81,12.1,4.67
mask_322,108.1,8.36,3.25
mask_323,118.55,8.45,3.52
mask_324,124.11,9.95,3.13
mask_325,150.51,10.35,3.65
mask_326,183.89,10.32,4.47
mask_327,195.66,11.66,4.21
mask_328,130.1,9.26,3.53
mask_329,206.39,12.21,4.24
mask_330,190.41,10.73,4.45
mask_331,124.99,10.71,2.93
mask_332,98.37,8.73,2.83
mask_333,220.41,16.87,3.28
mask_334,103.1,9.15,2.83
mask_335,180.04,13.0,3.48
mask_336,152.38,12.13,3.15
mask_337,195.55,10.75,4.57
mask_338,182.08,8.11,5.63
mask_339,227.65,14.43,3.96
mask_340,129.28,10.43,3.11
mask_341,142.48,9.79,3.65
mask_342,122.35,7.77,3.95
mask_343,159.8,8.78,4.57
mask_344,122.68,10.69,2.88
mask_345,265.76,13.41,4.98
mask_346,179.93,11.51,3.92
MaskID,Area(mm^2),Length(mm),Width(mm)
mask_0,192.8,11.73,4.12
mask_1,231.41,14.71,3.95
mask_2,175.31,10.76,4.09
mask_3,154.58,9.74,3.99
mask_4,141.82,9.25,3.85
mask_5,185.71,11.35,4.11
mask_6,178.61,10.65,4.21
mask_7,277.28,13.28,5.24
mask_8,174.93,11.41,3.85
mask_9,185.6,12.75,3.65
mask_10,213.48,12.73,4.21
mask_11,183.89,9.92,4.65
mask_12,184.94,11.21,4.14
mask_13,141.38,9.01,3.94
mask_14,156.17,9.55,4.11
mask_15,180.37,12.65,3.58
mask_16,164.59,10.15,4.07
mask_17,160.08,11.05,3.64
mask_18,177.73,12.09,3.69
mask_19,163.82,9.54,4.31
mask_20,218.96,11.15,4.93
mask_21,233.61,13.74,4.27
mask_22,240.93,13.18,4.59
mask_23,190.6,10.48,4.56
MaskID,Area(mm^2),Length(mm),Width(mm)
mask_0,241.64,13.3,4.56
mask_1,271.51,12.88,5.29
mask_2,263.81,12.36,5.36
mask_3,324.25,15.21,5.35
mask_4,248.08,12.06,5.16
mask_5,230.81,12.32,4.7
mask_6,242.91,11.96,5.1
mask_7,267.93,11.66,5.77
mask_8,286.08,13.72,5.23
mask_9,233.64,13.54,4.33
mask_10,292.9,14.91,4.93
mask_11,302.64,14.84,5.12
mask_12,183.89,11.98,3.85
mask_13,322.33,15.25,5.31
mask_14,281.74,15.16,4.67
mask_15,292.05,14.23,5.15
mask_16,249.18,12.56,4.98
mask_17,174.71,9.77,4.49
mask_18,258.64,11.18,5.81
mask_19,257.7,12.49,5.18
mask_20,209.58,12.21,4.31
mask_21,190.11,11.03,4.32
mask_22,287.79,13.15,5.49
mask_23,213.04,9.88,5.41
mask_24,269.42,12.73,5.31
mask_25,262.27,12.81,5.14
mask_26,247.69,12.23,5.09
mask_27,213.54,12.91,4.15
mask_28,186.7,10.57,4.44
mask_29,161.89,9.13,4.45
mask_30,240.74,12.38,4.88
mask_31,261.61,15.45,4.25
mask_32,243.18,12.58,4.85
mask_33,205.23,11.7,4.4
mask_34,258.23,14.38,4.51
mask_35,342.02,17.07,5.03
mask_36,234.6,12.07,4.88
mask_37,139.95,8.18,4.29
mask_38,257.54,13.93,4.64
mask_39,210.07,13.34,3.95
mask_40,223.33,12.4,4.52
mask_41,256.44,15.34,4.2
mask_42,203.25,10.6,4.81
mask_43,236.03,13.43,4.41
mask_44,245.0,12.27,5.01
mask_45,182.41,11.14,4.11
mask_46,243.68,11.9,5.14
mask_47,167.06,9.6,4.37
mask_48,180.92,10.63,4.27
mask_49,245.44,11.88,5.19
mask_50,190.33,9.85,4.85
mask_51,236.42,12.38,4.79
mask_52,240.76,10.8,5.6
mask_53,281.79,13.89,5.09
mask_54,161.23,9.76,4.15
mask_55,253.41,13.04,4.88
mask_56,205.01,11.93,4.31
mask_57,181.09,11.47,3.96
mask_58,305.72,15.49,4.95
mask_59,312.48,13.13,5.97
mask_60,228.11,11.79,4.86
mask_61,146.66,9.76,3.77
mask_62,192.69,11.24,4.3
mask_63,164.64,9.7,4.26
mask_64,218.49,12.77,4.3
mask_65,361.68,15.5,5.86
mask_66,165.3,10.91,3.8
mask_67,225.91,12.07,4.7
mask_68,300.38,15.53,4.86
mask_69,226.24,11.0,5.16
mask_70,244.94,11.96,5.14
mask_71,262.87,12.61,5.23
mask_72,215.79,10.67,5.08
mask_73,177.43,12.27,3.63
mask_74,91.93,7.87,2.93
mask_75,302.86,13.73,5.54
mask_76,283.88,15.83,4.5
mask_77,242.74,14.24,4.28
mask_78,86.54,7.39,2.94
mask_79,163.82,9.57,4.3
mask_80,172.18,10.99,3.93
mask_81,172.23,10.57,4.09
mask_82,188.95,10.87,4.36
mask_83,224.76,11.35,4.97
mask_84,282.01,14.04,5.04
mask_85,201.33,10.23,4.94
mask_86,220.58,11.31,4.89
mask_87,199.02,11.72,4.26
mask_88,234.05,12.58,4.67
mask_89,127.02,10.05,3.17
mask_90,160.68,11.65,3.46
mask_91,237.96,12.5,4.78
mask_92,164.97,10.33,4.01
mask_93,188.07,10.06,4.69
mask_94,249.78,12.62,4.97
mask_95,194.01,11.53,4.22
mask_96,121.69,8.68,3.52
mask_97,215.35,11.66,4.63
mask_98,228.66,12.65,4.54
mask_99,232.68,11.09,5.27
mask_100,147.76,8.59,4.32
mask_101,239.77,13.01,4.63
mask_102,183.12,13.28,3.46
mask_103,240.98,11.34,5.34
mask_104,188.4,9.24,5.12
mask_105,137.03,8.41,4.09
mask_106,165.03,9.57,4.33
mask_107,248.88,10.98,5.69
mask_108,214.36,11.64,4.62
mask_109,238.73,14.33,4.18
mask_110,226.66,13.24,4.3
mask_111,187.19,11.1,4.23
mask_112,221.35,10.26,5.41
mask_113,178.28,15.66,2.86
mask_114,225.36,12.53,4.51
mask_115,219.53,11.83,4.66
mask_116,162.61,11.72,3.48
mask_117,298.18,15.05,4.97
mask_118,234.05,12.62,4.66
mask_119,196.87,11.65,4.24
mask_120,216.45,12.65,4.3
mask_121,220.41,11.39,4.86
mask_122,219.97,13.17,4.19
mask_123,190.16,13.75,3.47
mask_124,172.45,12.95,3.34
mask_125,155.35,11.41,3.42
mask_126,193.74,10.89,4.47
mask_127,207.6,10.65,4.9
mask_128,208.2,9.91,5.27
mask_129,166.4,10.04,4.16
mask_130,200.94,11.04,4.57
mask_131,157.33,10.63,3.72
mask_132,132.08,9.27,3.58
mask_133,261.36,13.49,4.86
mask_134,196.27,10.48,4.7
mask_135,168.44,10.66,3.97
mask_136,190.66,11.8,4.06
mask_137,204.57,11.13,4.61
mask_138,316.55,14.93,5.32
mask_139,242.03,18.75,3.24
mask_140,202.87,10.97,4.64
mask_141,214.75,11.45,4.71
mask_142,189.39,10.69,4.45
mask_143,205.01,13.74,3.74
mask_144,174.32,10.94,4.0
mask_145,266.04,13.73,4.87
mask_146,166.62,12.04,3.47
mask_147,228.06,12.71,4.5
mask_148,165.36,13.0,3.19
mask_149,141.32,9.62,3.69
mask_150,168.71,11.09,3.82
mask_151,188.62,11.07,4.28
mask_152,213.81,11.52,4.66
mask_153,201.27,10.88,4.64
mask_154,214.03,12.34,4.35
mask_155,213.92,11.04,4.86
mask_156,213.37,13.07,4.1
mask_157,173.83,11.48,3.8
mask_158,274.92,11.92,5.79
mask_159,249.4,12.3,5.09
mask_160,121.74,8.23,3.71
mask_161,179.88,10.27,4.4
mask_162,319.25,14.92,5.37
mask_163,182.13,9.39,4.87
mask_164,185.43,11.23,4.15
mask_165,198.03,11.52,4.31
mask_166,224.76,14.11,4.0
mask_167,287.68,13.52,5.34
mask_168,171.41,9.65,4.46
mask_169,157.11,10.95,3.6
mask_170,194.51,10.39,4.7
mask_171,129.61,9.47,3.44
mask_172,301.07,14.2,5.32
mask_173,121.58,8.68,3.52
mask_174,199.68,12.61,3.98
mask_175,151.22,10.54,3.6
mask_176,193.02,10.43,4.64
mask_177,208.86,10.25,5.12
mask_178,179.85,10.9,4.14
mask_179,213.98,14.18,3.79
mask_180,237.63,12.8,4.66
mask_181,239.66,12.8,4.7
mask_182,280.91,13.98,5.04
mask_183,174.49,9.55,4.59
mask_184,199.62,9.46,5.3
mask_185,278.11,13.46,5.19
mask_186,228.58,12.35,4.65
mask_187,163.32,12.63,3.25
mask_188,140.17,10.71,3.28
mask_189,251.43,15.31,4.12
mask_190,132.41,9.44,3.52
mask_191,232.84,12.52,4.67
mask_192,158.92,10.65,3.75
mask_193,197.92,10.76,4.62
mask_194,231.36,11.68,4.97
mask_195,154.88,9.77,3.98
mask_196,173.83,11.88,3.67
mask_197,182.57,10.96,4.18
mask_198,194.59,11.03,4.43
mask_199,196.6,10.34,4.77
mask_200,152.98,8.83,4.35
mask_201,190.22,12.17,3.92
mask_202,177.95,12.17,3.67
mask_203,211.83,12.39,4.29
mask_204,176.8,11.23,3.95
mask_205,173.77,9.29,4.7
mask_206,255.78,12.39,5.18
mask_207,243.73,12.15,5.04
mask_208,202.54,11.54,4.41
mask_209,175.86,8.24,5.36
mask_210,236.22,12.93,4.59
mask_211,173.5,9.48,4.59
mask_212,170.8,10.31,4.16
mask_213,127.68,9.67,3.32
mask_214,167.28,11.38,3.69
mask_215,148.58,9.98,3.74
mask_216,217.55,12.04,4.54
mask_217,263.92,13.3,4.98
mask_218,119.21,8.96,3.34
mask_219,108.98,8.38,3.27
mask_220,163.98,10.74,3.83
mask_221,237.08,12.23,4.87
mask_222,132.41,9.46,3.51
mask_223,208.48,11.46,4.57
mask_224,213.43,10.88,4.93
mask_225,136.37,10.24,3.34
mask_226,165.8,10.51,3.96
mask_227,161.34,10.94,3.7
mask_228,132.14,10.37,3.2
mask_229,129.53,9.8,3.32
mask_230,367.92,20.05,4.61
mask_231,194.62,9.99,4.89
mask_232,188.62,12.61,3.75
mask_233,241.34,16.53,3.67
mask_234,245.41,16.3,3.78
mask_235,218.71,14.36,3.82
mask_236,266.14,13.63,4.9
mask_237,154.47,9.54,4.07
mask_238,210.59,12.2,4.33
mask_239,171.52,12.03,3.58
mask_240,260.56,12.73,5.14
mask_241,128.89,10.4,3.11
mask_242,145.5,9.68,3.77
mask_243,146.93,10.59,3.48
mask_244,236.03,12.97,4.57
mask_245,199.51,11.29,4.44
mask_246,149.35,11.29,3.32
mask_247,198.74,10.05,4.97
mask_248,220.36,12.59,4.39
mask_249,166.4,9.67,4.32
mask_250,220.8,11.75,4.72
mask_251,187.08,10.54,4.45
mask_252,195.99,11.36,4.33
mask_253,130.96,7.75,4.24
mask_254,280.23,15.4,4.57
mask_255,215.63,12.22,4.43
mask_256,143.19,8.88,4.05
mask_257,148.97,10.1,3.7
mask_258,126.58,9.71,3.27
mask_259,182.08,8.04,5.68
mask_260,174.87,12.14,3.62
mask_261,221.57,11.95,4.65
mask_262,143.3,10.6,3.39
mask_263,170.25,9.71,4.4
mask_264,208.81,10.97,4.78
mask_265,172.18,11.22,3.85
mask_266,154.52,10.53,3.68
mask_267,206.28,12.13,4.27
mask_268,139.67,10.18,3.44
mask_269,132.47,8.03,4.14
mask_270,159.58,13.0,3.08
mask_271,211.72,12.62,4.21
mask_272,171.68,9.44,4.56
mask_273,163.49,9.59,4.28
mask_274,167.75,11.25,3.74
mask_275,217.77,11.77,4.65
mask_276,147.32,10.55,3.5
mask_277,130.1,8.39,3.89
mask_278,196.82,13.35,3.7
mask_279,170.53,11.77,3.64
mask_280,148.03,12.19,3.05
mask_281,210.76,12.57,4.21
mask_282,225.42,13.14,4.3
mask_283,167.17,9.42,4.45
mask_284,174.82,9.71,4.52
mask_285,180.87,10.78,4.21
mask_286,176.08,10.38,4.26
mask_287,111.35,7.8,3.58
mask_288,199.29,12.9,3.88
mask_289,196.65,11.84,4.17
mask_290,137.91,9.56,3.62
mask_291,247.42,12.97,4.79
mask_292,117.56,8.77,3.37
mask_293,234.6,13.53,4.35
mask_294,196.62,12.36,3.99
mask_295,234.0,11.65,5.04
mask_296,132.08,9.07,3.66
mask_297,134.56,9.28,3.64
mask_298,279.81,13.83,5.08
mask_299,120.64,8.97,3.38
mask_300,159.91,9.66,4.15
mask_301,146.0,9.46,3.87
mask_302,294.61,17.48,4.23
mask_303,234.0,12.36,4.75
mask_304,103.76,8.3,3.14
mask_305,236.58,13.99,4.25
mask_306,174.71,12.19,3.6
mask_307,259.52,13.3,4.9
mask_308,267.05,14.04,4.77
mask_309,244.28,15.78,3.89
mask_310,248.19,10.15,6.14
mask_311,85.44,7.66,2.8
mask_312,183.01,12.01,3.82
mask_313,176.52,11.56,3.83
mask_314,123.39,9.09,3.41
mask_315,250.72,13.14,4.79
mask_316,235.7,10.92,5.42
mask_317,104.2,8.94,2.92
mask_318,191.76,12.16,3.96
mask_319,177.57,11.13,4.0
mask_320,170.14,10.81,3.95
mask_321,235.68,15.22,3.89
mask_322,183.01,10.7,4.29
mask_323,164.26,11.84,3.48
mask_324,175.2,13.31,3.3
mask_325,183.62,12.1,3.81
mask_326,192.09,10.68,4.51
mask_327,150.4,9.8,3.85
mask_328,164.26,10.1,4.08
mask_329,113.44,9.21,3.09
mask_330,186.42,10.41,4.49
mask_331,87.64,6.61,3.33
mask_332,159.69,10.54,3.8
mask_333,210.51,11.86,4.46
mask_334,192.25,12.14,3.98
mask_335,160.79,10.96,3.68
mask_336,271.89,12.62,5.41
mask_337,188.24,9.32,5.07
mask_338,169.59,11.26,3.78
mask_339,152.54,10.79,3.55
mask_340,226.85,13.88,4.1
mask_341,229.87,13.79,4.19
mask_342,189.78,12.06,3.95
mask_343,217.99,15.68,3.49
mask_344,133.35,9.76,3.43
mask_345,186.64,11.16,4.2
mask_346,247.72,11.2,5.55
mask_347,170.47,6.8,6.28
mask_348,188.13,9.92,4.76
mask_349,227.78,13.46,4.25
mask_350,236.31,14.53,4.08
mask_351,200.34,12.69,3.96
mask_352,143.74,12.4,2.91
mask_353,256.33,12.0,5.36
mask_354,175.37,9.85,4.47
mask_355,195.72,11.63,4.22
mask_356,220.85,11.98,4.63
mask_357,249.43,13.26,4.72
mask_358,107.83,7.68,3.52
mask_359,172.34,9.74,4.44
mask_360,129.66,10.3,3.16
mask_361,240.76,12.03,5.02
mask_362,208.72,13.05,4.02
mask_363,192.75,10.38,4.66
mask_364,196.16,12.14,4.06
mask_365,148.86,9.16,4.08
mask_366,177.95,13.32,3.35
mask_367,221.65,11.61,4.79
mask_368,103.26,7.71,3.36
mask_369,161.07,10.43,3.88
mask_370,162.66,11.43,3.57
mask_371,151.99,9.52,4.01
mask_372,149.63,9.82,3.83
mask_373,180.15,11.51,3.93
mask_374,119.54,7.98,3.76
mask_375,221.9,11.32,4.92
mask_376,117.89,7.15,4.14
mask_377,107.17,7.24,3.71
mask_378,193.57,11.54,4.21
mask_379,169.87,9.35,4.56
mask_380,159.58,11.98,3.34
mask_381,81.04,7.99,2.55
mask_382,142.31,8.81,4.06
mask_383,205.23,10.98,4.69
mask_384,210.71,13.72,3.86
mask_385,199.62,10.32,4.86
mask_386,110.63,9.19,3.02
mask_387,159.03,12.09,3.3
mask_388,194.56,10.07,4.85
mask_389,224.92,12.29,4.59
mask_390,131.59,9.4,3.51
mask_391,167.45,11.76,3.57
mask_392,193.79,10.91,4.46
mask_393,217.47,10.97,4.98
mask_394,147.81,11.33,3.27
mask_395,131.09,10.79,3.05
mask_396,165.14,9.89,4.19
mask_397,219.56,13.01,4.23
mask_398,135.49,9.53,3.57
mask_399,138.41,13.28,2.62
MaskID,Area(mm^2),Length(mm),Width(mm)
mask_0,251.27,13.96,4.52
mask_1,242.52,12.04,5.06
mask_2,298.73,13.94,5.38
mask_3,226.08,11.48,4.95
mask_4,294.06,14.49,5.1
mask_5,276.07,13.34,5.19
mask_6,189.34,11.55,4.12
mask_7,179.93,7.62,5.93
mask_8,230.37,12.09,4.78
mask_9,302.14,14.42,5.26
mask_10,183.84,10.73,4.3
mask_11,296.31,14.52,5.12
mask_12,181.2,13.33,3.41
mask_13,255.78,11.48,5.59
mask_14,236.86,15.03,3.96
mask_15,214.86,12.04,4.48
mask_16,209.41,11.51,4.57
mask_17,245.93,11.37,5.43
mask_18,229.16,10.91,5.27
mask_19,211.06,12.47,4.25
mask_20,269.25,14.02,4.82
mask_21,336.24,16.74,5.04
mask_22,219.37,12.89,4.27
mask_23,233.23,11.43,5.12
mask_24,260.89,13.95,4.7
mask_25,209.52,12.49,4.21
mask_26,254.57,12.64,5.06
mask_27,222.83,13.32,4.2
mask_28,209.3,12.56,4.18
mask_29,259.57,13.68,4.76
mask_30,220.77,12.58,4.4
mask_31,231.69,13.31,4.37
mask_32,224.98,11.75,4.81
mask_33,118.39,8.39,3.54
mask_34,172.89,10.28,4.22
mask_35,229.32,10.85,5.31
mask_36,281.79,13.57,5.21
mask_37,240.93,11.73,5.16
mask_38,237.02,12.66,4.7
mask_39,150.78,10.97,3.45
mask_40,248.9,14.16,4.41
mask_41,175.97,11.04,4.0
mask_42,262.38,12.19,5.4
mask_43,151.44,10.65,3.57
mask_44,230.53,12.86,4.5
mask_45,118.17,8.85,3.35
mask_46,216.29,10.98,4.95
mask_47,219.26,9.7,5.67
mask_48,231.74,12.72,4.57
mask_49,239.94,13.39,4.5
mask_50,144.51,8.21,4.42
mask_51,197.26,12.03,4.11
mask_52,180.15,11.37,3.98
mask_53,203.14,11.8,4.32
mask_54,174.27,10.31,4.24
mask_55,337.34,17.04,4.97
mask_56,276.9,13.58,5.12
mask_57,214.83,12.11,4.45
mask_58,131.15,10.73,3.07
mask_59,182.02,11.57,3.95
mask_60,208.7,12.6,4.16
mask_61,276.35,13.29,5.22
mask_62,250.5,12.77,4.93
mask_63,253.25,12.48,5.09
mask_64,203.31,11.26,4.53
mask_65,214.09,11.25,4.78
mask_66,214.97,13.7,3.94
mask_67,216.12,14.73,3.68
mask_68,149.71,9.95,3.78
mask_69,164.53,10.53,3.92
mask_70,236.2,11.53,5.14
mask_71,223.93,10.84,5.19
mask_72,203.09,12.06,4.23
mask_73,182.41,11.98,3.82
mask_74,137.36,8.92,3.86
mask_75,162.0,12.59,3.23
mask_76,232.07,11.33,5.14
mask_77,184.5,11.93,3.88
mask_78,247.69,13.03,4.77
mask_79,222.5,12.48,4.47
mask_80,184.28,10.62,4.36
mask_81,218.65,13.49,4.07
mask_82,275.08,14.02,4.93
mask_83,191.26,10.67,4.5
mask_84,170.31,10.53,4.06
mask_85,193.9,11.74,4.15
mask_86,244.39,12.9,4.76
mask_87,223.44,12.1,4.64
mask_88,272.44,12.15,5.63
mask_89,144.51,10.12,3.59
mask_90,246.1,13.6,4.54
mask_91,254.4,12.6,5.07
mask_92,246.54,12.72,4.87
mask_93,194.09,10.78,4.52
mask_94,163.38,9.18,4.47
mask_95,156.06,10.56,3.71
mask_96,222.56,10.41,5.37
mask_97,204.9,10.05,5.12
mask_98,180.37,10.78,4.2
mask_99,211.56,10.91,4.87
mask_100,167.28,12.22,3.44
mask_101,113.44,9.2,3.1
mask_102,137.25,9.09,3.79
mask_103,278.71,15.04,4.65
mask_104,226.68,11.2,5.08
mask_105,249.07,12.19,5.13
mask_106,206.22,11.77,4.4
mask_107,228.22,12.36,4.64
mask_108,211.06,11.42,4.64
mask_109,191.95,11.28,4.27
mask_110,199.68,11.88,4.22
mask_111,160.57,9.72,4.14
mask_112,260.51,13.37,4.89
mask_113,250.77,11.57,5.44
mask_114,173.94,10.36,4.21
mask_115,147.59,9.61,3.86
mask_116,255.17,13.25,4.83
mask_117,305.28,17.2,4.46
mask_118,249.01,12.82,4.88
mask_119,209.96,12.53,4.21
mask_120,183.34,9.7,4.75
mask_121,198.14,12.43,4.0
mask_122,175.97,10.92,4.04
mask_123,175.15,10.93,4.02
mask_124,145.17,9.37,3.89
mask_125,148.97,9.36,4.0
mask_126,181.42,11.27,4.04
mask_127,125.15,8.52,3.69
mask_128,115.58,9.76,2.97
mask_129,195.06,11.19,4.37
mask_130,187.36,9.57,4.91
mask_131,165.58,9.99,4.16
mask_132,204.9,12.08,4.26
mask_133,163.32,12.22,3.36
mask_134,268.56,13.21,5.11
mask_135,182.13,12.58,3.63
mask_136,168.66,10.73,3.95
mask_137,253.47,12.27,5.18
mask_138,181.31,10.93,4.16
mask_139,142.42,10.39,3.44
mask_140,214.14,10.85,4.95
mask_141,173.94,10.51,4.15
mask_142,135.11,9.15,3.71
mask_143,207.54,10.27,5.07
mask_144,193.19,10.05,4.82
mask_145,229.98,11.45,5.04
mask_146,151.03,9.24,4.1
mask_147,196.27,12.56,3.92
mask_148,232.18,11.52,5.06
mask_149,194.45,11.31,4.32
mask_150,185.05,10.6,4.38
mask_151,201.49,10.52,4.81
mask_152,271.04,13.54,5.02
mask_153,319.85,14.86,5.4
mask_154,200.23,9.71,5.17
mask_155,245.33,13.1,4.7
mask_156,198.69,11.23,4.44
mask_157,212.16,12.22,4.36
mask_158,202.7,9.33,5.45
mask_159,217.11,10.57,5.16
mask_160,209.69,10.15,5.19
mask_161,174.43,11.69,3.75
mask_162,218.65,10.59,5.18
mask_163,201.6,11.92,4.24
mask_164,204.74,11.11,4.63
mask_165,148.86,9.17,4.08
mask_166,243.84,13.61,4.5
mask_167,220.88,13.21,4.2
mask_168,150.29,9.2,4.1
mask_169,192.83,10.29,4.71
mask_170,270.38,13.59,4.99
mask_171,152.76,11.23,3.42
mask_172,147.1,10.19,3.62
mask_173,261.22,13.72,4.78
mask_174,225.06,12.23,4.62
mask_175,148.8,9.47,3.94
mask_176,281.85,14.27,4.96
mask_177,173.77,9.64,4.53
mask_178,187.8,10.31,4.57
mask_179,262.76,13.11,5.03
mask_180,210.35,11.18,4.72
mask_181,154.8,9.07,4.28
mask_182,146.05,11.75,3.12
mask_183,138.3,8.21,4.23
mask_184,190.88,10.81,4.43
mask_185,121.63,8.7,3.51
mask_186,128.89,10.3,3.14
mask_187,131.92,8.69,3.81
mask_188,127.85,9.36,3.43
mask_189,167.01,8.84,4.74
mask_190,321.01,14.96,5.39
mask_191,171.08,11.48,3.74
mask_192,107.61,8.93,3.02
mask_193,229.93,13.02,4.43
mask_194,164.53,11.13,3.71
mask_195,194.56,9.86,4.95
mask_196,133.73,10.04,3.34
mask_197,237.68,11.49,5.19
mask_198,273.05,11.1,6.18
mask_199,134.89,9.08,3.73
mask_200,225.58,12.38,4.57
mask_201,166.68,10.84,3.86
mask_202,137.58,9.42,3.67
mask_203,221.73,11.86,4.69
mask_204,206.77,11.21,4.63
mask_205,151.83,9.99,3.81
mask_206,150.23,10.39,3.63
mask_207,141.1,9.1,3.89
mask_208,263.89,14.35,4.62
mask_209,146.93,9.86,3.74
mask_210,235.32,12.21,4.84
mask_211,148.58,12.34,3.02
mask_212,198.52,12.06,4.13
mask_213,174.49,11.09,3.95
mask_214,134.06,10.84,3.1
mask_215,137.47,9.99,3.46
mask_216,157.77,9.43,4.2
mask_217,215.3,11.08,4.88
mask_218,199.73,12.72,3.94
mask_219,136.43,11.48,2.98
mask_220,207.32,12.16,4.28
mask_221,171.96,10.65,4.05
mask_222,251.6,12.97,4.87
mask_223,152.54,10.36,3.7
mask_224,158.15,9.97,3.98
mask_225,226.66,15.13,3.76
mask_226,160.52,10.42,3.87
mask_227,180.04,10.76,4.2
mask_228,197.86,11.73,4.23
MaskID,Area(mm^2),Length(mm),Width(mm)
mask_0,172.95,10.9,3.98
mask_1,179.11,11.37,3.95
mask_2,136.37,9.54,3.59
mask_3,162.28,10.03,4.06
mask_4,203.58,12.39,4.13
mask_5,227.67,14.26,4.01
mask_6,166.95,9.8,4.28
mask_7,193.49,10.96,4.43
mask_8,204.24,13.24,3.87
mask_9,183.67,11.45,4.03
mask_10,144.62,10.21,3.55
mask_11,167.94,10.24,4.12
MaskID,Area(mm^2),Length(mm),Width(mm)
mask_0,172.95,10.9,3.98
mask_1,179.11,11.37,3.95
mask_2,136.37,9.54,3.59
mask_3,162.28,10.03,4.06
mask_4,203.58,12.39,4.13
mask_5,227.67,14.26,4.01
mask_6,166.95,9.8,4.28
mask_7,193.49,10.96,4.43
mask_8,204.24,13.24,3.87
mask_9,183.67,11.45,4.03
mask_10,144.62,10.21,3.55
mask_11,167.94,10.24,4.12
MaskID,Area(mm^2),Length(mm),Width(mm)
mask_0,172.95,10.9,3.98
mask_1,179.11,11.37,3.95
mask_2,136.37,9.54,3.59
mask_3,162.28,10.03,4.06
mask_4,203.58,12.39,4.13
mask_5,227.67,14.26,4.01
mask_6,166.95,9.8,4.28
mask_7,193.49,10.96,4.43
mask_8,204.24,13.24,3.87
mask_9,183.67,11.45,4.03
mask_10,144.62,10.21,3.55
mask_11,167.94,10.24,4.12
MaskID,Area(mm^2),Length(mm),Width(mm)
mask_0,256.49,11.63,5.53
mask_1,227.73,13.29,4.3
mask_2,293.95,14.41,5.12
mask_3,256.6,13.84,4.65
mask_4,257.15,12.78,5.05
mask_5,208.42,11.93,4.39
mask_6,230.53,12.29,4.71
mask_7,250.99,12.32,5.11
mask_8,198.41,11.09,4.49
mask_9,266.34,13.38,5.0
mask_10,248.63,11.42,5.46
mask_11,189.78,11.57,4.12
mask_12,165.36,12.29,3.38
mask_13,312.65,14.45,5.43
mask_14,229.13,11.7,4.92
mask_15,262.27,13.61,4.84
mask_16,223.66,11.42,4.92
mask_17,276.13,14.17,4.89
mask_18,230.81,12.81,4.52
mask_19,226.52,11.29,5.03
mask_20,143.08,8.6,4.17
mask_21,180.7,11.96,3.79
mask_22,210.57,10.71,4.93
mask_23,190.33,10.55,4.53
mask_24,257.81,12.5,5.18
mask_25,267.38,14.79,4.54
mask_26,248.52,13.02,4.79
mask_27,220.58,11.97,4.62
mask_28,226.3,13.88,4.09
mask_29,324.47,14.98,5.44
mask_30,212.11,11.83,4.5
mask_31,212.55,11.91,4.48
mask_32,229.96,12.95,4.46
mask_33,330.71,16.15,5.14
mask_34,264.36,12.55,5.29
mask_35,211.39,13.61,3.9
mask_36,286.08,13.72,5.23
mask_37,148.36,10.8,3.45
mask_38,238.51,11.12,5.39
mask_39,275.36,12.51,5.52
mask_40,233.45,13.68,4.28
mask_41,201.93,13.1,3.87
mask_42,174.38,10.37,4.22
mask_43,175.53,10.38,4.24
mask_44,257.59,12.45,5.19
mask_45,246.76,11.5,5.39
mask_46,194.07,10.98,4.44
mask_47,212.93,10.99,4.86
mask_48,273.82,14.56,4.72
mask_49,203.53,10.99,4.65
mask_50,274.48,15.73,4.38
mask_51,236.64,12.63,4.71
mask_52,229.65,12.12,4.76
mask_53,132.96,8.89,3.76
mask_54,179.71,10.62,4.25
mask_55,198.63,11.57,4.31
mask_56,173.77,10.77,4.05
mask_57,212.22,13.32,4.0
mask_58,249.15,15.18,4.12
mask_59,231.69,13.01,4.47
mask_60,208.26,13.14,3.98
mask_61,273.32,13.68,5.02
mask_62,261.06,12.57,5.21
mask_63,149.96,9.03,4.17
mask_64,136.81,9.27,3.7
mask_65,276.46,13.75,5.05
mask_66,185.71,10.48,4.45
mask_67,186.92,10.36,4.53
mask_68,189.78,12.12,3.93
mask_69,134.67,10.44,3.24
mask_70,189.23,9.65,4.92
mask_71,277.37,12.42,5.61
mask_72,161.07,10.54,3.84
mask_73,219.42,12.49,4.41
mask_74,165.3,12.16,3.41
mask_75,183.34,9.88,4.66
mask_76,265.43,13.26,5.03
mask_77,233.06,14.26,4.1
mask_78,238.23,13.06,4.58
mask_79,229.1,12.15,4.73
mask_80,182.41,9.39,4.88
mask_81,223.99,11.72,4.8
mask_82,214.58,12.13,4.44
mask_83,228.0,11.13,5.14
mask_84,263.04,14.18,4.66
mask_85,138.63,8.99,3.87
mask_86,221.24,13.59,4.09
mask_87,199.02,11.61,4.3
mask_88,175.09,10.1,4.35
mask_89,232.02,11.34,5.14
mask_90,210.02,12.1,4.36
mask_91,176.58,10.73,4.13
mask_92,123.5,8.31,3.73
mask_93,193.57,13.21,3.68
mask_94,258.72,11.84,5.48
mask_95,175.26,11.42,3.85
mask_96,190.49,13.28,3.6
mask_97,225.97,11.25,5.04
mask_98,132.8,10.45,3.19
mask_99,246.98,11.54,5.37
mask_100,165.25,11.73,3.54
mask_101,196.68,12.19,4.05
mask_102,186.81,9.95,4.72
mask_103,193.08,12.56,3.86
mask_104,250.72,10.86,5.8
mask_105,249.01,14.01,4.46
mask_106,198.08,10.53,4.72
mask_107,149.41,10.32,3.63
mask_108,102.77,8.6,3.0
mask_109,156.83,9.9,3.97
mask_110,286.14,14.42,4.98
mask_111,219.92,13.98,3.95
mask_112,162.55,9.76,4.18
mask_113,244.94,11.7,5.26
mask_114,149.41,10.55,3.55
mask_115,104.25,8.53,3.07
mask_116,176.47,9.63,4.6
mask_117,224.26,12.01,4.69
mask_118,247.39,10.43,5.96
mask_119,189.47,10.43,4.56
mask_120,194.73,10.33,4.73
mask_121,225.03,10.99,5.14
mask_122,223.93,14.92,3.77
mask_123,223.77,12.02,4.67
mask_124,175.15,10.37,4.24
mask_125,159.97,11.93,3.37
mask_126,164.59,9.86,4.19
mask_127,228.94,13.21,4.35
mask_128,231.3,11.63,4.99
mask_129,239.55,12.32,4.88
mask_130,177.9,11.8,3.78
mask_131,130.84,9.09,3.61
mask_132,236.22,13.72,4.32
mask_133,164.92,13.26,3.12
mask_134,268.84,13.83,4.88
mask_135,127.96,9.39,3.42
mask_136,210.4,10.26,5.15
mask_137,266.5,13.57,4.93
mask_138,249.51,12.88,4.86
mask_139,193.93,9.86,4.94
mask_140,227.29,11.52,4.95
mask_141,116.57,8.78,3.33
mask_142,145.06,10.2,3.57
mask_143,214.91,12.06,4.47
mask_144,211.81,14.08,3.78
mask_145,192.2,10.87,4.44
mask_146,203.28,12.57,4.06
mask_147,199.46,11.57,4.33
mask_148,287.24,14.87,4.85
mask_149,100.73,8.55,2.96
mask_150,146.71,9.26,3.98
mask_151,175.59,9.74,4.53
mask_152,257.43,14.35,4.5
mask_153,103.81,9.63,2.71
mask_154,193.85,11.44,4.25
mask_155,240.41,11.04,5.47
mask_156,206.28,12.64,4.1
mask_157,183.73,9.77,4.72
mask_158,179.27,10.81,4.16
mask_159,206.17,12.97,3.99
mask_160,247.14,13.6,4.56
mask_161,253.47,12.64,5.03
mask_162,176.69,10.43,4.25
mask_163,183.12,10.62,4.33
mask_164,166.98,10.54,3.98
mask_165,206.25,11.22,4.61
mask_166,98.86,7.56,3.28
mask_167,206.0,11.29,4.58
mask_168,194.12,12.06,4.04
mask_169,224.68,11.83,4.77
mask_170,204.52,12.16,4.22
mask_171,167.06,14.55,2.88
mask_172,225.8,13.08,4.33
mask_173,190.88,9.2,5.21
mask_174,233.39,14.54,4.03
mask_175,207.93,11.81,4.42
mask_176,203.97,12.61,4.06
mask_177,215.19,13.24,4.08
mask_178,175.7,10.91,4.04
mask_179,179.38,9.32,4.83
mask_180,167.45,9.34,4.5
mask_181,165.85,9.35,4.45
mask_182,162.77,10.73,3.81
mask_183,156.45,8.89,4.42
mask_184,240.49,12.88,4.69
mask_185,202.78,9.55,5.33
mask_186,204.13,11.96,4.28
mask_187,173.41,10.35,4.21
mask_188,168.57,11.9,3.56
mask_189,289.11,16.73,4.34
mask_190,153.09,10.28,3.74
mask_191,97.93,7.41,3.32
mask_192,167.83,11.35,3.71
mask_193,194.4,12.31,3.96
mask_194,250.28,12.86,4.89
mask_195,117.07,8.67,3.39
mask_196,154.96,12.95,3.0
mask_197,253.63,14.33,4.44
mask_198,197.53,18.91,2.62
mask_199,245.93,12.72,4.85
mask_200,198.85,11.6,4.3
mask_201,241.86,12.4,4.9
mask_202,148.64,8.34,4.47
mask_203,182.46,12.04,3.8
mask_204,202.37,11.69,4.34
mask_205,206.66,12.81,4.05
mask_206,220.63,11.04,5.02
mask_207,100.57,7.22,3.5
mask_208,238.95,11.59,5.18
mask_209,210.57,12.0,4.41
mask_210,229.38,12.94,4.45
mask_211,176.52,11.49,3.86
mask_212,162.88,10.38,3.94
mask_213,170.36,10.49,4.08
mask_214,164.67,11.49,3.6
mask_215,184.77,12.92,3.59
mask_216,159.25,10.77,3.71
mask_217,125.26,8.21,3.83
mask_218,207.54,11.82,4.41
mask_219,253.03,13.48,4.71
mask_220,139.18,10.35,3.37
mask_221,177.73,10.86,4.11
mask_222,141.38,8.0,4.43
mask_223,209.58,10.68,4.93
mask_224,137.09,9.99,3.44
mask_225,124.22,8.82,3.54
mask_226,149.35,9.93,3.78
mask_227,176.69,10.01,4.43
mask_228,149.41,9.62,3.9
mask_229,162.61,9.53,4.28
mask_230,200.17,13.4,3.75
mask_231,156.17,10.86,3.61
mask_232,92.15,7.4,3.13
mask_233,138.63,8.91,3.91
mask_234,211.5,10.81,4.91
mask_235,197.26,11.69,4.23
mask_236,112.23,8.24,3.42
mask_237,101.01,8.01,3.17
mask_238,216.34,12.35,4.4
mask_239,149.79,11.14,3.38
mask_240,200.28,12.57,4.0
mask_241,185.43,12.74,3.65
mask_242,177.07,9.81,4.53
mask_243,137.03,8.05,4.27
mask_244,132.85,8.1,4.12
mask_245,153.81,8.77,4.4
mask_246,184.0,10.55,4.38
mask_247,247.39,11.46,5.42
mask_248,194.43,10.33,4.72
mask_249,119.6,8.21,3.66
mask_250,114.15,8.49,3.38
mask_251,187.08,10.77,4.36
mask_252,189.56,8.73,5.45
mask_253,132.36,10.32,3.22
mask_254,196.05,10.75,4.58
mask_255,134.78,10.44,3.24
mask_256,173.94,11.76,3.71
mask_257,147.29,11.85,3.12
mask_258,145.17,10.05,3.62
mask_259,205.62,11.18,4.62
mask_260,224.1,10.56,5.33
mask_261,281.41,14.64,4.83
mask_262,209.41,12.31,4.27
mask_263,163.98,10.84,3.8
mask_264,142.26,11.52,3.1
mask_265,192.53,12.48,3.87
mask_266,133.68,9.63,3.49
mask_267,109.86,8.78,3.14
mask_268,184.88,9.02,5.14
mask_269,138.9,10.82,3.22
mask_270,117.84,8.9,3.32
mask_271,172.23,10.9,3.97
mask_272,253.52,15.15,4.2
mask_273,93.42,8.09,2.9
mask_274,207.87,10.72,4.87
mask_275,151.33,10.36,3.67
mask_276,48.87,5.44,2.26
mask_277,136.43,8.16,4.2
mask_278,217.83,10.88,5.03
mask_279,145.56,9.35,3.91
mask_280,145.39,9.15,3.99
mask_281,178.72,10.2,4.4
mask_282,207.84,10.05,5.19
mask_283,230.23,12.97,4.46
mask_284,139.56,10.11,3.47
mask_285,234.49,12.28,4.79
mask_286,154.8,12.16,3.2
mask_287,151.66,10.74,3.55
mask_288,153.2,10.5,3.66
mask_289,163.87,10.49,3.92
mask_290,202.56,14.51,3.5
mask_291,150.67,9.16,4.13
mask_292,201.47,11.02,4.59
mask_293,226.46,11.44,4.97
mask_294,129.44,8.64,3.76
mask_295,160.19,10.94,3.68
mask_296,168.38,9.46,4.47
mask_297,163.21,13.67,3.0
mask_298,117.04,8.08,3.63
mask_299,148.47,12.18,3.06
mask_300,195.0,10.99,4.45
mask_301,219.53,12.61,4.37
mask_302,176.08,10.2,4.33
mask_303,220.85,13.22,4.19
mask_304,261.99,14.04,4.68
mask_305,169.65,12.01,3.55
mask_306,161.51,13.57,2.99
mask_307,168.05,9.83,4.29
mask_308,176.19,10.47,4.23
mask_309,141.16,9.32,3.8
mask_310,190.99,13.05,3.67
mask_311,120.64,8.74,3.46
mask_312,135.77,8.88,3.84
mask_313,192.94,10.86,4.46
mask_314,130.43,9.05,3.62
mask_315,208.81,11.19,4.69
mask_316,159.8,10.65,3.77
mask_317,160.9,12.67,3.19
mask_318,112.34,7.78,3.63
mask_319,146.6,10.88,3.38
mask_320,162.39,10.78,3.78
mask_321,224.81,12.1,4.67
mask_322,108.1,8.36,3.25
mask_323,118.55,8.45,3.52
mask_324,124.11,9.95,3.13
mask_325,150.51,10.35,3.65
mask_326,183.89,10.32,4.47
mask_327,195.66,11.66,4.21
mask_328,130.1,9.26,3.53
mask_329,206.39,12.21,4.24
mask_330,190.41,10.73,4.45
mask_331,124.99,10.71,2.93
mask_332,98.37,8.73,2.83
mask_333,220.41,16.87,3.28
mask_334,103.1,9.15,2.83
mask_335,180.04,13.0,3.48
mask_336,152.38,12.13,3.15
mask_337,195.55,10.75,4.57
mask_338,182.08,8.11,5.63
mask_339,227.65,14.43,3.96
mask_340,129.28,10.43,3.11
mask_341,142.48,9.79,3.65
mask_342,122.35,7.77,3.95
mask_343,159.8,8.78,4.57
mask_344,122.68,10.69,2.88
mask_345,265.76,13.41,4.98
mask_346,179.93,11.51,3.92
MaskID,Area(mm^2),Length(mm),Width(mm)
mask_0,235.15,12.87,4.58
mask_1,261.22,13.05,5.02
mask_2,267.08,14.07,4.77
mask_3,211.34,12.64,4.2
mask_4,211.61,10.92,4.86
mask_5,267.38,13.29,5.05
mask_6,327.0,14.75,5.56
mask_7,213.87,10.74,5.0
mask_8,297.69,14.7,5.08
mask_9,252.26,15.08,4.2
mask_10,197.67,11.32,4.38
mask_11,245.99,11.67,5.29
mask_12,196.93,14.06,3.52
mask_13,147.65,10.68,3.47
mask_14,248.46,13.08,4.77
mask_15,230.97,13.76,4.21
mask_16,226.46,11.9,4.78
mask_17,225.91,13.08,4.33
mask_18,130.6,7.67,4.27
mask_19,247.2,12.16,5.11
mask_20,245.05,11.72,5.25
mask_21,204.02,10.85,4.72
mask_22,119.49,8.46,3.55
mask_23,219.2,12.0,4.59
mask_24,256.38,14.55,4.42
mask_25,282.62,14.78,4.8
mask_26,207.27,11.5,4.53
mask_27,228.33,11.74,4.88
mask_28,256.0,11.64,5.52
mask_29,290.54,13.91,5.24
mask_30,168.44,10.27,4.12
mask_31,236.25,15.24,3.89
mask_32,140.17,9.47,3.72
mask_33,258.42,11.97,5.42
mask_34,220.19,12.54,4.41
mask_35,179.11,9.49,4.74
mask_36,245.33,13.22,4.66
mask_37,225.14,12.66,4.46
mask_38,198.74,12.49,3.99
mask_39,224.18,12.89,4.37
mask_40,280.31,13.8,5.1
mask_41,214.47,10.45,5.15
mask_42,208.86,11.63,4.51
mask_43,249.56,12.93,4.85
mask_44,210.24,10.4,5.07
mask_45,226.19,11.61,4.89
mask_46,218.21,11.22,4.88
mask_47,178.23,10.2,4.39
mask_48,202.43,11.55,4.4
mask_49,259.85,12.74,5.12
mask_50,231.96,11.56,5.04
mask_51,242.3,11.8,5.15
mask_52,308.74,15.28,5.07
mask_53,199.84,10.16,4.94
mask_54,278.49,14.28,4.89
mask_55,186.81,11.8,3.97
mask_56,206.88,11.17,4.65
mask_57,240.54,13.02,4.64
mask_58,229.71,12.02,4.8
mask_59,236.58,12.75,4.66
mask_60,168.6,9.92,4.27
mask_61,235.7,12.36,4.79
mask_62,202.98,11.69,4.36
mask_63,252.37,14.75,4.29
mask_64,179.0,10.44,4.3
mask_65,228.72,11.7,4.91
mask_66,235.1,13.57,4.35
mask_67,224.32,12.0,4.69
mask_68,252.53,13.99,4.53
mask_69,239.63,11.04,5.45
mask_70,232.4,13.15,4.44
mask_71,309.24,13.59,5.71
mask_72,238.56,11.95,5.01
mask_73,181.03,10.93,4.16
mask_74,179.0,12.13,3.71
mask_75,154.8,10.4,3.74
mask_76,232.57,13.3,4.39
mask_77,137.97,9.91,3.5
mask_78,230.04,12.53,4.61
mask_79,263.64,12.35,5.36
mask_80,248.79,13.91,4.49
mask_81,275.38,13.53,5.11
mask_82,192.2,11.3,4.27
mask_83,123.94,9.49,3.28
mask_84,254.95,14.31,4.47
mask_85,270.79,12.58,5.4
mask_86,167.67,10.01,4.21
mask_87,193.74,11.2,4.34
mask_88,205.31,11.54,4.47
mask_89,209.08,11.44,4.59
mask_90,239.28,14.12,4.25
mask_91,172.73,9.91,4.37
mask_92,165.47,10.67,3.89
mask_93,175.64,10.89,4.05
mask_94,242.14,11.24,5.41
mask_95,281.13,13.15,5.36
mask_96,243.4,13.24,4.62
mask_97,236.39,12.97,4.57
mask_98,224.32,12.73,4.42
mask_99,263.39,16.79,3.94
mask_100,254.4,13.59,4.7
mask_101,238.67,12.68,4.72
mask_102,259.55,10.59,6.15
mask_103,214.03,12.31,4.37
mask_104,276.73,13.17,5.27
mask_105,200.01,11.7,4.29
mask_106,279.32,14.84,4.73
mask_107,136.26,9.26,3.7
mask_108,245.44,12.95,4.76
mask_109,213.54,12.56,4.27
mask_110,238.59,12.38,4.84
mask_111,235.87,12.35,4.79
mask_112,222.78,11.65,4.8
mask_113,243.51,12.97,4.71
mask_114,284.79,13.88,5.15
mask_115,169.32,10.53,4.03
mask_116,236.09,11.68,5.07
mask_117,182.52,11.15,4.11
mask_118,270.02,13.52,5.02
mask_119,246.73,12.37,5.01
mask_120,219.31,11.88,4.64
mask_121,146.82,8.49,4.34
mask_122,262.95,13.68,4.82
mask_123,177.13,9.43,4.71
mask_124,219.15,12.03,4.57
mask_125,211.83,10.97,4.85
mask_126,267.66,14.52,4.63
mask_127,185.32,11.87,3.92
mask_128,255.67,13.09,4.9
mask_129,250.0,11.33,5.54
mask_130,302.47,13.33,5.7
mask_131,163.82,9.9,4.15
mask_132,211.17,12.34,4.3
mask_133,185.29,10.76,4.32
mask_134,228.94,11.82,4.86
mask_135,241.53,13.23,4.58
mask_136,218.21,10.81,5.07
mask_137,258.31,13.08,4.96
mask_138,278.74,14.75,4.74
mask_139,143.69,9.93,3.63
mask_140,175.78,9.71,4.55
mask_141,187.3,12.02,3.91
mask_142,241.26,14.41,4.2
mask_143,188.4,11.29,4.19
mask_144,188.13,11.52,4.1
mask_145,262.76,11.64,5.67
mask_146,176.74,8.83,5.02
mask_147,175.37,9.75,4.51
mask_148,416.87,21.25,4.92
mask_149,185.71,10.04,4.64
mask_150,198.3,11.47,4.34
mask_151,138.49,9.22,3.77
mask_152,130.82,9.11,3.61
mask_153,316.03,14.72,5.39
mask_154,243.95,13.89,4.41
mask_155,141.76,10.56,3.37
mask_156,228.77,12.29,4.67
mask_157,209.19,10.92,4.81
mask_158,200.56,10.54,4.78
mask_159,130.6,7.81,4.2
mask_160,285.7,14.12,5.08
mask_161,216.67,11.21,4.85
mask_162,199.62,10.57,4.74
mask_163,195.44,8.98,5.46
mask_164,146.49,9.03,4.07
mask_165,198.08,11.37,4.38
mask_166,147.26,11.56,3.2
mask_167,277.34,12.96,5.37
mask_168,250.83,12.61,4.99
mask_169,228.17,11.16,5.13
mask_170,235.43,11.2,5.28
mask_171,109.26,7.04,3.9
mask_172,234.33,12.72,4.62
mask_173,272.63,16.42,4.17
mask_174,266.92,12.76,5.25
mask_175,221.9,13.18,4.22
mask_176,169.15,10.66,3.98
mask_177,157.22,13.82,2.85
mask_178,221.62,10.51,5.29
mask_179,158.59,11.17,3.56
mask_180,274.92,17.34,3.98
mask_181,200.61,14.0,3.6
mask_182,191.34,11.47,4.19
mask_183,156.17,9.38,4.18
mask_184,160.9,9.65,4.18
mask_185,194.97,13.59,3.6
mask_186,251.65,12.84,4.92
mask_187,136.21,10.7,3.2
mask_188,147.37,10.17,3.64
mask_189,262.82,14.28,4.62
mask_190,201.49,12.13,4.17
mask_191,190.71,10.95,4.37
mask_192,239.06,13.78,4.35
mask_193,161.78,7.59,5.35
mask_194,96.44,8.16,2.97
mask_195,234.33,12.89,4.56
mask_196,214.97,10.95,4.93
mask_197,151.61,9.53,3.99
mask_198,161.18,11.13,3.64
mask_199,238.92,14.49,4.14
mask_200,180.21,8.81,5.13
mask_201,267.11,13.34,5.03
mask_202,259.71,11.31,5.77
mask_203,141.38,8.68,4.09
mask_204,168.22,12.86,3.28
mask_205,256.22,12.31,5.23
mask_206,220.03,12.67,4.36
mask_207,177.9,13.14,3.4
mask_208,209.96,12.61,4.18
mask_209,208.92,11.42,4.59
mask_210,148.47,11.8,3.16
mask_211,198.3,12.13,4.1
mask_212,196.76,10.98,4.5
mask_213,228.72,11.99,4.79
mask_214,91.77,6.54,3.52
mask_215,151.44,9.57,3.97
mask_216,177.4,12.22,3.64
mask_217,207.6,13.33,3.91
mask_218,184.06,10.76,4.29
mask_219,189.23,10.5,4.53
mask_220,157.38,9.02,4.38
mask_221,163.32,8.91,4.6
mask_222,171.52,11.19,3.85
mask_223,190.16,11.31,4.22
mask_224,192.2,10.98,4.39
mask_225,191.59,12.14,3.96
mask_226,189.12,17.25,2.75
mask_227,292.41,12.72,5.77
mask_228,158.76,10.52,3.79
mask_229,283.63,12.7,5.61
mask_230,193.52,12.12,4.01
mask_231,229.16,12.06,4.77
mask_232,211.86,13.14,4.05
mask_233,191.92,10.58,4.55
mask_234,254.46,12.28,5.2
mask_235,199.9,12.39,4.05
mask_236,165.14,8.48,4.89
mask_237,190.11,12.06,3.96
mask_238,239.28,13.11,4.58
mask_239,171.24,9.8,4.39
mask_240,119.21,7.23,4.14
mask_241,228.11,13.71,4.18
mask_242,197.42,10.88,4.56
mask_243,181.91,10.37,4.41
mask_244,178.75,8.96,5.01
mask_245,170.2,11.03,3.87
mask_246,209.74,11.36,4.63
mask_247,246.76,13.42,4.62
mask_248,142.59,9.12,3.92
mask_249,203.31,9.86,5.17
mask_250,114.98,8.43,3.42
mask_251,163.98,9.7,4.24
mask_252,145.12,7.61,4.79
mask_253,169.68,7.27,5.86
mask_254,109.75,7.69,3.58
mask_255,124.71,8.92,3.51
mask_256,180.59,9.39,4.83
mask_257,155.95,9.96,3.93
mask_258,190.05,11.82,4.04
mask_259,209.5,14.31,3.67
mask_260,209.36,10.36,5.07
mask_261,218.6,11.49,4.78
mask_262,234.88,14.79,3.99
mask_263,118.0,10.84,2.73
mask_264,173.11,10.76,4.04
mask_265,182.3,11.42,4.01
mask_266,227.89,12.6,4.54
mask_267,138.88,8.5,4.1
mask_268,182.9,11.19,4.1
mask_269,169.26,9.9,4.29
mask_270,145.89,7.5,4.88
mask_271,215.63,11.56,4.68
mask_272,238.78,12.69,4.72
mask_273,137.36,9.36,3.68
mask_274,178.06,10.93,4.09
mask_275,112.72,8.75,3.23
mask_276,228.03,13.33,4.29
mask_277,301.92,14.73,5.14
mask_278,178.89,9.39,4.78
mask_279,116.3,8.56,3.41
mask_280,161.75,10.65,3.81
mask_281,184.39,10.12,4.58
mask_282,157.66,8.79,4.5
mask_283,244.37,13.58,4.52
mask_284,178.78,10.7,4.19
mask_285,149.79,8.39,4.48
mask_286,203.09,12.69,4.02
mask_287,141.71,7.74,4.59
mask_288,159.47,10.12,3.96
mask_289,100.62,8.75,2.89
mask_290,204.08,11.85,4.32
mask_291,176.63,10.47,4.23
mask_292,153.97,9.9,3.9
mask_293,193.63,9.56,5.09
mask_294,204.57,12.88,3.99
mask_295,211.12,13.93,3.8
mask_296,170.91,8.7,4.93
mask_297,174.93,11.04,3.98
mask_298,282.45,13.47,5.26
mask_299,163.65,12.23,3.36
mask_300,208.97,12.4,4.23
mask_301,135.55,10.93,3.11
mask_302,116.96,8.3,3.54
mask_303,119.93,8.12,3.71
mask_304,164.53,10.4,3.97
mask_305,236.36,12.64,4.69
mask_306,235.37,11.93,4.95
mask_307,209.22,11.01,4.77
mask_308,207.27,11.89,4.38
mask_309,151.28,9.81,3.87
mask_310,143.36,10.03,3.59
mask_311,245.11,12.3,5.0
mask_312,138.35,11.01,3.15
mask_313,250.72,12.24,5.14
mask_314,170.42,10.57,4.05
mask_315,116.02,9.02,3.23
mask_316,198.58,10.81,4.61
mask_317,182.68,10.8,4.25
mask_318,219.15,12.23,4.5
mask_319,178.12,9.16,4.88
mask_320,147.34,8.2,4.51
mask_321,199.46,13.22,3.79
mask_322,189.67,11.71,4.07
mask_323,272.58,13.85,4.94
mask_324,146.71,10.12,3.64
mask_325,175.04,11.52,3.81
mask_326,158.76,7.85,5.08
mask_327,222.89,12.01,4.66
mask_328,218.93,10.76,5.11
mask_329,275.69,14.54,4.76
mask_330,172.45,9.83,4.4
mask_331,160.52,7.63,5.28
mask_332,174.43,12.32,3.55
mask_333,209.58,13.09,4.02
mask_334,188.84,12.46,3.8
mask_335,192.8,10.85,4.46
mask_336,128.78,7.96,4.06
mask_337,171.79,11.6,3.72
mask_338,178.34,12.66,3.54
mask_339,173.55,9.14,4.77
mask_340,118.17,7.74,3.83
mask_341,169.04,9.72,4.37
mask_342,193.79,10.32,4.71
mask_343,219.48,12.63,4.36
MaskID,Area(mm^2),Length(mm),Width(mm)
mask_0,203.42,11.71,4.36
mask_1,259.35,12.57,5.18
mask_2,209.69,13.44,3.92
mask_3,262.32,12.14,5.42
mask_4,225.64,13.11,4.32
mask_5,280.58,12.84,5.48
mask_6,295.16,15.47,4.79
mask_7,240.93,11.23,5.39
mask_8,282.4,13.77,5.15
mask_9,252.97,12.64,5.02
mask_10,251.49,12.77,4.94
mask_11,262.05,12.54,5.25
mask_12,239.33,12.68,4.74
mask_13,152.07,10.56,3.62
mask_14,211.12,12.03,4.41
mask_15,195.09,12.9,3.8
mask_16,204.66,12.65,4.06
mask_17,187.3,11.71,4.01
mask_18,246.76,13.14,4.71
mask_19,210.68,11.32,4.67
mask_20,209.8,11.13,4.73
mask_21,238.01,12.96,4.61
mask_22,194.95,10.6,4.61
mask_23,262.38,13.32,4.94
mask_24,195.61,11.68,4.2
mask_25,237.52,12.8,4.66
mask_26,263.31,12.4,5.33
mask_27,264.3,12.68,5.23
mask_28,286.14,13.28,5.41
mask_29,289.93,15.36,4.74
mask_30,182.02,12.75,3.58
mask_31,150.01,9.52,3.96
mask_32,173.28,10.98,3.96
mask_33,300.22,14.49,5.2
mask_34,234.82,12.99,4.54
mask_35,238.18,12.85,4.65
mask_36,275.52,14.77,4.68
mask_37,208.42,11.35,4.61
mask_38,268.92,13.06,5.17
mask_39,156.34,10.83,3.62
mask_40,189.67,10.04,4.74
mask_41,271.07,18.34,3.71
mask_42,353.29,16.06,5.52
mask_43,236.03,13.74,4.31
mask_44,263.86,14.71,4.5
mask_45,186.15,12.05,3.88
mask_46,220.96,11.09,5.0
mask_47,285.09,12.79,5.6
mask_48,309.13,15.3,5.07
mask_49,241.86,13.21,4.6
mask_50,260.01,13.29,4.91
mask_51,262.21,15.07,4.37
mask_52,165.74,9.89,4.21
mask_53,224.65,13.1,4.31
mask_54,206.0,10.89,4.75
mask_55,234.66,12.58,4.68
mask_56,269.53,14.0,4.83
mask_57,236.8,11.36,5.23
mask_58,227.78,12.31,4.64
mask_59,249.07,14.63,4.27
mask_60,251.65,14.73,4.29
mask_61,200.72,11.33,4.45
mask_62,231.08,13.85,4.19
mask_63,270.3,15.82,4.29
mask_64,203.64,13.01,3.93
mask_65,220.33,12.85,4.31
mask_66,189.75,11.66,4.09
mask_67,217.61,12.9,4.23
mask_68,190.6,10.61,4.51
mask_69,141.49,9.4,3.78
mask_70,273.21,13.98,4.9
mask_71,143.41,11.25,3.2
mask_72,208.75,12.26,4.27
mask_73,204.41,11.49,4.47
mask_74,170.64,11.45,3.74
mask_75,223.6,13.0,4.32
mask_76,158.87,10.05,3.97
mask_77,173.0,11.76,3.69
mask_78,251.43,13.66,4.62
mask_79,153.48,9.5,4.06
mask_80,253.85,13.12,4.86
mask_81,273.43,13.23,5.19
mask_82,181.36,11.57,3.93
mask_83,265.84,11.74,5.69
mask_84,204.74,12.27,4.19
mask_85,246.92,14.11,4.39
mask_86,212.71,11.67,4.57
mask_87,220.03,11.94,4.62
mask_88,222.39,12.63,4.42
mask_89,179.77,13.34,3.38
mask_90,240.98,14.81,4.08
mask_91,243.62,12.55,4.87
mask_92,210.51,11.78,4.48
mask_93,179.22,9.88,4.55
mask_94,245.27,11.05,5.57
mask_95,260.54,13.44,4.87
mask_96,174.98,10.87,4.04
mask_97,146.05,10.37,3.54
mask_98,208.31,10.59,4.94
mask_99,161.07,12.39,3.26
mask_100,142.04,10.11,3.53
mask_101,248.13,11.92,5.22
mask_102,235.48,12.08,4.89
mask_103,146.0,11.38,3.22
mask_104,256.22,13.6,4.73
mask_105,250.55,12.49,5.04
mask_106,256.49,12.73,5.06
mask_107,229.87,11.89,4.85
mask_108,226.52,13.15,4.32
mask_109,229.93,12.06,4.79
mask_110,242.8,14.06,4.33
mask_111,177.02,11.29,3.94
mask_112,207.43,12.48,4.17
mask_113,201.63,11.05,4.58
mask_114,252.81,15.01,4.23
mask_115,235.76,12.03,4.92
mask_116,169.43,10.75,3.96
mask_117,202.98,11.04,4.61
mask_118,197.31,10.79,4.59
mask_119,237.19,12.27,4.85
mask_120,123.78,9.22,3.37
mask_121,188.73,11.62,4.08
mask_122,196.16,11.85,4.15
mask_123,297.74,15.02,4.98
mask_124,205.31,11.87,4.34
mask_125,151.77,8.96,4.25
mask_126,309.98,14.94,5.21
mask_127,176.3,9.2,4.81
mask_128,223.49,11.05,5.08
mask_129,185.1,12.1,3.84
mask_130,164.86,12.54,3.3
mask_131,174.87,11.16,3.93
mask_132,274.23,13.81,4.99
mask_133,173.0,12.04,3.61
mask_134,208.86,12.72,4.12
mask_135,202.21,11.61,4.37
mask_136,156.45,9.25,4.25
mask_137,165.52,8.89,4.67
mask_138,213.21,10.52,5.09
mask_139,238.4,12.88,4.65
mask_140,249.73,14.33,4.38
mask_141,207.05,11.42,4.55
mask_142,178.17,10.53,4.25
mask_143,165.52,12.0,3.46
mask_144,234.88,12.57,4.69
mask_145,256.44,12.79,5.03
mask_146,105.96,7.69,3.46
mask_147,197.97,10.74,4.63
mask_148,181.03,10.47,4.34
mask_149,233.28,11.1,5.27
mask_150,142.48,9.58,3.73
mask_151,202.92,11.76,4.33
mask_152,129.55,9.62,3.38
mask_153,230.7,13.1,4.42
mask_154,123.23,9.41,3.29
mask_155,182.35,11.0,4.16
mask_156,194.12,11.67,4.18
mask_157,242.74,12.26,4.97
mask_158,141.1,9.71,3.65
mask_159,176.36,12.45,3.55
mask_160,169.37,9.53,4.46
mask_161,240.16,13.22,4.56
mask_162,295.93,14.58,5.1
mask_163,283.39,12.32,5.78
mask_164,208.7,10.33,5.07
mask_165,149.46,9.55,3.93
mask_166,138.02,9.42,3.68
mask_167,173.06,9.46,4.59
mask_168,304.51,14.16,5.4
mask_169,199.84,11.32,4.43
mask_170,151.28,10.04,3.78
mask_171,126.14,10.41,3.04
mask_172,198.96,12.16,4.11
mask_173,216.67,12.73,4.27
mask_174,183.89,9.74,4.74
mask_175,190.05,11.27,4.23
mask_176,211.61,10.65,4.99
mask_177,133.24,8.52,3.93
mask_178,150.89,10.51,3.6
mask_179,282.84,18.15,3.91
mask_180,211.61,10.94,4.86
mask_181,197.09,10.07,4.91
mask_182,150.18,10.15,3.72
mask_183,309.9,15.02,5.18
mask_184,161.95,11.07,3.67
mask_185,224.87,14.26,3.96
mask_186,193.93,12.08,4.03
mask_187,208.53,10.55,4.96
mask_188,291.97,13.78,5.32
mask_189,214.64,11.71,4.6
mask_190,225.86,12.08,4.69
mask_191,185.65,12.6,3.7
mask_192,113.0,9.05,3.14
mask_193,137.25,11.04,3.12
mask_194,218.27,11.72,4.67
mask_195,149.52,9.82,3.82
mask_196,204.68,12.52,4.11
mask_197,191.54,10.47,4.59
mask_198,212.16,11.36,4.69
mask_199,265.13,16.2,4.11
mask_200,303.46,13.83,5.51
mask_201,230.4,12.14,4.76
mask_202,196.71,13.84,3.57
mask_203,229.57,13.3,4.33
mask_204,140.0,6.69,5.25
mask_205,221.79,13.29,4.19
mask_206,285.29,14.91,4.8
mask_207,237.41,14.12,4.22
mask_208,157.77,13.06,3.03
mask_209,236.09,13.45,4.41
mask_210,207.76,13.34,3.91
mask_211,235.59,13.16,4.49
mask_212,194.23,10.77,4.53
mask_213,173.5,9.32,4.67
mask_214,203.39,11.11,4.59
mask_215,297.17,14.95,4.99
mask_216,204.74,13.44,3.83
mask_217,238.67,14.85,4.03
mask_218,130.54,8.04,4.08
mask_219,162.44,8.46,4.82
mask_220,213.32,11.56,4.63
mask_221,150.01,9.17,4.1
mask_222,238.4,13.04,4.59
mask_223,214.42,10.42,5.17
mask_224,177.84,9.93,4.5
mask_225,191.02,9.19,5.22
mask_226,231.47,11.75,4.95
mask_227,134.28,10.56,3.19
mask_228,203.58,9.42,5.43
mask_229,154.74,9.25,4.2
mask_230,232.35,11.8,4.94
mask_231,143.52,12.23,2.95
mask_232,180.51,11.15,4.06
mask_233,253.25,12.21,5.21
mask_234,137.25,10.49,3.28
mask_235,272.88,13.04,5.25
mask_236,211.61,12.84,4.14
mask_237,204.68,10.78,4.77
mask_238,226.85,12.38,4.6
mask_239,187.96,8.81,5.36
mask_240,195.94,11.41,4.31
mask_241,118.72,8.51,3.5
mask_242,161.84,9.26,4.39
mask_243,226.79,11.73,4.85
mask_244,220.44,12.44,4.45
mask_245,245.77,10.85,5.69
mask_246,124.05,9.86,3.16
mask_247,231.14,13.57,4.28
mask_248,268.68,18.16,3.71
mask_249,204.57,11.84,4.34
mask_250,146.16,11.28,3.25
mask_251,162.17,9.59,4.24
mask_252,202.12,11.01,4.61
mask_253,100.57,8.68,2.91
mask_254,153.37,9.09,4.24
mask_255,207.05,13.19,3.94
mask_256,216.18,11.66,4.65
mask_257,120.48,9.96,3.04
mask_258,136.87,10.11,3.4
mask_259,154.63,10.17,3.82
mask_260,131.15,8.36,3.94
mask_261,195.39,11.87,4.13
mask_262,275.14,13.48,5.12
mask_263,146.93,9.46,3.9
mask_264,174.6,11.91,3.68
mask_265,251.49,13.72,4.6
mask_266,159.42,10.36,3.86
mask_267,139.95,10.67,3.29
mask_268,190.93,12.88,3.72
mask_269,183.84,11.67,3.95
mask_270,218.76,11.27,4.87
mask_271,170.47,9.42,4.54
mask_272,232.13,10.73,5.43
mask_273,183.18,11.37,4.05
mask_274,236.25,11.05,5.36
mask_275,220.14,12.56,4.4
mask_276,221.24,12.91,4.3
mask_277,237.85,13.64,4.38
mask_278,148.31,10.53,3.53
mask_279,159.14,9.69,4.12
mask_280,168.44,11.1,3.81
mask_281,261.28,13.81,4.75
mask_282,163.38,11.7,3.51
mask_283,163.82,10.37,3.97
mask_284,138.46,10.01,3.47
mask_285,171.74,11.02,3.91
